transaction_id,customer_id,amount,transaction_date
1,56,10576.73,2026-03-15 20:54:33.526512
2,963,1259.81,2025-08-05 08:41:19.948622
3,812,2572.39,2026-05-26 20:37:23.513497
4,771,1366.76,2025-06-02 04:36:57.187354
5,793,1131.03,2026-04-29 03:48:54.034183
6,939,1056.3,2025-10-04 12:26:02.703044
7,483,1404.88,2026-03-04 20:21:35.030829
8,200,914.24,2026-01-01 17:42:06.995667
9,553,2762.8,2025-11-28 00:59:23.226489
10,730,4147.27,2025-08-15 01:22:35.061707
11,722,4289.2,2026-01-11 20:33:17.044994
12,457,516.76,2025-12-11 01:58:18.916508
13,41,4524.98,2025-10-28 07:53:52.671245
14,350,,2026-05-06 01:55:35.384658
15,936,740.12,2026-03-01 16:14:27.891148
16,521,2594.78,2025-08-02 01:34:21.009976
17,483,726.81,2026-05-11 17:34:56.578796
18,229,108.84,2025-06-04 07:37:54.908087
19,347,935.59,2026-03-24 21:31:55.621496
20,908,2556.43,2025-10-13 05:30:14.189117
21,595,791.9,2025-06-28 12:58:58.257346
22,760,1986.12,2025-10-23 04:04:51.583867
23,415,2158.32,2025-06-18 18:14:40.707453
24,570,2646.53,2025-11-16 05:31:16.316684
25,200,4548.59,2025-11-22 10:58:01.578037
26,670,1133.26,2025-11-12 06:25:47.310156
27,389,,2026-03-27 01:45:28.592845
28,412,768.17,2026-01-17 15:28:25.191068
29,577,1131.86,2025-06-23 12:39:46.479850
30,942,2502.77,2025-10-17 15:51:53.953876
31,39,26.42,2025-12-05 15:23:12.565312
32,793,758.97,2025-06-02 01:56:18.613834
33,243,3026.82,2026-02-14 08:52:43.181844
34,415,,2026-01-31 18:06:36.254330
35,1,,2026-04-24 08:02:59.780200
36,255,3340.61,2025-10-10 15:42:50.028340
37,437,3057.89,2025-10-28 13:58:58.841471
38,31,2292.56,2025-07-28 03:45:18.299577
39,415,1158.43,2026-04-16 22:10:50.180408
40,939,8220.74,2025-07-23 12:49:38.798732
41,98,1683.63,2026-01-12 21:16:25.546330
42,740,453.22,2026-05-05 02:16:47.573873
43,369,692.92,2026-03-26 22:20:56.034393
44,577,2365.48,2026-03-06 20:29:43.182207
45,220,5173.6,2025-11-27 08:44:15.320745
46,195,393.78,2026-05-10 04:13:19.076450
47,198,171.87,2026-02-03 19:14:22.825011
48,47,4266.21,2025-12-11 09:44:36.802446
49,200,4936.76,2025-11-05 01:23:56.877262
50,592,646.98,2025-09-30 15:55:35.922411
51,893,947.33,2026-05-20 06:50:21.895653
52,787,2158.73,2025-08-08 09:50:32.641896
53,619,800.75,2026-05-08 16:09:32.428555
54,103,4193.72,2025-06-22 08:09:24.238985
55,240,227.63,2025-12-01 11:22:28.640650
56,271,77.44,2026-03-25 14:31:21.078191
57,200,467.62,2025-12-08 18:08:18.969769
58,457,673.99,2026-02-01 12:24:56.774690
59,481,239.66,2025-08-04 23:58:50.240230
60,332,135.89,2025-07-27 18:42:35.465014
61,331,2817.96,2025-06-05 15:40:16.211783
62,795,358.92,2025-11-02 08:10:34.165140
63,760,4905.01,2025-07-25 21:34:24.137699
64,267,917.73,2026-05-29 01:23:59.364621
65,930,2221.0,2025-11-28 00:49:02.670930
66,963,510.82,2025-06-08 03:17:07.779118
67,293,549.72,2025-06-18 14:25:31.733539
68,331,1709.96,2025-09-30 23:29:33.165980
69,442,1644.89,2026-05-10 13:50:35.745160
70,949,2928.33,2026-01-26 10:18:45.328840
71,886,2836.09,2025-07-17 15:15:28.098243
72,92,2221.5,2025-10-25 20:16:09.676933
73,365,1192.51,2026-03-15 02:07:33.087366
74,483,4426.23,2026-05-23 14:18:54.359045
75,439,1948.79,2025-09-30 05:34:30.766112
76,200,9250.44,2025-08-31 13:02:00.313647
77,835,3422.61,2026-04-08 23:10:47.390634
78,611,90.64,2026-05-16 02:22:18.618829
79,810,773.07,2025-08-26 18:39:41.016340
80,834,1696.68,2025-08-08 20:40:05.444131
81,733,2556.46,2025-11-04 03:00:46.460131
82,403,1598.51,2025-09-08 06:10:55.544393
83,543,3084.78,2025-06-24 03:55:04.190778
84,198,664.4,2025-12-15 05:04:45.460688
85,605,406.47,2026-02-13 04:42:23.664026
86,200,110.85,2025-07-29 03:00:48.240595
87,640,1703.41,2025-12-10 15:32:55.818894
88,200,2333.35,2026-02-19 16:26:46.852586
89,117,789.49,2026-03-15 07:27:40.029702
90,200,1901.68,2026-05-03 07:35:03.252924
91,1,107.13,2025-12-29 12:18:23.813704
92,705,209.15,2025-07-22 02:11:48.357985
93,711,2419.68,2025-05-30 14:07:21.288194
94,457,917.95,2026-03-12 10:55:30.239417
95,200,2225.43,2026-04-04 04:30:54.321974
96,59,3564.27,2026-02-13 18:12:02.818278
97,1,3829.52,2026-01-21 08:30:27.248145
98,200,377.89,2026-03-14 10:28:22.004762
99,903,1332.18,2025-07-19 02:30:11.647056
100,200,2647.97,2025-10-06 12:46:06.636961
101,331,2974.27,2025-07-05 02:29:20.150454
102,98,3071.22,2025-06-07 20:20:15.364441
103,200,517.98,2026-01-27 20:23:53.144744
104,457,427.71,2025-09-20 17:37:25.074509
105,543,1783.26,2026-02-11 00:41:19.827420
106,200,2702.52,2026-04-03 00:28:23.818353
107,33,768.8,2026-04-04 07:04:46.865854
108,365,221.2,2025-10-27 22:42:52.593531
109,200,2522.83,2025-11-01 16:17:00.541204
110,200,712.49,2025-06-23 14:09:22.205287
111,965,363.91,2025-07-11 08:31:58.689798
112,552,319.69,2025-10-01 02:06:23.821982
113,483,756.41,2026-03-12 19:29:52.640056
114,377,1796.3,2026-05-11 08:25:31.003040
115,392,887.59,2026-01-24 09:39:35.452337
116,483,41.76,2025-11-17 07:14:02.735132
117,646,203.86,2025-09-10 00:20:11.646487
118,661,686.4,2026-04-03 06:41:50.954378
119,200,2155.88,2025-06-03 14:40:42.352916
120,433,207.42,2026-01-21 08:10:09.630228
121,371,1644.95,2025-06-25 04:45:57.305088
122,869,255.41,2026-05-20 15:44:09.447498
123,570,475.54,2026-05-07 02:27:29.005024
124,475,377.94,2026-03-04 02:29:43.629035
125,109,139.19,2025-07-08 22:03:03.319702
126,543,,2026-05-09 15:15:11.260922
127,115,1245.02,2026-03-02 12:58:10.303334
128,297,3556.35,2025-07-02 19:15:49.361006
129,166,208.26,2026-05-03 12:35:48.775358
130,635,312.68,2025-06-24 17:31:08.635218
131,200,731.89,2025-07-09 06:18:32.276386
132,365,2903.72,2026-02-23 18:01:35.244516
133,909,729.87,2025-08-06 15:50:41.994491
134,200,,2026-05-12 10:04:05.537515
135,443,717.94,2025-08-31 21:05:20.308021
136,379,167.25,2026-03-19 15:59:17.771569
137,1,5608.03,2025-08-09 05:08:42.873511
138,761,1590.53,2025-08-21 01:40:20.891739
139,42,3100.76,2025-06-13 04:10:14.456087
140,415,2147.98,2025-08-03 11:38:57.354070
141,483,1444.14,2026-05-14 08:19:33.879820
142,570,187.91,2025-11-06 08:24:09.856208
143,628,2058.55,2025-11-04 08:18:46.838826
144,206,337.71,2026-01-05 17:53:30.904201
145,1,1070.18,2026-01-30 02:41:59.406779
146,705,1983.72,2025-10-10 06:34:26.174347
147,481,3048.62,2026-01-23 16:27:53.588493
148,809,2310.65,2025-11-09 10:48:52.024065
149,793,2226.64,2026-03-10 00:17:09.232263
150,824,322.79,2026-04-06 23:27:30.830371
151,415,849.69,2025-09-24 09:46:46.730963
152,296,87.72,2025-10-06 08:11:09.176458
153,761,2542.2,2026-05-01 09:07:51.271548
154,415,6097.67,2026-03-01 13:27:35.726196
155,200,613.35,2025-09-10 09:15:23.829214
156,829,183.57,2025-11-28 07:36:16.180663
157,894,1290.89,2026-01-26 21:59:43.551371
158,415,3885.61,2025-11-27 14:44:31.799127
159,55,1605.81,2026-04-16 12:04:16.266456
160,365,95.81,2026-05-19 09:09:46.647676
161,768,7320.37,2025-07-13 11:29:04.595563
162,914,3528.09,2026-02-08 06:29:00.164220
163,200,282.19,2026-05-21 23:38:10.021520
164,40,5096.91,2026-04-07 18:50:23.650136
165,886,1198.18,2025-06-27 15:09:14.179072
166,365,930.11,2025-09-10 07:50:55.548577
167,483,1236.28,2025-10-27 18:30:17.038225
168,965,3598.44,2026-02-14 02:34:04.811196
169,39,,2025-07-20 11:11:04.814777
170,577,122.15,2026-05-12 08:42:46.084986
171,51,6321.42,2026-03-05 10:38:06.030224
172,357,319.83,2026-05-01 13:11:44.245383
173,768,2737.44,2025-12-28 20:09:25.648057
174,396,2021.95,2025-11-27 10:15:19.913056
175,992,,2026-05-03 00:28:48.688931
176,483,374.42,2025-06-10 18:09:47.252221
177,291,4085.49,2026-05-07 02:20:56.762320
178,200,1088.4,2025-06-09 11:46:36.582384
179,324,2125.97,2026-02-08 18:05:10.361343
180,350,1402.65,2025-07-10 01:32:15.790578
181,42,2599.16,2026-04-28 14:07:05.234682
182,347,1304.94,2026-03-22 00:22:12.641049
183,415,677.61,2026-01-10 20:31:01.646095
184,705,903.18,2025-09-16 03:06:42.573950
185,581,3919.09,2025-09-30 11:09:19.425776
186,681,,2025-08-03 08:49:31.044768
187,1,480.2,2025-08-20 19:59:48.358289
188,200,5454.63,2026-02-27 03:13:56.539075
189,588,3185.17,2026-01-17 11:42:55.338120
190,415,114.55,2026-04-12 03:25:26.396799
191,1,13704.57,2025-09-30 05:02:43.194907
192,770,2374.41,2025-12-14 23:07:09.069504
193,746,349.34,2025-06-11 01:10:50.796495
194,483,,2026-04-29 22:30:03.838069
195,39,2358.21,2026-02-10 02:15:04.280341
196,741,3026.08,2025-10-27 21:45:17.866252
197,521,546.34,2025-07-16 05:26:49.913118
198,751,594.03,2025-07-17 04:01:48.016045
199,733,733.8,2025-07-30 19:37:11.248326
200,768,1822.7,2025-11-14 15:52:48.499248
201,457,377.04,2026-03-19 21:38:08.229378
202,158,220.17,2025-10-04 13:06:32.920696
203,603,2271.78,2025-07-04 04:57:42.510808
204,561,3020.07,2026-03-08 06:59:31.043968
205,729,1390.02,2026-01-29 17:43:23.869756
206,200,904.59,2025-12-15 16:27:48.735928
207,200,1131.42,2026-02-07 03:57:23.998447
208,903,983.38,2025-10-30 00:35:42.125439
209,733,6437.0,2025-08-17 00:48:57.262019
210,921,2922.81,2025-12-13 18:12:50.661981
211,734,466.61,2025-10-05 04:55:46.661648
212,540,969.63,2026-01-18 05:34:07.450292
213,577,1570.58,2026-05-14 00:14:16.639000
214,901,1898.59,2025-11-19 21:39:23.485078
215,511,1262.92,2025-12-10 05:11:52.563397
216,570,3322.8,2025-07-24 21:59:33.418208
217,191,2918.64,2026-02-05 15:01:56.009871
218,415,1407.03,2025-11-03 06:33:35.968536
219,700,3854.19,2026-01-13 17:19:15.717254
220,229,2781.32,2025-12-22 21:29:08.290821
221,200,3015.4,2025-12-25 15:53:08.879624
222,281,6265.43,2025-10-17 19:39:26.198632
223,200,619.77,2025-11-25 06:39:40.974124
224,200,622.99,2025-08-11 03:51:04.026580
225,386,4395.59,2025-11-15 16:06:38.524656
226,920,2958.81,2025-10-30 13:34:32.518915
227,442,5222.18,2025-09-10 09:03:57.648882
228,200,130.42,2025-07-28 01:46:11.360580
229,56,1976.42,2026-05-20 05:54:52.508245
230,645,312.44,2025-11-01 09:02:43.946666
231,365,1401.94,2026-05-27 04:02:03.255932
232,793,338.61,2026-02-14 13:45:50.073930
233,587,274.11,2026-03-07 10:35:47.698779
234,762,24.49,2026-01-04 18:40:50.214674
235,229,1989.8,2026-01-22 10:09:40.361567
236,636,889.52,2026-02-24 22:07:06.805794
237,229,222.28,2025-12-24 06:55:50.886551
238,945,779.69,2025-10-09 04:57:16.071768
239,572,370.12,2026-03-22 23:07:04.700212
240,291,5684.13,2025-06-11 11:12:47.690420
241,229,771.34,2025-06-08 12:59:23.404514
242,200,812.79,2025-09-29 01:56:23.398003
243,641,3663.39,2025-06-02 15:29:19.647180
244,200,2086.86,2025-10-15 21:43:22.057191
245,536,2476.93,2025-12-28 15:34:25.406802
246,229,2021.21,2025-09-26 20:44:21.069893
247,588,5844.83,2025-08-28 02:09:46.782524
248,788,463.87,2025-12-22 16:51:01.643000
249,751,9026.87,2026-04-17 21:50:13.418220
250,740,3555.19,2026-05-07 06:16:19.784688
251,200,1778.19,2026-03-01 15:42:14.008366
252,68,2171.62,2025-09-16 18:57:06.474555
253,655,2092.95,2025-10-08 02:02:13.699209
254,347,120.34,2025-06-12 04:00:24.593523
255,396,491.84,2025-09-18 05:54:13.563587
256,5,6512.68,2025-05-31 12:01:17.298616
257,218,1528.7,2025-10-16 01:42:34.010117
258,5,950.77,2026-01-31 21:23:41.434417
259,887,2871.29,2026-01-05 08:25:01.904479
260,200,1486.86,2025-12-23 14:36:01.137515
261,483,26.5,2026-01-31 13:25:02.263430
262,11,2665.41,2025-06-04 14:23:34.822747
263,595,2635.16,2026-05-12 17:00:51.931648
264,291,361.0,2025-11-08 20:39:49.940503
265,914,6277.36,2025-08-28 11:20:06.816303
266,901,506.97,2025-07-14 15:06:31.321552
267,293,1224.05,2026-03-20 11:11:06.199611
268,914,243.74,2026-04-11 18:19:14.891138
269,988,1849.06,2025-06-03 21:21:34.205855
270,793,941.45,2025-07-03 19:15:35.398702
271,828,871.35,2026-02-26 09:49:33.728928
272,200,3508.66,2026-03-04 13:10:02.680605
273,505,19.22,2025-06-02 03:58:36.251720
274,41,3198.45,2025-10-29 17:10:19.561495
275,74,1694.69,2025-10-02 03:03:54.824461
276,997,8551.52,2025-11-30 22:49:37.794593
277,293,1780.48,2025-09-17 16:55:32.558550
278,733,113.94,2025-10-19 17:08:33.048036
279,772,103.95,2026-05-06 02:03:16.556989
280,832,4293.78,2025-07-15 00:20:09.101593
281,993,3680.4,2025-12-01 05:33:21.607387
282,200,848.96,2025-07-03 07:06:58.862495
283,12,1924.84,2025-12-13 18:23:44.106053
284,369,1345.09,2026-05-17 10:23:20.439098
285,135,6832.46,2025-11-04 09:07:56.028564
286,1,5989.9,2026-01-07 23:11:07.914300
287,333,8250.31,2025-11-19 22:22:13.707091
288,754,4026.54,2026-04-24 20:36:37.326004
289,483,4805.95,2026-02-27 02:03:48.157003
290,279,489.96,2026-04-18 05:06:25.714559
291,577,3555.79,2025-11-10 03:37:20.715763
292,200,2467.88,2026-01-09 06:55:29.542333
293,1,6582.17,2025-11-21 00:46:34.705435
294,740,1693.82,2025-06-18 06:22:39.689090
295,565,178.03,2025-12-31 05:51:10.884031
296,740,1819.62,2025-07-24 04:09:45.150744
297,11,2320.43,2026-01-16 01:11:59.618160
298,809,497.75,2025-12-12 17:28:51.873219
299,559,1002.12,2026-05-13 07:14:10.840575
300,483,1825.11,2025-12-16 21:24:47.937737
301,567,937.15,2025-07-05 05:13:25.945382
302,850,939.84,2025-10-27 15:41:59.224231
303,521,285.63,2025-12-22 07:20:32.444468
304,516,5651.87,2025-12-16 18:41:06.079360
305,986,2776.55,2025-07-21 17:58:03.783091
306,733,2.49,2026-01-26 14:53:15.236541
307,411,2901.57,2025-06-27 01:10:30.475831
308,676,2692.57,2026-05-14 02:56:19.983091
309,365,19.56,2025-07-21 21:11:06.911131
310,200,922.82,2026-02-16 00:32:34.553992
311,540,1866.61,2026-05-09 07:50:29.145225
312,939,1205.7,2026-02-22 02:08:57.598312
313,939,3010.03,2025-09-12 12:29:32.557188
314,305,1108.37,2025-06-23 22:40:53.995131
315,471,334.15,2026-01-19 20:36:33.725849
316,200,7494.34,2025-08-09 11:10:22.496419
317,987,554.25,2025-08-01 01:01:30.903829
318,977,2529.52,2025-09-21 19:49:22.842956
319,577,309.0,2025-09-11 11:34:54.823883
320,770,798.01,2026-01-15 12:41:59.104230
321,696,1166.89,2025-08-08 07:08:45.396240
322,534,426.96,2025-12-04 09:47:13.516924
323,26,1195.53,2025-12-09 04:30:31.221772
324,415,341.96,2025-12-18 05:52:59.912606
325,606,1637.45,2026-04-20 23:12:27.747039
326,613,2179.58,2025-08-21 15:04:19.902619
327,350,128.94,2026-01-06 08:50:52.039475
328,951,4097.94,2025-11-14 18:18:22.851947
329,200,409.48,2025-10-09 23:39:21.708091
330,433,510.72,2025-06-14 23:46:37.281591
331,633,2165.58,2025-06-15 19:23:46.809940
332,649,1265.05,2025-08-30 11:14:25.179228
333,577,1383.88,2025-08-04 23:32:21.025963
334,229,274.29,2026-03-09 06:11:31.398834
335,191,3277.07,2026-04-02 06:19:13.059546
336,572,1919.72,2026-01-24 17:48:18.791314
337,543,290.94,2025-11-14 13:20:18.961684
338,200,936.81,2025-11-22 13:26:46.430038
339,669,3325.78,2025-12-26 08:41:48.527452
340,415,1680.3,2025-07-22 00:35:11.709080
341,598,230.03,2025-06-01 12:27:42.499315
342,810,932.91,2025-09-18 05:18:55.036992
343,200,555.98,2025-12-29 04:08:09.915562
344,1,1457.41,2025-11-11 16:57:33.953829
345,751,3707.62,2025-08-09 17:42:28.467082
346,543,1146.35,2025-10-30 19:00:48.094969
347,657,1136.0,2025-06-19 10:48:27.879538
348,811,4715.16,2026-05-14 02:37:27.369457
349,768,1716.92,2026-04-03 10:54:24.270108
350,965,1670.3,2026-04-30 18:48:27.644538
351,482,607.38,2025-07-04 06:09:17.832793
352,415,1871.57,2025-09-27 18:34:01.098903
353,365,1715.62,2026-03-06 04:11:40.299582
354,189,1011.18,2026-02-18 06:35:31.109317
355,498,9354.53,2026-05-11 08:11:21.228353
356,229,4272.29,2025-12-24 03:51:36.817315
357,936,2769.28,2025-10-09 06:35:37.837567
358,520,1541.55,2025-10-12 23:47:11.245826
359,532,1240.02,2025-12-17 21:51:26.107029
360,331,408.88,2026-02-24 02:06:06.966295
361,25,729.81,2025-09-28 11:27:33.462137
362,5,2974.09,2025-10-02 17:54:31.746390
363,381,1209.35,2026-03-20 02:37:23.533016
364,60,4278.71,2025-12-28 04:08:28.601597
365,543,320.13,2025-08-31 01:20:48.416269
366,892,1419.96,2026-03-12 04:57:06.930790
367,895,2082.38,2025-08-11 15:16:01.088149
368,587,1454.85,2025-11-02 04:07:18.099426
369,200,4400.54,2025-10-26 02:50:06.125612
370,848,9124.85,2026-03-01 13:42:04.597614
371,901,246.22,2025-10-19 04:04:42.425567
372,200,278.42,2026-05-15 23:20:34.803984
373,720,279.27,2025-07-01 11:44:17.074149
374,240,,2025-11-02 06:00:19.532166
375,768,932.58,2025-12-16 08:39:46.077462
376,992,2643.37,2025-11-20 02:07:31.594431
377,5,1039.97,2026-02-11 09:52:26.221355
378,914,1975.61,2025-10-13 13:14:55.149731
379,563,2938.12,2026-05-17 10:59:25.540017
380,973,,2025-12-17 23:36:31.002354
381,415,1550.9,2025-11-13 15:59:54.540622
382,829,184.74,2025-07-18 20:03:09.448640
383,36,1057.92,2026-01-03 22:46:21.312835
384,296,1578.33,2025-12-15 02:25:02.152292
385,40,1239.72,2025-12-10 09:23:28.138725
386,973,4620.87,2026-01-03 23:41:10.693390
387,791,4740.24,2026-03-21 06:30:48.277158
388,829,3451.02,2026-03-05 14:10:23.154806
389,944,940.96,2026-04-30 16:25:46.508406
390,60,2526.73,2025-12-24 14:18:23.897129
391,365,1006.01,2026-05-19 11:32:33.327379
392,47,,2026-03-05 15:17:07.958354
393,200,839.85,2025-12-08 18:43:28.593513
394,200,147.22,2026-02-07 13:40:44.406104
395,415,806.27,2025-12-18 14:40:33.187531
396,229,1235.12,2025-11-07 23:04:36.422551
397,88,6223.67,2026-04-20 13:27:40.024447
398,200,752.04,2025-08-21 11:22:23.183642
399,173,4654.85,2025-08-14 02:53:21.447195
400,973,519.77,2025-06-13 02:17:33.498033
401,737,423.84,2026-01-17 08:10:20.045661
402,965,1463.76,2026-05-18 23:18:34.529827
403,403,2232.6,2025-09-25 10:53:30.074494
404,229,90.69,2026-02-28 06:34:38.423814
405,767,499.66,2026-04-06 17:39:00.321041
406,293,1216.45,2025-08-23 10:04:03.087768
407,253,803.96,2025-08-24 02:43:37.436251
408,200,2493.91,2026-03-27 10:32:44.243479
409,135,,2025-09-06 19:08:22.439053
410,207,349.56,2026-05-29 04:10:47.546452
411,331,4497.43,2025-07-24 18:56:26.985862
412,605,693.18,2025-08-17 23:52:54.656757
413,36,2627.06,2025-06-21 14:07:39.891428
414,200,3027.49,2026-02-25 04:38:38.470184
415,776,6602.22,2025-10-12 23:44:54.526331
416,172,1380.33,2026-03-03 21:39:29.877262
417,306,1913.37,2025-11-20 13:47:14.698372
418,851,815.56,2025-12-07 06:49:25.720649
419,191,2267.52,2026-02-20 09:19:03.521942
420,58,1244.94,2026-02-13 08:16:23.434045
421,415,1151.27,2025-08-09 16:27:00.020708
422,259,3868.5,2025-06-28 21:28:00.573598
423,483,102.94,2025-09-03 23:46:11.309292
424,768,4273.5,2026-04-26 17:38:07.392806
425,149,3822.03,2026-01-29 16:22:57.970281
426,515,1411.92,2025-09-19 11:40:34.328514
427,442,1347.48,2025-12-16 05:51:34.407748
428,169,898.23,2025-08-06 18:11:42.990982
429,565,10290.78,2025-07-04 17:35:58.206473
430,229,,2025-12-02 01:07:29.232465
431,415,1784.25,2026-05-26 19:20:07.190640
432,56,2289.41,2026-01-18 20:22:18.219046
433,415,5446.23,2025-06-08 02:09:25.778007
434,267,3030.11,2026-02-20 17:57:37.061912
435,793,2064.79,2026-01-02 14:02:53.596042
436,33,248.44,2026-04-26 07:29:00.007143
437,379,935.96,2026-04-02 21:06:30.608225
438,415,298.95,2026-02-25 03:05:44.895615
439,706,4260.84,2025-09-29 08:36:47.556018
440,503,2769.56,2025-07-09 13:31:16.388138
441,596,2833.81,2025-11-19 10:14:05.645429
442,751,2112.58,2025-10-27 21:24:39.399685
443,846,1414.67,2026-03-01 20:38:29.333315
444,281,324.97,2025-06-28 23:16:16.157499
445,483,800.04,2025-11-18 15:15:20.089438
446,818,294.49,2026-04-23 17:39:38.766176
447,986,2581.34,2025-10-31 06:29:13.381814
448,901,349.25,2025-10-28 20:43:40.038281
449,350,2422.09,2026-01-05 17:02:03.002388
450,200,2356.97,2025-07-27 08:02:03.471412
451,415,1229.8,2025-06-09 19:04:23.952308
452,729,290.58,2025-06-21 18:15:37.042916
453,415,756.09,2025-09-16 18:14:37.173143
454,415,771.6,2026-04-30 22:08:47.796562
455,812,2410.51,2025-08-21 08:48:52.760324
456,333,241.5,2026-04-10 06:20:17.067684
457,838,3532.99,2025-12-22 15:29:20.551850
458,365,2862.64,2025-06-06 21:35:00.512202
459,293,412.34,2025-07-28 07:48:41.956223
460,415,2539.97,2025-08-21 04:05:24.897350
461,740,2208.33,2026-01-10 16:42:15.880733
462,131,2757.61,2026-02-04 00:47:38.228264
463,200,418.8,2025-07-14 08:34:09.344267
464,963,342.98,2025-07-06 17:04:11.801575
465,200,539.64,2025-07-01 19:29:49.652194
466,485,911.01,2025-06-07 00:20:20.501086
467,513,3156.51,2025-06-04 05:28:46.839265
468,415,2678.24,2025-10-06 05:11:29.640990
469,577,5192.61,2026-04-18 19:12:26.146724
470,200,120.84,2025-10-14 05:57:28.672236
471,483,23.25,2025-10-10 10:37:17.610126
472,350,2402.21,2026-05-15 14:57:48.122729
473,588,655.03,2025-11-16 07:46:12.290714
474,161,813.17,2025-10-30 02:55:27.905245
475,492,1582.85,2025-07-25 10:20:38.146692
476,200,216.09,2026-03-17 03:32:25.011755
477,229,2058.33,2026-01-26 12:46:57.404704
478,200,786.52,2025-08-18 13:00:43.797965
479,200,2003.24,2026-05-12 15:19:44.369110
480,793,3591.62,2025-08-27 22:15:12.437381
481,239,375.34,2025-12-26 14:31:47.659344
482,939,5343.62,2026-01-07 00:18:34.624846
483,971,1512.98,2025-11-14 02:25:59.091568
484,494,5126.02,2025-12-21 08:56:43.036701
485,166,465.71,2025-11-28 04:03:16.127476
486,356,1855.53,2025-11-29 02:13:38.481606
487,766,1034.65,2026-01-16 10:14:58.734339
488,345,2976.41,2026-01-29 04:48:03.323720
489,64,1862.35,2025-08-28 08:08:14.217590
490,483,1364.48,2025-10-04 13:33:45.705656
491,828,4883.36,2026-01-26 03:35:17.745842
492,761,946.79,2026-05-06 22:54:16.172937
493,200,496.87,2026-04-22 19:30:49.119118
494,604,1873.5,2026-01-15 06:26:37.766480
495,200,1956.48,2025-06-15 07:13:30.283165
496,200,1156.41,2026-03-16 11:31:22.551170
497,878,1333.44,2026-03-08 20:47:44.251122
498,200,6415.55,2026-05-26 20:37:10.819812
499,228,2638.66,2025-10-28 02:23:45.013554
500,1,234.42,2025-10-03 12:48:07.945963
501,869,476.84,2026-04-11 15:20:20.674075
502,761,7424.43,2025-10-05 06:25:49.381186
503,568,2592.66,2026-05-09 08:52:23.361351
504,733,4931.27,2025-12-18 11:55:44.494707
505,185,724.41,2025-06-23 06:22:45.462020
506,415,2708.56,2025-07-06 09:26:47.115339
507,324,2503.55,2026-04-20 12:38:50.873060
508,72,698.24,2025-12-26 05:14:46.076152
509,415,1600.65,2026-04-29 18:17:06.992031
510,936,1974.58,2025-11-23 10:48:21.237103
511,12,1312.21,2026-01-20 02:32:55.533067
512,242,3510.99,2025-07-12 02:57:29.938911
513,200,3577.96,2025-08-29 00:27:22.562201
514,200,3802.26,2025-08-12 19:08:39.428822
515,921,3253.41,2026-04-18 22:33:50.555973
516,415,1339.19,2026-05-12 14:10:38.809668
517,415,960.72,2025-07-19 15:36:34.531846
518,739,3560.17,2026-02-24 01:33:27.088295
519,191,1347.48,2025-06-13 06:42:54.433134
520,415,565.71,2025-11-23 04:25:20.395572
521,395,1415.89,2025-06-28 18:11:13.351439
522,540,305.95,2025-06-17 10:26:10.547816
523,1000,2352.91,2026-02-25 22:33:17.523522
524,744,818.71,2026-02-19 06:44:06.565828
525,365,603.99,2025-07-23 20:24:25.649158
526,793,6270.39,2025-08-29 02:54:12.999046
527,200,3000.1,2025-11-25 19:13:29.980052
528,5,3093.58,2026-02-03 18:49:47.566715
529,200,1954.85,2025-10-12 02:28:47.397807
530,301,3654.85,2026-01-21 18:50:52.362093
531,447,2847.27,2025-09-07 19:21:21.121154
532,550,1826.46,2025-12-30 13:35:55.619240
533,928,6494.78,2025-08-21 05:54:53.261235
534,446,425.38,2026-03-10 00:36:03.856855
535,434,5742.78,2025-11-16 12:08:30.772771
536,24,1026.45,2025-12-23 00:06:20.150983
537,6,1503.24,2026-02-27 20:26:15.954296
538,483,261.9,2025-11-06 10:17:32.930772
539,401,1553.52,2026-04-11 08:38:43.794462
540,814,1889.42,2026-03-18 15:57:23.718363
541,199,12151.03,2025-06-01 13:30:48.988461
542,1,7393.21,2026-02-23 21:06:35.912701
543,415,6786.3,2026-05-22 01:19:19.105952
544,200,856.61,2026-04-27 11:54:33.386660
545,23,9481.18,2025-10-29 20:43:51.921732
546,705,1215.69,2025-11-02 02:19:29.302648
547,105,3818.87,2026-05-04 23:22:40.574435
548,543,487.51,2025-06-06 03:38:28.063074
549,229,1409.76,2025-06-21 17:23:29.225744
550,200,6763.5,2026-05-12 06:27:57.991804
551,365,5876.11,2026-02-14 08:00:21.189655
552,768,2302.35,2026-03-21 02:34:50.352934
553,365,3197.14,2025-07-25 09:11:00.739869
554,733,388.21,2025-08-17 13:00:49.747225
555,131,2557.81,2026-02-09 00:59:16.196128
556,746,1924.94,2025-06-25 12:40:26.783792
557,200,,2026-05-09 09:26:15.890821
558,613,240.18,2025-07-11 21:08:24.305722
559,483,229.57,2026-04-11 15:34:13.033655
560,939,2577.3,2025-11-25 04:16:16.029107
561,365,305.64,2026-02-08 11:19:44.408476
562,39,1261.22,2025-11-04 20:46:55.086511
563,1,883.16,2026-04-28 03:55:23.966155
564,793,1599.26,2026-02-01 03:54:38.450717
565,463,2451.6,2025-10-16 03:32:56.699117
566,747,2308.6,2025-09-01 10:29:44.037942
567,200,1449.36,2025-11-19 13:20:56.901103
568,311,1248.49,2025-06-02 23:38:56.963479
569,5,1014.38,2026-01-01 04:38:10.047061
570,965,3959.7,2026-03-02 07:54:36.173171
571,598,803.5,2025-12-30 14:14:51.088890
572,939,600.5,2025-06-30 00:45:12.239006
573,229,2719.82,2025-09-16 06:21:14.191560
574,543,891.84,2025-08-19 01:34:40.458333
575,613,3754.62,2025-11-13 05:46:12.940852
576,287,794.66,2025-08-05 21:20:29.495382
577,829,2420.95,2026-04-28 05:41:05.837024
578,963,92.32,2025-06-17 17:20:01.344138
579,899,974.1,2026-04-24 00:27:39.292522
580,724,840.84,2026-03-29 00:41:22.521062
581,229,3393.03,2026-05-08 18:53:30.728700
582,229,6825.86,2025-08-31 15:02:57.417933
583,965,1235.64,2025-07-10 07:08:12.757122
584,1,3484.07,2025-11-06 19:58:15.522586
585,699,2405.91,2026-03-18 07:40:28.593557
586,671,6846.03,2025-08-02 10:52:50.543997
587,563,3333.17,2026-02-27 08:26:51.155023
588,986,161.29,2026-03-28 18:58:55.077477
589,275,2498.51,2025-06-08 06:35:19.976347
590,300,1533.59,2025-08-10 03:16:14.006176
591,56,33.15,2026-04-05 12:15:48.563613
592,412,578.87,2025-09-11 15:08:07.805826
593,222,5095.83,2025-11-09 12:35:30.711059
594,307,5209.04,2026-05-19 04:54:21.238643
595,807,3207.41,2026-05-05 16:39:50.482886
596,941,8010.43,2026-03-23 08:46:13.977947
597,200,3285.42,2026-01-24 12:07:08.262806
598,350,20.51,2025-09-01 18:37:56.997423
599,939,678.89,2025-08-18 02:24:35.061900
600,35,62.21,2025-11-02 17:59:05.297594
601,68,197.67,2025-06-30 05:09:31.740367
602,200,493.95,2025-09-30 10:00:58.677205
603,536,1400.58,2025-09-07 18:46:53.511135
604,182,3761.6,2026-01-28 05:23:03.526882
605,965,3960.52,2025-10-01 10:29:22.981335
606,415,1915.28,2025-11-27 05:39:38.532335
607,434,5267.07,2025-09-15 03:18:27.771517
608,200,1386.54,2025-06-12 00:12:02.763614
609,415,,2026-05-22 08:41:13.838978
610,588,1210.51,2025-06-30 00:47:50.468356
611,733,649.31,2025-08-11 08:40:56.858756
612,733,4963.73,2025-11-25 07:28:30.386384
613,508,981.83,2026-01-19 11:45:15.644220
614,914,1399.96,2026-03-22 10:51:54.631197
615,791,797.56,2026-01-28 22:33:36.700772
616,733,2174.38,2026-03-19 23:58:49.555506
617,30,10609.16,2026-02-12 21:10:22.644538
618,1,51.69,2026-01-11 22:40:47.354249
619,200,4602.13,2025-08-16 18:17:42.871917
620,591,7.87,2025-09-18 01:08:56.154674
621,369,905.83,2026-05-20 01:29:03.436769
622,365,369.3,2026-04-03 16:37:07.843853
623,899,2832.2,2025-08-14 12:30:20.874994
624,908,103.87,2025-09-25 20:37:34.625034
625,924,1612.56,2026-02-10 22:34:27.453178
626,281,698.91,2026-04-18 04:26:39.693331
627,633,286.98,2026-01-04 07:17:21.430509
628,229,2955.23,2025-11-11 22:35:32.064363
629,200,490.31,2025-08-27 11:03:30.046309
630,200,506.37,2025-07-29 02:06:56.857948
631,305,643.38,2025-06-05 12:37:03.635978
632,395,1767.49,2025-12-30 21:28:58.812303
633,800,2155.66,2025-06-14 08:54:05.500082
634,122,35.52,2025-11-11 18:24:59.865701
635,715,553.8,2025-07-12 21:22:57.760704
636,474,1127.65,2025-07-30 23:25:56.602821
637,240,806.87,2025-06-28 01:39:06.501511
638,415,4311.27,2026-03-18 08:42:21.063418
639,253,3099.59,2025-08-29 16:49:07.269166
640,539,1966.41,2026-02-13 06:47:31.771112
641,396,825.11,2025-10-23 11:23:06.743602
642,200,2412.43,2026-02-21 21:52:18.404944
643,113,3711.16,2026-05-11 05:46:37.101499
644,483,1806.9,2025-09-19 03:08:24.245074
645,914,3069.23,2025-10-06 08:51:18.138603
646,308,2765.44,2026-03-11 18:53:22.755814
647,711,1696.04,2025-10-24 22:59:49.927834
648,586,748.47,2025-07-25 01:47:03.063909
649,939,2739.13,2025-06-16 22:21:19.863615
650,793,463.35,2025-08-09 02:20:16.466895
651,483,3023.61,2025-10-19 07:38:23.314770
652,582,3264.87,2025-08-12 11:00:09.873253
653,914,3453.57,2026-03-22 12:18:14.316944
654,365,1280.79,2025-07-28 22:30:35.902106
655,293,427.58,2025-06-04 04:34:45.269013
656,1,210.11,2025-10-31 23:27:34.277000
657,793,2720.17,2026-01-01 02:25:55.924594
658,767,,2026-02-23 09:06:35.912364
659,97,2104.44,2025-10-14 21:28:56.673834
660,505,311.34,2025-06-21 02:06:52.947045
661,415,5463.55,2025-10-20 00:22:52.750708
662,118,9038.35,2025-06-12 14:54:11.688199
663,977,1136.13,2025-11-27 04:15:05.635859
664,200,1806.87,2026-01-28 06:00:42.325353
665,41,3003.22,2026-01-29 20:53:27.103555
666,535,2666.57,2026-01-13 18:16:19.431760
667,724,6870.78,2025-06-12 01:35:58.103384
668,5,244.07,2026-04-02 20:11:30.984314
669,586,1738.46,2025-06-13 20:05:49.084758
670,474,2354.87,2026-04-03 00:38:01.687507
671,94,4416.34,2025-11-18 21:33:40.309425
672,200,4144.69,2025-11-19 14:45:30.451888
673,486,7633.41,2025-07-02 13:54:05.647006
674,245,1435.2,2025-07-12 04:50:58.074258
675,944,3552.89,2026-01-07 13:53:13.985840
676,792,1114.72,2025-09-08 16:27:21.932518
677,977,1097.45,2026-02-19 08:36:35.275574
678,218,584.31,2026-01-30 21:44:57.696445
679,970,3410.11,2026-05-07 16:28:02.414832
680,396,8511.16,2026-05-28 20:38:42.445583
681,318,592.35,2026-02-09 07:07:06.378328
682,24,115.54,2026-05-01 16:08:46.078496
683,25,3380.67,2026-03-30 09:07:47.009126
684,635,1936.38,2025-11-23 11:49:29.567726
685,415,6422.75,2026-04-02 19:25:25.562640
686,200,581.34,2025-08-13 02:24:08.406045
687,547,147.35,2025-08-05 00:36:56.564182
688,206,1356.29,2025-10-09 19:18:21.526015
689,507,178.68,2025-11-13 08:26:41.966071
690,332,607.05,2025-08-12 17:04:44.326070
691,793,269.3,2025-12-11 08:58:45.622776
692,792,507.55,2026-03-21 19:50:43.381263
693,415,224.42,2026-04-17 02:42:26.872420
694,324,6154.14,2025-06-22 12:40:15.431307
695,333,653.02,2026-03-26 14:30:57.019336
696,772,1173.61,2025-09-12 09:51:04.795139
697,293,4577.6,2025-12-01 00:58:45.822215
698,200,2262.2,2025-12-10 20:18:29.979147
699,60,1924.87,2025-08-15 18:44:36.574292
700,415,2445.38,2025-08-11 02:49:21.768830
701,415,3530.11,2026-05-17 07:43:50.425810
702,819,4202.05,2026-03-19 18:56:25.875010
703,200,2058.02,2026-03-24 18:33:34.076923
704,365,4414.68,2025-12-27 05:54:03.871465
705,775,1533.15,2025-11-26 18:11:39.364635
706,793,649.5,2025-09-16 10:31:11.497268
707,365,4241.81,2026-04-20 02:16:18.534392
708,415,1559.47,2026-05-01 02:36:49.652097
709,262,4731.85,2025-06-27 12:19:41.390555
710,939,81.99,2025-12-27 23:31:29.175100
711,118,1013.39,2025-10-03 05:09:52.977461
712,940,5905.54,2025-07-21 22:04:02.378811
713,618,574.43,2025-10-08 09:03:45.042984
714,474,5678.7,2026-01-22 12:10:40.473365
715,5,6153.99,2025-11-05 18:37:28.013957
716,415,4276.55,2026-01-20 18:35:13.399179
717,365,1658.7,2025-10-23 14:27:40.864703
718,200,2082.23,2025-07-11 16:22:47.757249
719,580,4074.56,2025-11-22 17:24:34.475269
720,973,2991.3,2026-02-18 23:49:38.370701
721,483,1989.01,2025-11-28 00:52:25.031402
722,694,,2025-06-06 17:15:12.439419
723,41,2314.67,2025-09-12 10:05:27.203817
724,379,7416.69,2025-06-16 08:14:51.540673
725,112,118.2,2026-05-25 21:39:01.774959
726,544,299.23,2026-02-08 17:43:53.743018
727,944,1200.99,2025-10-07 19:51:54.361078
728,588,971.87,2026-02-26 19:28:41.903354
729,56,3053.27,2025-11-22 14:18:35.822589
730,331,350.17,2026-01-20 17:30:51.899108
731,483,7467.35,2026-02-23 01:29:04.113684
732,365,756.87,2025-11-10 11:58:59.343538
733,807,1120.46,2025-10-10 22:16:10.302336
734,787,642.46,2026-05-08 08:48:18.263077
735,543,1731.97,2026-01-04 01:11:33.092270
736,352,120.84,2025-10-04 15:16:27.872620
737,206,324.28,2025-07-02 07:18:03.456618
738,98,2739.25,2026-05-18 07:09:40.223175
739,331,,2025-09-02 23:16:47.431195
740,373,537.1,2025-10-12 19:01:15.387023
741,609,3149.9,2025-10-22 17:54:02.604571
742,584,195.89,2025-07-08 08:49:10.191096
743,46,1150.64,2026-04-27 05:42:02.297548
744,365,46.67,2026-02-14 11:55:05.594419
745,200,851.77,2025-12-15 13:52:43.905537
746,191,2401.17,2025-12-08 09:31:32.192358
747,793,188.85,2025-10-17 15:45:46.548343
748,13,4384.5,2025-08-24 05:49:59.001660
749,379,4804.79,2026-01-23 19:51:33.657974
750,200,221.84,2025-12-28 11:44:23.885647
751,887,9362.47,2025-06-20 16:34:51.965224
752,483,706.3,2026-03-24 20:23:27.291327
753,200,175.7,2025-06-20 08:57:06.764071
754,436,10.16,2025-06-30 00:49:38.187698
755,711,1050.26,2025-07-24 09:07:27.013574
756,963,1987.48,2025-11-30 12:23:25.792786
757,200,807.47,2026-05-21 16:50:16.796029
758,901,3624.55,2026-02-14 06:50:21.018550
759,941,2521.84,2025-07-18 08:54:13.325804
760,936,862.06,2025-06-03 10:48:50.471538
761,571,2650.85,2026-05-06 10:09:31.789540
762,570,5643.15,2026-02-17 11:54:12.519526
763,365,195.44,2025-12-27 02:04:37.487380
764,733,730.87,2026-03-10 04:04:06.860606
765,474,1244.73,2025-08-23 16:40:56.398631
766,613,1378.27,2025-12-07 15:46:58.465758
767,390,1562.63,2025-08-05 05:57:00.530915
768,711,715.14,2026-05-13 19:02:26.539198
769,793,2200.79,2025-09-28 13:32:49.114652
770,171,2071.75,2026-01-30 16:21:31.815337
771,806,1724.65,2025-11-12 14:17:13.979407
772,483,241.54,2025-07-15 16:43:05.188009
773,828,1296.22,2026-01-29 09:29:07.483823
774,396,880.82,2025-07-11 04:30:04.649299
775,365,1350.77,2026-03-23 20:06:18.659061
776,933,5098.67,2026-03-04 15:34:20.915086
777,203,1309.9,2025-07-06 23:55:34.627424
778,826,28.16,2025-07-12 13:15:44.814474
779,415,1155.49,2026-05-12 04:56:32.466468
780,455,3436.81,2026-05-01 18:43:07.212803
781,270,3028.81,2025-06-11 07:37:42.783308
782,499,1440.58,2025-08-06 15:06:00.408527
783,293,574.75,2025-11-27 00:00:04.818455
784,12,1251.31,2026-05-23 16:18:47.391134
785,229,1658.86,2025-08-06 06:15:05.614480
786,1,17918.2,2025-09-19 20:24:38.499618
787,977,2066.65,2025-12-15 01:07:11.552119
788,965,2370.07,2026-03-08 20:34:13.245635
789,365,1352.4,2026-05-11 10:06:19.687903
790,710,875.43,2026-03-08 06:29:24.194003
791,312,3352.79,2026-05-04 10:20:08.866633
792,603,1366.13,2025-09-12 15:49:11.873117
793,772,10476.38,2026-01-08 04:21:42.606823
794,963,1221.74,2025-11-30 01:20:34.412915
795,365,140.85,2025-08-27 23:08:23.723496
796,752,2295.05,2026-04-20 18:06:51.557541
797,229,95.53,2025-10-25 23:34:16.126414
798,986,576.7,2025-11-01 12:54:07.217301
799,2,873.1,2025-10-27 14:13:32.005587
800,543,2690.18,2026-01-20 04:17:06.018371
801,587,1363.37,2025-12-13 20:25:26.803672
802,626,58.13,2026-05-25 18:24:05.397957
803,122,1918.66,2026-02-02 21:48:17.793253
804,944,1060.14,2026-05-19 20:33:06.217094
805,200,5097.85,2025-11-09 23:31:00.443577
806,563,1384.54,2025-09-19 18:14:38.838339
807,200,2468.69,2026-01-02 17:25:18.622764
808,267,,2025-10-18 18:23:54.690459
809,483,2862.36,2025-08-07 03:05:27.178790
810,379,2552.77,2025-10-30 09:28:12.180719
811,197,4688.52,2025-11-27 12:29:18.756541
812,200,68.81,2025-07-27 17:03:07.682419
813,379,1186.61,2026-03-29 07:25:33.152708
814,733,2273.6,2026-01-28 18:56:53.452445
815,914,200.0,2026-01-05 12:26:50.926079
816,60,1057.31,2026-05-21 13:43:55.417255
817,365,5699.69,2025-09-28 09:59:57.584945
818,85,1145.17,2025-06-04 11:29:43.534502
819,1,8454.12,2025-07-07 09:51:35.359954
820,588,117.04,2026-02-01 17:17:33.092700
821,543,2530.49,2026-04-02 00:44:26.859020
822,200,1739.85,2026-04-25 17:47:32.455639
823,200,1388.45,2025-11-03 01:02:43.830817
824,1,7070.42,2026-04-28 17:02:53.852761
825,808,277.72,2025-12-12 20:33:05.339389
826,973,4526.71,2025-11-10 20:28:11.990448
827,143,2350.38,2026-03-22 01:18:22.816899
828,200,599.5,2025-07-18 11:44:01.603004
829,864,4638.83,2025-10-11 12:20:23.558334
830,939,1121.77,2026-05-25 23:07:43.511269
831,379,3366.46,2025-12-28 09:33:04.360197
832,24,984.78,2025-06-10 11:13:23.373897
833,12,3806.69,2025-06-01 15:51:58.697937
834,502,2024.66,2025-06-05 18:02:28.934971
835,365,304.08,2026-05-25 03:23:13.063071
836,5,2097.72,2025-12-17 22:19:22.629213
837,520,,2025-06-29 23:01:31.176378
838,1,1061.79,2026-03-13 15:23:02.895266
839,760,373.37,2025-09-17 00:18:25.710321
840,267,44.52,2026-04-30 22:42:36.781506
841,12,476.23,2025-12-06 00:59:17.888572
842,523,1537.35,2025-10-03 15:27:00.871511
843,365,1313.87,2026-02-15 06:49:54.933000
844,973,1392.29,2025-09-08 04:10:39.680729
845,483,569.21,2025-08-04 03:11:56.752753
846,229,2311.39,2025-06-07 18:23:26.812291
847,684,2436.57,2025-09-11 14:06:55.309947
848,229,886.23,2026-04-27 16:11:18.099189
849,914,4260.12,2025-08-02 18:43:27.503023
850,356,2065.78,2026-04-24 18:28:08.570823
851,483,2496.82,2025-07-27 04:56:22.426566
852,24,649.63,2026-01-23 08:22:13.283368
853,387,1.22,2026-01-12 01:32:48.858881
854,804,4010.53,2025-06-19 22:52:13.898239
855,772,3456.72,2025-12-06 05:27:22.031044
856,200,262.93,2026-02-25 03:02:58.793742
857,200,937.15,2026-02-22 08:54:17.649627
858,791,2165.51,2026-04-23 15:19:23.203068
859,939,2111.74,2025-07-03 12:24:07.245920
860,75,3937.24,2025-10-09 13:57:52.042801
861,415,302.27,2025-12-08 03:20:00.689673
862,297,1124.03,2026-01-21 21:24:28.675122
863,869,204.56,2026-04-06 06:06:26.405746
864,59,987.27,2026-01-13 09:07:51.205384
865,200,30.45,2025-10-01 18:53:08.072829
866,733,4570.93,2025-09-27 16:35:57.703967
867,24,1497.51,2026-02-03 19:46:32.399624
868,415,3791.61,2026-02-26 16:36:03.891328
869,410,123.55,2025-12-21 08:46:34.343752
870,296,516.14,2025-11-28 15:59:56.836107
871,365,600.54,2026-03-18 10:52:38.312878
872,474,977.77,2026-03-19 11:45:26.047047
873,200,3247.75,2025-08-22 18:21:33.886978
874,495,977.34,2026-01-25 16:36:07.811974
875,772,,2026-01-21 05:35:10.644796
876,739,134.4,2026-01-10 03:11:09.042026
877,190,165.66,2025-07-15 03:12:36.032567
878,180,2854.63,2025-12-28 00:36:03.955619
879,229,1176.86,2025-11-30 07:00:47.473063
880,333,2590.58,2026-03-04 18:41:42.227000
881,367,2293.21,2026-01-23 10:00:39.730293
882,616,290.89,2025-08-26 03:32:12.438090
883,33,308.37,2025-06-16 23:20:01.920966
884,5,2815.79,2025-11-21 20:46:21.963882
885,365,2555.01,2025-10-02 17:56:18.529513
886,649,949.73,2025-07-22 16:13:51.186532
887,200,161.17,2026-02-21 02:01:04.052204
888,577,24.34,2026-01-19 14:44:08.227248
889,219,679.8,2026-03-26 08:15:48.910427
890,901,18.53,2026-01-15 15:51:26.522951
891,909,522.92,2025-11-07 14:29:03.583252
892,246,1087.73,2025-08-14 23:23:48.178871
893,200,258.89,2026-03-26 11:47:55.384340
894,369,220.25,2025-12-15 12:29:43.099563
895,200,4535.16,2026-03-17 18:47:58.646116
896,604,1761.22,2026-04-14 23:40:03.232524
897,793,5450.06,2025-07-13 02:00:17.207505
898,605,848.76,2026-02-26 05:42:52.642438
899,793,2261.1,2026-04-22 10:48:53.910139
900,365,458.05,2025-12-15 09:26:26.996712
901,191,1926.45,2026-02-24 00:07:32.207011
902,722,277.57,2026-03-27 04:34:15.316194
903,333,4.17,2025-06-15 23:02:41.789504
904,603,5362.77,2025-08-31 16:27:59.137147
905,229,1618.89,2025-11-05 18:39:14.126321
906,56,5232.97,2025-09-30 09:53:55.123910
907,986,812.43,2025-08-30 10:16:47.066400
908,191,794.36,2025-12-30 17:03:04.249216
909,984,1023.84,2026-01-20 06:35:55.729220
910,977,2448.63,2025-06-19 16:25:42.353728
911,761,1668.54,2025-09-02 03:24:38.081251
912,587,5190.02,2026-02-26 16:12:03.839347
913,508,51.54,2025-10-23 19:51:47.342723
914,856,2463.35,2025-10-16 11:21:06.241648
915,240,801.93,2026-04-12 22:23:26.342903
916,415,397.47,2025-07-23 13:37:18.624573
917,559,1428.32,2025-11-10 00:17:30.678309
918,369,1406.65,2026-02-20 19:57:07.439041
919,389,294.71,2025-11-28 07:10:22.331822
920,296,451.03,2026-05-04 23:25:33.596445
921,483,1049.05,2025-12-25 11:59:24.958875
922,829,1051.24,2026-04-27 20:38:35.580716
923,200,764.16,2026-03-24 01:21:33.637861
924,941,321.62,2025-12-02 06:24:49.962221
925,630,8.77,2025-09-29 10:11:30.335445
926,793,7028.85,2025-07-27 05:30:05.531777
927,483,5747.0,2025-08-07 17:08:57.667305
928,751,1321.94,2025-06-03 19:52:16.018125
929,1,10617.44,2026-04-19 06:27:06.360739
930,792,2239.6,2025-10-13 18:36:34.420441
931,12,142.69,2026-02-26 23:04:37.057540
932,902,250.49,2025-12-10 12:10:58.440825
933,986,4956.52,2025-06-18 07:46:48.673538
934,244,1988.79,2025-07-11 10:33:08.771712
935,200,3705.36,2025-10-09 04:44:48.772362
936,740,4570.86,2026-04-25 11:23:10.070198
937,206,1188.2,2025-11-08 08:48:56.921847
938,855,99.49,2026-04-21 16:12:10.794859
939,92,417.2,2025-09-22 01:23:23.061414
940,131,137.78,2025-09-27 13:04:11.340183
941,977,418.33,2026-03-18 09:46:14.667010
942,605,1057.07,2025-10-20 01:23:57.732411
943,829,251.57,2025-07-15 06:24:39.512628
944,291,364.8,2025-08-30 02:48:18.005213
945,611,1180.54,2026-03-26 07:49:02.275633
946,535,831.55,2025-09-23 07:59:16.011121
947,543,1260.94,2026-01-26 02:02:29.121171
948,617,1121.33,2025-10-01 06:53:47.700437
949,504,2068.34,2025-06-16 17:42:51.423979
950,393,5535.27,2025-08-14 04:23:07.839226
951,229,228.27,2025-11-10 04:05:44.482769
952,743,209.08,2025-06-27 02:32:56.226311
953,200,3832.01,2026-04-27 13:12:53.527399
954,636,1412.05,2025-10-13 07:10:56.345139
955,200,2908.33,2025-12-18 12:45:27.327089
956,567,485.22,2026-04-20 17:02:41.235352
957,733,3530.58,2025-08-11 19:49:03.965672
958,200,5150.01,2026-03-04 19:06:14.634824
959,33,2018.36,2026-04-24 14:03:02.425585
960,136,223.83,2025-09-10 11:49:06.202373
961,543,4513.21,2026-04-07 12:36:21.063258
962,829,,2025-11-25 16:05:44.928382
963,17,,2026-03-11 23:21:12.652132
964,712,74.84,2026-01-03 09:18:33.214226
965,304,3208.53,2026-02-15 23:32:45.250006
966,415,296.89,2026-02-10 05:42:12.416694
967,939,503.05,2025-10-27 15:40:13.806431
968,296,1721.4,2025-09-15 20:22:51.049939
969,415,615.72,2026-04-16 13:33:33.354638
970,1,2165.57,2026-01-01 14:04:24.266170
971,56,1873.35,2025-11-07 19:36:52.662460
972,215,228.91,2026-02-12 02:46:45.429312
973,5,2134.31,2026-01-01 17:43:56.786354
974,570,5152.86,2025-06-13 03:48:03.024554
975,387,351.35,2025-06-06 12:14:34.332162
976,483,1817.95,2025-11-25 16:59:55.762482
977,200,836.69,2026-05-07 19:57:47.971094
978,245,1230.93,2025-06-06 21:01:48.152802
979,591,,2025-06-21 20:52:06.563307
980,965,874.32,2025-09-20 00:44:22.006168
981,24,58.68,2026-05-10 04:55:50.714992
982,903,7985.57,2025-06-21 18:58:32.185575
983,505,1960.59,2026-01-29 22:30:07.971993
984,483,1389.12,2025-12-28 23:56:35.518426
985,433,968.09,2025-10-19 14:07:58.835435
986,43,1550.34,2025-10-11 12:57:15.807252
987,68,956.41,2025-09-03 11:56:01.528592
988,543,892.29,2025-11-04 01:23:50.459724
989,302,1247.04,2025-10-31 12:04:01.120592
990,936,645.88,2025-12-10 20:26:16.152931
991,365,397.02,2026-02-09 08:28:03.513507
992,168,1626.59,2026-05-13 04:59:20.643905
993,694,3700.03,2026-02-26 13:49:01.591658
994,244,331.7,2025-10-01 20:38:40.081464
995,464,66.56,2025-08-19 03:12:25.879935
996,652,566.88,2025-12-19 09:25:32.217385
997,914,7796.3,2025-12-08 12:39:22.070159
998,761,3529.36,2026-02-17 04:21:56.300719
999,610,1812.02,2025-12-09 18:04:06.775441
1000,616,5297.17,2025-08-16 09:35:45.953127
1001,962,1178.58,2025-09-01 11:50:45.082436
1002,245,8182.37,2025-06-20 00:54:15.185515
1003,1,702.81,2025-10-16 12:13:30.531376
1004,229,549.68,2026-02-27 10:21:10.858032
1005,200,2032.49,2026-01-19 22:58:31.641656
1006,588,950.13,2025-11-01 08:45:25.999820
1007,570,1968.95,2025-08-17 12:51:12.272753
1008,534,727.67,2026-04-16 23:15:48.361432
1009,1,1924.24,2025-06-15 04:30:43.062439
1010,711,645.23,2025-11-12 23:21:03.625459
1011,291,104.63,2025-06-23 17:34:31.774858
1012,593,4863.93,2025-06-07 17:22:59.235565
1013,483,4294.67,2026-04-06 13:03:33.631710
1014,306,7067.05,2026-05-22 20:28:02.235395
1015,142,2521.28,2025-11-03 09:00:07.690192
1016,74,2295.95,2025-12-02 13:46:25.245010
1017,801,1637.43,2026-01-16 13:04:52.210145
1018,936,269.22,2025-08-11 19:24:17.772700
1019,577,419.55,2025-11-18 19:22:45.718725
1020,94,683.49,2025-12-19 01:52:12.584285
1021,365,4417.39,2025-10-07 04:01:18.724155
1022,711,379.83,2025-09-23 03:25:05.063943
1023,751,5124.61,2025-12-31 02:59:24.580111
1024,118,1479.58,2026-04-18 08:52:50.667825
1025,1,2514.53,2026-05-21 11:38:35.488623
1026,688,233.62,2026-05-12 18:33:21.485177
1027,332,626.78,2025-11-05 14:55:41.318440
1028,206,6365.02,2026-01-05 20:38:02.212186
1029,1,618.9,2026-01-11 13:10:53.783864
1030,483,703.44,2025-12-31 10:14:07.579589
1031,829,440.29,2026-02-14 02:55:53.614549
1032,963,276.4,2026-04-01 23:25:08.898022
1033,483,531.21,2025-07-13 12:48:58.841986
1034,457,2056.27,2026-01-14 16:23:01.395341
1035,60,1215.29,2026-05-20 01:50:39.485507
1036,483,1613.78,2025-07-12 03:08:03.616429
1037,365,261.05,2025-08-30 22:30:50.286673
1038,543,3240.15,2026-01-31 01:39:17.266751
1039,365,3065.83,2025-08-11 10:21:47.096212
1040,200,43.65,2026-02-27 21:49:18.342043
1041,74,967.44,2025-08-14 05:47:08.637977
1042,282,142.5,2025-07-11 06:28:56.689092
1043,80,3141.45,2025-10-29 11:50:30.709691
1044,200,2673.25,2026-03-29 19:48:55.930232
1045,982,4645.33,2026-03-03 10:23:57.300404
1046,415,539.43,2026-02-23 13:20:12.706018
1047,474,1218.7,2025-12-21 12:26:58.354775
1048,877,407.88,2025-11-28 03:17:24.556937
1049,987,928.0,2026-01-04 20:28:08.239823
1050,519,1477.31,2026-03-06 03:11:20.675970
1051,781,,2026-01-15 20:55:18.897422
1052,293,2509.62,2025-08-29 06:10:17.093455
1053,267,1567.43,2026-04-20 09:29:50.651386
1054,365,3531.7,2026-02-02 19:36:32.043812
1055,604,634.31,2026-04-17 15:21:14.208157
1056,617,4672.72,2026-04-26 19:36:00.525101
1057,283,13281.96,2025-12-06 09:44:40.390318
1058,140,5033.99,2025-06-02 12:09:50.231716
1059,570,3009.19,2025-06-24 16:03:05.861673
1060,133,3346.55,2025-06-01 14:56:03.213638
1061,510,1705.43,2026-03-05 07:45:56.522864
1062,640,421.82,2025-12-14 00:15:14.139007
1063,659,2260.46,2025-07-31 11:21:06.296560
1064,733,2494.83,2025-06-28 22:32:19.385778
1065,874,8451.43,2026-01-21 19:35:08.487447
1066,432,1558.72,2025-08-24 07:58:07.612061
1067,711,633.18,2025-10-29 06:20:35.772412
1068,559,2301.95,2025-06-07 08:34:16.386275
1069,200,7762.58,2026-05-09 20:26:02.095015
1070,2,390.12,2025-08-31 04:29:32.106230
1071,235,789.04,2026-05-10 14:13:24.857950
1072,413,1561.25,2025-06-16 12:00:10.108123
1073,554,373.18,2026-03-14 23:14:18.536705
1074,829,44.94,2026-01-22 21:15:00.700829
1075,200,821.91,2025-09-14 18:36:20.552644
1076,131,4010.46,2026-04-15 00:51:04.228348
1077,965,88.88,2025-11-11 14:07:53.026116
1078,100,1120.48,2026-02-20 18:03:44.118894
1079,415,2872.66,2025-08-16 04:18:08.024377
1080,521,6123.0,2025-12-23 05:50:49.904974
1081,483,8463.82,2025-11-25 20:38:38.076733
1082,60,1096.26,2026-02-06 01:42:09.719173
1083,33,6006.9,2025-09-07 02:25:58.533200
1084,98,72.12,2026-03-12 23:01:55.561607
1085,521,2740.19,2025-12-19 10:40:40.120398
1086,483,2058.62,2025-11-27 21:46:55.151780
1087,200,574.09,2025-10-27 18:12:27.652610
1088,576,1415.78,2026-01-15 12:16:03.533487
1089,792,277.5,2026-02-17 01:20:13.451540
1090,13,4105.17,2025-09-17 15:37:59.023205
1091,425,886.02,2026-01-17 21:38:12.220916
1092,631,1967.24,2026-02-03 07:52:29.726116
1093,206,345.8,2026-03-22 10:20:33.001320
1094,267,461.76,2026-01-01 01:12:53.311724
1095,545,9645.75,2026-02-21 18:40:29.446017
1096,914,2797.43,2026-02-18 15:29:32.747117
1097,776,6538.86,2026-03-17 17:05:32.128532
1098,520,701.53,2026-03-15 16:13:45.787328
1099,711,359.6,2025-10-04 23:58:33.932606
1100,338,1398.61,2025-06-05 20:46:27.073962
1101,577,1365.08,2026-03-02 20:38:15.394085
1102,415,384.61,2026-02-15 11:05:36.947569
1103,200,2642.66,2026-03-31 06:00:58.417199
1104,661,898.14,2025-11-19 22:14:42.989312
1105,483,412.49,2026-02-23 04:01:03.421372
1106,332,806.88,2026-05-06 00:19:55.012321
1107,928,1658.66,2026-04-06 17:33:02.031197
1108,1,2592.69,2025-11-10 06:59:56.467392
1109,283,1315.14,2025-07-11 21:15:14.655593
1110,33,1491.39,2025-10-08 11:30:29.078916
1111,741,299.2,2026-04-03 12:35:35.496794
1112,661,4922.95,2026-04-04 05:45:22.391697
1113,296,,2025-12-05 01:14:41.634368
1114,608,2300.4,2025-09-29 22:17:08.973885
1115,365,35.58,2026-04-04 16:12:49.583887
1116,733,1540.38,2025-10-31 10:02:41.359103
1117,415,1984.29,2025-07-26 06:16:48.986776
1118,372,10462.9,2025-12-29 17:00:25.803820
1119,941,11076.68,2025-07-20 09:39:40.072269
1120,203,3898.39,2025-06-07 17:46:26.145969
1121,122,,2026-05-24 05:53:29.552841
1122,521,6127.01,2026-03-21 13:12:50.251761
1123,968,,2025-10-26 13:17:08.222463
1124,361,3227.76,2025-10-06 16:25:43.301856
1125,35,1045.77,2025-12-29 18:32:34.961321
1126,299,770.35,2025-06-12 09:05:32.528528
1127,442,,2025-12-12 08:49:58.531426
1128,200,317.7,2025-08-25 13:57:44.254373
1129,584,883.43,2025-07-21 18:10:06.473330
1130,993,3898.48,2026-05-22 10:55:43.605574
1131,415,77.38,2025-09-23 20:12:36.046511
1132,331,327.1,2025-12-11 17:40:46.594378
1133,365,267.33,2026-03-02 11:17:18.423264
1134,108,1031.93,2026-02-04 11:22:46.558867
1135,897,11609.57,2026-05-17 13:16:37.437880
1136,376,380.77,2026-03-01 04:07:22.723984
1137,365,314.44,2026-03-08 03:46:19.759940
1138,587,4931.52,2025-08-16 18:29:19.776072
1139,410,4275.0,2026-02-20 21:04:11.384561
1140,577,65.54,2025-07-09 04:10:15.214863
1141,34,2786.28,2026-03-15 19:06:56.986645
1142,785,2131.12,2026-04-01 05:44:45.149309
1143,947,2919.8,2025-11-22 04:44:45.221569
1144,577,1364.42,2025-11-03 16:28:44.319504
1145,963,9507.16,2026-02-19 22:23:26.767784
1146,183,89.67,2026-01-11 11:13:57.388679
1147,415,534.12,2025-11-06 18:52:11.452391
1148,543,1010.17,2025-08-20 09:00:53.670413
1149,518,1194.87,2025-08-24 15:21:00.233189
1150,365,5085.94,2025-11-28 17:34:32.795347
1151,297,1641.98,2026-04-08 06:06:43.144594
1152,131,92.32,2026-04-18 19:05:11.580234
1153,365,1048.03,2026-03-20 19:00:28.034525
1154,200,,2026-01-01 06:19:41.939251
1155,713,6733.07,2026-02-25 13:04:24.565517
1156,200,1828.57,2025-06-02 08:56:23.319958
1157,33,2019.29,2026-02-10 20:02:08.002208
1158,483,2498.31,2025-08-05 10:22:27.794133
1159,536,2939.69,2026-04-03 20:53:06.912210
1160,871,2016.0,2025-11-07 23:23:52.991220
1161,505,541.5,2025-07-06 20:16:48.844233
1162,312,4143.68,2026-02-05 04:00:58.563922
1163,768,2634.43,2025-11-28 07:58:09.026900
1164,483,2708.59,2026-04-11 12:50:01.322902
1165,56,11342.67,2025-10-21 03:27:46.495298
1166,483,3244.3,2026-01-21 23:50:56.112532
1167,921,3533.96,2025-11-18 06:23:21.065379
1168,365,6048.49,2025-06-09 21:48:13.046032
1169,245,327.71,2025-12-30 04:31:06.417566
1170,168,1377.22,2025-06-10 09:06:41.716286
1171,183,1737.7,2026-05-07 00:20:00.511658
1172,396,798.79,2025-06-30 17:35:00.996273
1173,538,3657.72,2026-03-01 00:16:15.102464
1174,56,2874.5,2026-03-15 12:43:13.525164
1175,946,2552.25,2026-01-19 12:54:30.790642
1176,733,11720.48,2026-01-10 23:00:52.551517
1177,521,600.54,2025-10-06 03:29:38.806061
1178,794,2659.5,2026-03-05 10:03:09.348323
1179,56,1603.27,2026-02-21 11:30:51.189366
1180,415,750.81,2026-05-03 21:16:22.700157
1181,570,350.1,2025-06-11 16:57:16.049665
1182,795,4524.5,2026-03-01 05:30:45.437667
1183,753,1809.99,2025-10-05 06:38:54.221371
1184,229,3485.18,2025-10-09 11:33:12.622325
1185,948,1576.43,2025-09-03 16:04:39.851393
1186,130,496.86,2025-08-11 16:37:14.600264
1187,882,823.62,2026-03-09 10:41:51.745107
1188,973,961.04,2025-11-26 16:11:13.193165
1189,200,7219.01,2025-11-08 18:38:05.624984
1190,705,11.3,2026-01-27 12:40:14.734042
1191,12,8490.25,2025-12-10 23:23:01.613388
1192,365,7870.75,2026-01-02 11:07:57.036254
1193,457,11119.77,2025-12-07 03:42:44.389674
1194,515,1294.77,2025-06-03 17:52:21.077045
1195,942,6637.89,2026-03-07 17:17:40.386188
1196,604,1007.04,2026-01-14 12:14:08.592063
1197,415,53.29,2026-04-21 17:14:30.315758
1198,776,508.1,2025-08-24 08:49:28.142405
1199,963,5811.65,2026-05-07 06:54:15.722563
1200,1,27.72,2025-09-16 10:22:10.756922
1201,977,1579.29,2026-01-29 04:20:14.888179
1202,60,,2025-07-27 20:39:48.423020
1203,787,674.86,2026-02-10 00:21:49.552052
1204,229,184.43,2025-06-24 18:00:17.912173
1205,138,3925.5,2025-08-03 22:29:38.319638
1206,404,1788.43,2025-11-04 18:19:23.392950
1207,577,4647.75,2025-07-27 12:37:11.859634
1208,365,2331.77,2026-04-10 05:09:46.566563
1209,27,7082.93,2025-07-01 19:02:56.197541
1210,543,1426.2,2025-08-02 12:29:33.184116
1211,914,2036.15,2025-06-18 02:03:57.380907
1212,365,1717.5,2026-03-14 07:49:39.734898
1213,200,1324.31,2025-09-21 11:07:51.071721
1214,412,3741.08,2025-06-18 07:24:14.842784
1215,21,2068.6,2026-01-05 21:02:11.078400
1216,792,3232.04,2025-12-31 00:12:13.408971
1217,793,3086.96,2026-01-18 20:25:32.807897
1218,523,424.02,2025-07-02 05:18:43.101742
1219,328,2100.58,2026-05-11 17:35:45.463136
1220,767,445.41,2025-09-11 19:32:22.987846
1221,483,1750.88,2026-01-22 16:46:45.349025
1222,793,,2025-10-31 04:18:02.142393
1223,570,11781.48,2026-02-06 02:23:56.582914
1224,755,62.04,2025-08-06 06:40:54.842987
1225,541,191.35,2025-10-09 15:55:15.730618
1226,374,160.31,2026-04-05 19:29:56.110123
1227,963,1016.2,2025-07-27 05:37:32.364318
1228,483,3447.32,2026-01-27 18:16:28.844418
1229,543,3716.52,2025-11-27 19:08:21.515745
1230,200,2671.05,2026-01-12 21:12:02.727335
1231,567,,2025-11-05 12:04:32.221750
1232,495,779.75,2025-11-17 19:57:49.562675
1233,200,184.57,2025-11-22 19:52:01.245868
1234,33,119.82,2026-04-29 20:41:12.093594
1235,543,3822.88,2025-11-26 09:06:24.015319
1236,740,2621.9,2026-03-02 05:57:06.959954
1237,458,2398.74,2025-09-09 15:13:50.678919
1238,200,830.05,2025-06-30 10:31:12.206742
1239,595,955.77,2025-08-19 08:25:29.514215
1240,56,6345.58,2026-02-08 02:10:10.220497
1241,409,131.86,2026-02-08 01:54:07.925159
1242,200,2972.07,2026-01-20 16:14:37.584189
1243,200,741.06,2026-03-05 16:50:31.134234
1244,200,79.68,2026-03-10 14:19:53.662573
1245,365,2714.02,2025-12-19 08:30:49.475257
1246,24,803.68,2025-10-24 03:43:35.348595
1247,365,2561.33,2026-04-29 16:38:31.048269
1248,451,2459.64,2026-01-05 19:59:51.320917
1249,415,1530.52,2026-05-15 17:54:14.778177
1250,365,3004.52,2026-05-19 05:45:38.461439
1251,814,1739.95,2026-05-28 20:17:16.620673
1252,170,675.53,2026-03-14 07:10:06.388440
1253,442,2649.39,2026-01-24 18:16:56.052346
1254,35,1779.0,2026-03-11 00:55:53.404818
1255,47,25.62,2026-02-14 13:44:51.468463
1256,502,4638.33,2025-11-23 11:41:57.496965
1257,483,1577.75,2025-12-28 11:03:43.550812
1258,886,4059.43,2026-03-14 16:03:28.283634
1259,483,4286.67,2025-10-30 19:31:18.497771
1260,965,1177.45,2026-05-11 22:44:21.261152
1261,22,1417.17,2026-02-24 01:49:00.424344
1262,81,1074.87,2025-11-26 08:45:36.733346
1263,17,1193.63,2025-08-15 08:35:21.477641
1264,200,4510.39,2025-06-23 07:18:48.934979
1265,483,3103.7,2026-02-09 21:53:07.666257
1266,577,270.55,2025-06-20 22:50:04.405553
1267,17,1884.8,2025-11-24 07:54:14.568281
1268,962,10996.78,2025-12-17 11:51:25.206791
1269,820,1810.46,2026-04-03 02:20:37.359102
1270,245,3082.36,2025-08-02 09:54:39.080546
1271,56,2931.21,2025-07-08 07:50:11.319137
1272,200,862.54,2026-04-08 23:35:53.462031
1273,131,929.95,2025-08-17 14:32:05.639555
1274,128,2575.26,2026-02-14 03:08:52.859038
1275,457,1386.23,2026-04-03 09:39:06.694894
1276,200,1690.6,2026-03-24 18:43:14.996560
1277,332,2495.89,2025-10-26 19:31:04.943944
1278,986,3006.33,2025-09-30 03:12:33.933670
1279,618,633.58,2025-08-19 01:53:12.937287
1280,963,317.51,2025-10-05 08:12:28.344535
1281,165,690.04,2025-06-08 04:23:43.450103
1282,365,1416.68,2025-11-17 15:22:54.945988
1283,483,837.53,2025-06-30 12:23:31.579210
1284,56,1680.34,2026-03-13 14:43:10.482585
1285,1,109.9,2025-10-28 02:30:56.897196
1286,600,1425.68,2026-01-09 02:46:56.561153
1287,577,917.68,2025-08-12 22:37:41.902600
1288,369,1530.0,2026-01-26 18:15:32.191084
1289,415,1098.21,2025-11-14 10:42:49.602349
1290,377,668.78,2026-01-10 11:17:11.840427
1291,1,4689.06,2026-04-23 20:19:42.598287
1292,296,408.56,2025-07-27 17:17:01.254837
1293,200,2287.42,2025-07-06 18:30:37.970662
1294,81,5171.08,2026-04-02 06:25:01.624267
1295,963,1547.28,2025-08-03 05:01:13.783752
1296,543,4181.55,2026-02-21 01:16:35.082288
1297,711,266.72,2026-04-23 13:48:33.821459
1298,283,1361.6,2025-11-23 11:44:01.272462
1299,365,1221.39,2025-11-19 03:26:10.093367
1300,200,16.3,2025-08-07 02:22:56.198104
1301,81,1171.3,2026-04-19 19:29:13.525086
1302,200,920.99,2026-04-15 18:12:58.039352
1303,765,2216.11,2025-11-23 10:09:17.364095
1304,613,5571.91,2025-06-15 02:11:23.703732
1305,483,179.39,2026-05-12 04:07:51.409519
1306,415,793.44,2025-06-07 15:12:32.245819
1307,936,1174.21,2026-04-13 19:54:16.378576
1308,47,1214.62,2026-01-09 00:56:36.073687
1309,229,2981.62,2026-04-02 02:18:38.118066
1310,323,1171.8,2026-02-19 05:26:25.784594
1311,752,55.07,2026-02-13 21:57:40.769966
1312,986,2476.47,2025-10-27 18:17:26.792014
1313,200,4322.69,2026-05-02 23:46:08.386670
1314,879,1442.7,2026-04-29 10:49:16.341574
1315,799,1740.29,2026-04-02 13:20:58.752620
1316,200,355.71,2025-10-04 04:52:17.892768
1317,365,498.58,2026-02-17 08:00:25.761945
1318,369,536.2,2026-05-22 23:13:04.399084
1319,977,1126.84,2026-04-10 11:13:29.998969
1320,200,5266.22,2026-01-21 06:06:52.343596
1321,767,1475.39,2026-03-03 00:53:36.320367
1322,296,426.63,2026-03-05 16:25:32.724517
1323,711,618.73,2025-08-10 00:46:07.863611
1324,379,969.07,2025-11-01 17:14:20.461880
1325,509,1952.39,2026-04-16 21:22:41.864498
1326,805,1159.76,2025-07-26 17:49:27.569611
1327,769,996.62,2025-07-22 21:14:22.452186
1328,856,1663.57,2025-11-13 01:03:35.974426
1329,33,553.71,2026-02-05 08:55:50.865953
1330,635,164.38,2026-04-08 18:55:15.780967
1331,157,,2025-10-23 07:25:39.429703
1332,377,578.72,2026-04-14 16:06:56.375357
1333,483,192.12,2025-08-02 01:23:26.301288
1334,365,819.97,2025-12-10 01:32:29.107541
1335,457,2965.03,2025-09-23 14:45:37.896775
1336,989,2519.64,2026-02-13 06:14:36.317254
1337,143,1887.98,2025-07-12 03:23:42.935111
1338,608,3827.86,2026-01-13 10:47:08.037613
1339,365,662.76,2025-06-09 07:14:25.181871
1340,140,4326.58,2026-03-26 09:12:27.929779
1341,194,1019.12,2025-09-02 02:08:40.411706
1342,963,1024.63,2025-08-24 01:55:58.499458
1343,887,,2026-04-06 06:23:10.435923
1344,918,206.49,2025-07-31 13:40:28.495658
1345,986,7417.39,2026-03-24 00:47:34.399070
1346,200,298.18,2026-04-02 09:26:40.263829
1347,331,833.72,2026-05-04 02:50:34.916949
1348,600,769.27,2025-07-09 15:51:01.711128
1349,415,155.23,2026-04-05 06:05:25.576617
1350,379,330.36,2025-07-27 13:01:45.349560
1351,332,91.79,2026-02-22 12:23:31.832508
1352,534,691.77,2026-02-23 06:59:12.311270
1353,504,4029.66,2026-05-20 15:52:05.540030
1354,200,829.34,2025-08-16 05:31:40.494949
1355,415,264.07,2026-05-06 19:22:57.039722
1356,483,2075.19,2026-02-14 09:05:32.093858
1357,490,11368.5,2026-03-12 13:40:29.458178
1358,200,528.77,2025-12-30 18:48:02.713973
1359,729,655.82,2026-01-08 12:19:42.015359
1360,1,7140.21,2025-09-24 14:39:06.361763
1361,331,393.92,2025-09-05 11:34:50.902640
1362,751,1431.66,2025-10-08 17:16:26.432160
1363,483,547.96,2025-08-27 06:38:05.245697
1364,222,5386.87,2025-12-09 18:53:50.026357
1365,642,7982.24,2025-08-09 06:43:41.810656
1366,484,3371.54,2025-09-22 14:10:09.027997
1367,762,756.04,2025-07-08 22:39:11.630787
1368,715,1033.31,2025-06-01 09:33:35.011835
1369,543,554.95,2025-07-28 00:39:14.788254
1370,415,4428.38,2025-11-05 21:32:05.091179
1371,140,4919.84,2026-04-12 18:48:16.512081
1372,222,1085.56,2025-05-30 22:12:00.078733
1373,379,2137.33,2025-06-13 06:41:38.491430
1374,543,361.97,2026-03-05 07:43:59.821292
1375,455,1141.63,2026-02-09 18:24:07.437825
1376,240,,2025-08-21 22:49:45.406992
1377,1,973.58,2025-10-01 10:53:58.194100
1378,423,885.09,2026-01-01 21:32:30.033199
1379,239,2.0,2026-02-27 13:46:15.893007
1380,714,3262.28,2026-05-26 22:23:18.447166
1381,1,4402.54,2026-05-13 04:50:49.564600
1382,521,6977.67,2025-10-07 04:14:00.384711
1383,950,2540.73,2025-08-28 06:30:31.364960
1384,200,1591.66,2025-09-09 04:57:10.959875
1385,415,627.46,2025-07-01 06:57:10.691483
1386,68,14527.36,2025-08-24 12:07:06.600071
1387,567,1781.99,2026-01-25 21:12:03.817203
1388,483,2286.09,2025-10-24 13:27:03.853600
1389,365,2293.96,2025-10-18 01:50:52.773794
1390,457,3731.91,2026-02-12 19:40:05.748555
1391,912,19.44,2025-12-25 22:07:34.350110
1392,200,497.56,2025-07-17 09:10:30.374792
1393,1,2190.44,2025-12-02 19:56:12.480966
1394,846,4510.37,2026-02-11 20:16:26.865033
1395,505,2312.52,2025-11-15 04:33:36.179832
1396,903,1067.14,2025-05-31 03:11:02.963500
1397,540,897.44,2025-09-19 22:37:43.513300
1398,776,2678.42,2025-06-16 10:19:54.343070
1399,395,2703.69,2025-08-06 04:12:19.100102
1400,733,1868.19,2026-05-20 11:39:27.890131
1401,929,689.12,2025-10-14 00:24:20.851386
1402,496,5184.67,2026-03-31 13:30:07.858114
1403,200,1605.39,2025-07-01 19:14:18.660438
1404,229,3125.99,2026-01-06 09:21:53.334630
1405,200,482.38,2026-05-03 03:36:50.779671
1406,200,843.31,2025-08-21 04:18:59.463323
1407,267,4152.17,2025-10-30 17:37:09.529052
1408,483,102.81,2025-07-11 11:05:21.937835
1409,523,1436.17,2026-03-01 06:13:33.555437
1410,388,1314.42,2026-03-10 02:26:42.454034
1411,551,2782.45,2026-04-20 20:33:52.484418
1412,56,662.28,2025-09-10 17:32:23.133120
1413,66,494.53,2026-02-14 05:31:19.479338
1414,200,5210.97,2025-09-09 11:55:52.102538
1415,457,1695.91,2025-09-10 03:59:26.106492
1416,200,221.17,2026-01-02 20:29:44.929446
1417,231,428.95,2025-10-23 02:18:53.684392
1418,365,13494.78,2026-03-05 21:50:41.406872
1419,779,435.34,2026-05-15 07:10:00.446238
1420,1,1885.66,2025-09-17 17:01:26.440539
1421,577,1089.9,2026-04-29 10:50:34.047554
1422,599,4336.09,2025-09-01 04:37:13.681032
1423,767,2814.37,2026-01-11 01:55:51.060762
1424,939,1817.4,2025-06-11 17:27:49.799498
1425,1,21.59,2026-04-09 13:23:05.132562
1426,189,4237.12,2026-04-03 16:55:07.124787
1427,901,,2025-08-31 07:10:48.970081
1428,415,5364.11,2025-12-05 16:26:36.526202
1429,483,1368.53,2025-10-05 01:15:46.528405
1430,591,2369.81,2025-12-13 00:07:05.770859
1431,614,143.62,2025-12-11 20:50:58.167920
1432,939,2734.17,2025-09-27 05:06:03.747670
1433,991,824.97,2025-07-12 03:54:24.259886
1434,705,865.75,2026-03-27 07:41:59.381116
1435,240,252.61,2025-06-13 19:23:19.280954
1436,888,317.66,2026-03-18 12:20:41.553751
1437,23,411.0,2026-03-23 01:01:41.456031
1438,200,795.61,2026-01-01 01:18:07.561008
1439,914,4450.69,2026-02-06 08:36:34.195247
1440,207,918.56,2025-08-30 01:28:51.128996
1441,200,2577.34,2025-10-17 12:43:30.922451
1442,152,172.74,2025-10-12 22:47:38.392252
1443,836,1788.56,2025-12-18 15:56:55.893377
1444,433,1315.14,2025-09-17 20:49:41.249192
1445,606,7629.61,2026-01-10 19:18:27.875334
1446,200,3744.31,2025-06-16 01:01:04.733766
1447,733,1213.31,2026-02-08 23:46:08.322995
1448,739,2984.58,2026-01-17 17:23:52.615976
1449,278,428.96,2026-05-20 19:12:49.627568
1450,369,1652.61,2026-01-31 23:28:51.966143
1451,200,155.1,2026-05-22 01:47:08.646388
1452,976,855.69,2026-05-27 22:16:44.835736
1453,577,512.01,2026-01-01 11:53:20.942775
1454,941,2538.16,2025-07-03 19:23:53.765035
1455,262,1347.04,2025-12-18 14:53:57.960247
1456,751,2781.17,2026-05-27 02:48:05.579338
1457,740,1448.43,2026-05-09 06:36:34.824625
1458,635,180.91,2026-03-17 12:37:02.356556
1459,965,2658.83,2025-12-24 20:12:40.478040
1460,365,3582.27,2025-10-10 10:22:06.923041
1461,136,4677.07,2026-01-21 22:44:01.979062
1462,604,1697.23,2026-03-18 16:39:23.392767
1463,711,2801.48,2026-04-16 23:14:26.721059
1464,504,2789.01,2025-09-18 02:08:24.802533
1465,200,338.61,2026-04-22 12:36:29.360902
1466,441,358.78,2025-09-15 18:32:40.233689
1467,276,147.05,2025-06-11 17:13:48.343329
1468,388,771.07,2025-06-05 11:27:28.448277
1469,577,1283.04,2026-03-07 16:43:16.929738
1470,733,12329.59,2026-05-08 03:42:34.556043
1471,200,1127.73,2026-03-01 14:29:27.127613
1472,365,2591.03,2025-08-23 17:32:48.363518
1473,229,2364.4,2025-11-23 22:19:27.964085
1474,200,457.52,2026-02-08 12:05:30.741789
1475,752,120.58,2026-04-18 14:05:20.279632
1476,924,1579.35,2025-06-13 09:08:38.365220
1477,348,2409.98,2025-06-22 00:27:31.684695
1478,733,12698.33,2025-06-21 09:37:37.597546
1479,914,888.24,2025-09-14 21:13:17.647045
1480,829,4533.75,2025-08-25 06:54:14.159338
1481,200,962.32,2025-09-22 22:13:36.544839
1482,963,2338.57,2025-09-20 19:56:35.002849
1483,358,1823.87,2025-07-10 10:46:26.641214
1484,299,108.87,2025-10-27 17:03:26.130725
1485,36,163.26,2026-04-03 00:01:36.095170
1486,415,41.97,2026-03-11 15:51:57.572775
1487,101,926.72,2026-03-01 18:07:55.296209
1488,200,2739.28,2026-05-16 19:27:56.932402
1489,286,379.31,2026-05-03 08:10:25.715752
1490,775,1862.06,2026-03-04 01:26:43.581024
1491,883,681.68,2025-10-19 19:50:01.375222
1492,259,3189.03,2025-11-27 23:41:10.886777
1493,834,3202.9,2026-02-05 12:19:16.862005
1494,831,2987.0,2026-01-28 19:08:47.783273
1495,740,1488.18,2026-01-30 12:53:49.542089
1496,172,669.73,2025-12-19 09:55:34.820319
1497,633,3315.62,2025-06-27 19:49:36.311249
1498,959,411.84,2026-02-27 04:16:04.416070
1499,617,684.3,2026-05-26 22:13:16.671180
1500,296,406.55,2025-08-01 04:22:25.609300
1501,434,2243.01,2025-07-18 20:42:03.317000
1502,577,2318.23,2025-08-08 11:32:43.404271
1503,447,2114.04,2025-09-05 04:40:40.335857
1504,122,1074.34,2026-02-28 04:06:33.377661
1505,276,211.1,2025-06-21 04:18:22.360249
1506,768,4842.05,2026-05-12 09:51:10.765427
1507,845,1417.46,2025-09-27 03:56:48.043054
1508,149,1045.03,2025-09-04 14:24:34.289704
1509,963,1777.47,2025-09-30 05:54:52.889006
1510,294,428.34,2025-08-16 08:35:41.467014
1511,589,284.39,2026-01-06 00:26:02.510067
1512,733,1040.15,2025-11-10 00:55:41.287463
1513,779,515.52,2026-05-02 23:36:51.918741
1514,962,560.2,2026-04-14 07:25:00.540889
1515,279,4460.74,2026-02-08 01:09:22.607335
1516,834,1513.28,2026-01-01 13:23:07.683758
1517,137,,2025-10-01 07:29:08.083466
1518,669,2339.01,2025-07-12 09:33:07.896337
1519,729,6054.37,2025-11-27 06:36:10.302919
1520,613,238.01,2026-03-27 16:20:05.326601
1521,206,3585.94,2025-09-13 05:52:11.177422
1522,875,1754.23,2025-10-28 06:20:54.285669
1523,200,316.04,2025-08-15 05:23:21.969244
1524,26,705.22,2025-08-01 05:10:44.337161
1525,703,1316.96,2025-09-06 08:10:30.810925
1526,415,2349.97,2025-08-19 11:15:24.281948
1527,829,555.75,2025-06-10 03:27:05.454012
1528,365,1530.91,2026-03-14 23:19:13.420468
1529,200,2308.28,2026-05-14 01:00:00.972897
1530,809,1191.1,2025-08-23 01:30:02.830375
1531,483,3975.93,2025-07-11 16:45:10.976973
1532,200,4072.14,2025-09-03 17:13:31.738088
1533,705,1272.37,2026-02-10 13:22:59.867583
1534,449,7218.34,2026-04-24 19:08:23.772054
1535,543,157.19,2025-06-13 13:49:22.046061
1536,415,6.74,2025-10-23 03:11:23.190643
1537,796,958.23,2026-05-24 07:06:20.947355
1538,797,1838.07,2026-01-12 18:01:40.668100
1539,684,1984.19,2025-07-26 17:56:23.616218
1540,98,1294.23,2025-11-16 13:02:06.559718
1541,813,266.8,2026-01-18 13:20:36.871993
1542,602,373.86,2026-04-22 02:04:44.074186
1543,649,3823.09,2025-12-21 13:50:59.667761
1544,333,,2025-06-29 02:34:06.722703
1545,887,2241.09,2026-02-05 21:34:09.463655
1546,708,2182.59,2026-01-26 18:28:42.776487
1547,105,1821.03,2025-12-28 03:57:57.258448
1548,365,453.62,2025-10-01 20:45:01.555832
1549,901,1118.11,2025-08-30 17:09:05.352932
1550,20,2380.76,2025-07-07 20:00:44.984824
1551,965,1541.15,2026-04-21 11:44:50.565994
1552,614,37.51,2025-09-04 13:59:05.677686
1553,570,6139.05,2025-06-16 02:45:26.364731
1554,229,3726.29,2025-10-11 00:59:14.100564
1555,200,603.68,2025-06-12 11:03:14.917078
1556,952,1916.62,2026-03-19 05:10:37.284483
1557,248,5134.13,2025-12-04 23:55:38.947067
1558,748,201.88,2025-08-30 10:56:47.572194
1559,365,1398.45,2026-03-04 19:15:55.002122
1560,155,1218.51,2025-08-06 10:30:06.348240
1561,1,1055.96,2026-01-13 04:37:27.365814
1562,483,3610.77,2025-11-02 03:14:06.953836
1563,974,958.16,2025-08-10 18:15:07.637830
1564,347,,2025-12-02 23:22:20.937084
1565,332,136.21,2025-12-18 11:22:37.033592
1566,308,87.37,2025-11-12 06:17:59.055802
1567,457,1052.37,2026-01-02 22:32:24.947275
1568,406,2534.58,2025-12-18 01:40:19.202872
1569,889,,2026-05-11 09:11:51.503532
1570,442,2079.57,2025-09-25 23:39:24.019539
1571,443,2323.67,2025-10-21 20:14:49.537593
1572,152,589.28,2025-09-19 03:36:50.125693
1573,977,1835.37,2026-01-27 22:25:47.188101
1574,200,2309.53,2025-09-11 11:56:11.748137
1575,48,1257.02,2025-06-30 01:52:15.223466
1576,591,821.11,2026-04-10 16:45:07.025966
1577,536,1930.71,2025-06-03 02:48:54.401859
1578,377,7619.57,2025-11-11 09:27:14.863542
1579,380,1113.19,2025-10-15 13:56:26.849424
1580,758,994.29,2025-12-08 23:56:33.232174
1581,200,1248.24,2025-10-30 19:04:45.776294
1582,792,158.56,2026-02-03 06:15:07.919452
1583,577,1611.12,2026-04-29 07:13:47.950539
1584,379,797.07,2025-06-25 15:21:30.412688
1585,415,258.9,2025-07-18 12:34:53.875517
1586,207,1255.68,2026-04-10 03:51:21.562062
1587,733,6.78,2025-08-29 10:43:58.149302
1588,454,,2026-04-24 00:51:34.639581
1589,291,223.51,2025-10-11 20:09:14.416087
1590,539,49.19,2026-05-25 01:11:27.463378
1591,987,3479.95,2026-05-19 22:00:14.144878
1592,397,4959.81,2025-10-06 10:34:25.568055
1593,936,465.57,2025-07-30 12:03:53.278038
1594,311,1550.01,2025-06-27 12:42:58.843374
1595,27,651.34,2025-07-28 02:37:23.097507
1596,200,1360.77,2025-12-15 04:33:24.308862
1597,379,1147.64,2026-05-19 15:02:24.416742
1598,200,626.82,2025-09-29 23:34:58.005274
1599,1,2410.57,2026-03-31 10:37:03.089098
1600,933,270.47,2025-08-01 21:06:17.409844
1601,826,109.07,2025-11-19 21:07:31.975213
1602,729,2919.24,2025-10-21 17:13:14.238990
1603,200,2192.81,2025-09-19 20:30:32.068784
1604,122,1380.41,2025-09-25 07:47:15.641491
1605,41,1261.43,2025-12-03 19:59:21.924296
1606,705,1375.97,2025-09-25 14:17:44.210255
1607,939,1149.04,2026-03-22 10:55:28.628321
1608,395,998.1,2025-07-20 12:58:08.966917
1609,119,1385.06,2026-02-20 14:37:57.701047
1610,452,1503.74,2025-10-03 20:40:32.313150
1611,321,2354.68,2025-09-21 21:56:51.771923
1612,357,2484.09,2025-11-02 04:30:57.835313
1613,563,948.44,2025-09-15 10:34:28.735996
1614,705,1067.3,2025-11-27 10:15:14.811494
1615,104,935.84,2025-11-07 12:38:01.231494
1616,7,1538.05,2026-02-19 12:49:12.538735
1617,986,1207.91,2025-11-11 08:35:56.820361
1618,200,4407.23,2026-03-23 16:51:24.607036
1619,26,2383.83,2026-02-27 21:14:00.092120
1620,200,4578.48,2026-01-24 05:29:46.774182
1621,11,2469.81,2025-07-10 05:02:52.462738
1622,365,7080.38,2025-11-12 18:15:25.793684
1623,768,2019.76,2025-06-15 12:07:35.209110
1624,303,6623.64,2026-03-02 06:27:12.280152
1625,415,344.35,2026-03-20 13:58:51.141366
1626,608,107.81,2025-11-20 18:26:49.832582
1627,445,1730.84,2026-04-24 02:26:00.589015
1628,845,8207.97,2025-11-07 01:58:37.476661
1629,856,1081.21,2026-01-20 04:04:40.021562
1630,1,476.62,2026-05-21 16:23:46.689562
1631,751,1474.37,2025-10-14 02:34:18.380308
1632,415,2092.79,2026-01-03 18:27:06.769873
1633,986,757.19,2026-01-12 09:18:55.339582
1634,415,2508.91,2025-08-21 06:08:59.066817
1635,982,7386.94,2026-02-08 16:42:39.236146
1636,733,4545.34,2025-07-10 11:46:37.529167
1637,200,689.45,2025-07-27 19:36:59.831435
1638,483,,2026-02-02 03:24:34.102111
1639,986,928.97,2026-04-09 14:34:42.793935
1640,831,1003.58,2025-09-19 23:47:37.721477
1641,81,211.43,2025-06-24 22:25:43.654139
1642,672,2870.66,2025-12-25 16:41:21.801984
1643,312,909.33,2026-03-03 15:41:42.135100
1644,1,4237.53,2025-09-21 11:59:03.763287
1645,365,5232.97,2026-04-28 23:11:49.370279
1646,200,49.47,2026-03-04 19:40:42.122057
1647,792,8931.35,2025-10-28 20:10:53.105876
1648,297,2475.91,2025-10-13 17:36:40.402674
1649,793,1469.57,2026-05-18 06:25:20.666018
1650,1,987.04,2026-01-23 18:15:09.137917
1651,267,1461.77,2025-10-05 10:44:16.547567
1652,200,784.97,2026-04-28 23:25:48.801810
1653,200,1949.36,2026-01-30 14:16:49.930009
1654,41,195.18,2026-03-22 07:03:31.335514
1655,200,1941.09,2026-04-05 07:37:23.476186
1656,483,644.12,2026-03-04 10:28:31.200437
1657,242,35.58,2026-05-01 23:42:38.395924
1658,379,1609.08,2025-06-13 23:43:57.173043
1659,359,1727.62,2026-02-16 16:32:03.761535
1660,885,1112.24,2025-08-25 12:14:54.110266
1661,916,150.06,2026-02-18 21:42:29.147357
1662,415,4476.27,2025-12-11 12:15:52.166647
1663,296,1890.57,2025-07-14 11:21:09.886465
1664,98,245.95,2025-08-27 11:36:58.219008
1665,963,1430.5,2026-03-29 23:13:04.464032
1666,33,1375.34,2026-01-09 09:00:10.568921
1667,247,124.61,2025-05-31 16:51:45.218812
1668,247,1867.18,2025-06-16 12:51:10.213498
1669,289,3303.92,2025-10-17 02:14:41.061924
1670,200,2764.67,2025-11-27 09:45:05.656673
1671,752,453.72,2025-06-17 18:02:18.727112
1672,128,3965.25,2026-02-21 01:17:19.328542
1673,570,838.75,2026-03-04 21:05:14.736816
1674,128,5856.46,2025-10-15 02:34:39.940492
1675,47,148.9,2025-07-23 06:38:12.438411
1676,924,1331.88,2025-10-12 10:38:20.017409
1677,200,1818.25,2025-07-16 18:56:12.221397
1678,793,569.11,2026-01-24 00:45:48.137353
1679,483,2951.39,2025-09-11 05:49:35.904947
1680,56,1971.79,2025-12-02 03:50:54.595220
1681,963,36.55,2025-10-25 05:07:32.280671
1682,200,1874.87,2026-02-16 12:19:08.555144
1683,838,1352.49,2026-01-12 18:56:07.218029
1684,200,436.38,2025-09-24 09:02:01.939376
1685,829,10920.84,2025-08-27 21:34:47.397579
1686,1,4549.2,2025-09-24 23:11:20.576179
1687,451,692.06,2025-07-29 08:33:29.958353
1688,744,,2025-12-11 04:06:16.834836
1689,941,761.06,2025-08-01 20:20:02.656295
1690,924,2987.72,2025-09-15 07:34:45.565704
1691,792,5328.01,2025-06-02 19:33:37.838803
1692,901,888.92,2026-01-12 05:51:16.572836
1693,200,3275.51,2025-10-04 19:35:00.971141
1694,233,1379.93,2026-05-05 18:19:19.340434
1695,240,1010.28,2026-05-24 20:17:10.327773
1696,359,5574.9,2026-02-05 10:32:55.783816
1697,365,1428.35,2026-02-07 10:02:23.355537
1698,483,1260.01,2026-04-23 17:55:42.777317
1699,196,2232.13,2026-05-05 05:02:02.188963
1700,633,605.55,2025-09-19 04:54:30.222455
1701,200,785.47,2026-03-12 01:49:22.134851
1702,271,5377.84,2025-11-05 16:04:56.943508
1703,440,2269.7,2025-06-22 01:05:13.970656
1704,763,3504.74,2025-12-15 01:37:58.348510
1705,726,632.47,2025-12-10 06:18:41.554739
1706,577,1569.6,2026-04-20 01:06:46.441222
1707,191,7108.44,2026-01-03 09:36:03.342232
1708,483,767.52,2026-01-15 04:48:33.021923
1709,65,349.84,2026-02-15 07:29:52.724171
1710,360,1430.32,2025-07-11 23:08:06.114374
1711,373,981.46,2025-09-08 06:29:30.500228
1712,12,347.7,2025-08-24 12:01:33.414448
1713,229,4388.38,2025-11-27 06:53:04.460119
1714,963,9360.63,2025-07-16 14:48:28.805342
1715,963,1681.36,2026-01-27 15:58:13.122122
1716,326,2980.44,2025-08-30 20:26:57.756179
1717,16,3918.54,2026-02-26 19:15:44.385415
1718,200,2414.5,2025-08-12 02:29:30.927351
1719,365,90.32,2025-06-09 14:34:19.015211
1720,963,343.08,2025-08-18 05:11:03.364452
1721,160,147.27,2026-01-03 03:07:36.043281
1722,740,19.86,2025-12-14 02:25:38.072174
1723,101,730.56,2026-04-17 00:25:32.781915
1724,977,996.33,2026-02-04 04:37:26.929241
1725,365,551.59,2025-06-17 02:50:59.464505
1726,747,133.57,2025-12-14 18:42:26.067229
1727,306,1509.46,2025-09-24 10:24:52.770846
1728,569,638.54,2025-07-29 04:09:52.104083
1729,200,3179.63,2025-09-09 20:48:40.418304
1730,170,16.17,2025-09-11 02:43:26.599514
1731,944,3697.0,2026-03-06 18:54:02.479818
1732,936,6191.27,2025-07-10 06:33:19.354246
1733,901,2518.51,2025-06-08 02:20:55.389697
1734,567,2645.84,2026-01-02 04:57:08.452817
1735,775,5422.98,2026-05-19 21:02:23.443211
1736,42,,2026-05-29 06:04:04.056191
1737,296,10430.0,2025-12-03 11:47:00.247733
1738,281,2969.85,2025-09-24 11:06:59.644984
1739,572,2593.42,2025-10-24 18:35:46.316148
1740,331,895.99,2026-03-08 13:54:11.342337
1741,178,1578.34,2025-07-21 05:08:47.512562
1742,540,2122.16,2026-02-09 00:02:49.813032
1743,787,1936.97,2026-05-21 08:16:54.214413
1744,365,2441.46,2026-02-11 14:01:58.204137
1745,139,171.95,2025-09-17 03:17:30.876657
1746,200,879.02,2025-06-07 19:57:12.141563
1747,200,1138.32,2025-09-19 02:43:13.446219
1748,253,603.91,2025-08-25 21:05:29.895894
1749,577,,2025-06-24 02:28:09.479891
1750,543,299.15,2025-12-15 06:24:11.521580
1751,645,912.62,2025-10-16 16:03:15.483444
1752,333,1360.23,2026-04-07 23:05:53.633412
1753,793,130.09,2025-12-28 22:23:30.583457
1754,200,5854.58,2026-04-05 12:01:52.619403
1755,415,2898.41,2025-08-09 21:27:21.578328
1756,767,,2025-10-10 00:58:32.501755
1757,200,379.56,2026-02-02 03:38:47.934843
1758,102,1851.68,2026-02-06 05:40:59.600075
1759,898,1508.88,2025-08-12 11:31:54.164202
1760,307,8087.55,2025-10-07 13:32:20.468837
1761,618,2754.05,2025-06-18 12:47:39.551706
1762,1,1714.92,2025-10-14 00:39:03.310476
1763,632,3805.1,2025-06-20 17:06:45.220853
1764,285,337.06,2025-07-12 23:41:26.550190
1765,30,30.67,2025-12-14 15:14:53.266435
1766,543,2343.87,2026-03-29 13:15:02.431759
1767,200,206.97,2025-06-30 21:24:26.594270
1768,365,245.32,2025-07-06 12:26:23.478342
1769,56,2730.48,2025-06-09 15:43:26.736314
1770,173,630.89,2025-07-11 21:12:36.917122
1771,247,1981.12,2025-12-09 09:43:47.112936
1772,68,4987.66,2026-02-13 12:10:03.118709
1773,928,760.98,2026-01-30 14:33:02.112607
1774,1,489.61,2025-11-27 06:29:31.253300
1775,415,225.36,2025-10-11 17:16:53.800507
1776,128,279.59,2026-05-27 22:49:08.258355
1777,267,128.49,2025-09-09 15:48:18.167994
1778,939,183.45,2025-10-22 19:14:31.767969
1779,200,1131.28,2025-11-05 09:20:09.987762
1780,965,773.87,2025-08-09 15:51:50.380666
1781,200,2452.17,2026-03-23 17:03:33.021932
1782,729,4084.16,2025-08-27 22:19:27.966708
1783,483,3072.13,2025-08-25 12:44:48.942119
1784,899,1512.76,2026-05-05 12:27:11.144644
1785,483,216.16,2025-10-02 20:34:07.329917
1786,480,2474.14,2025-09-28 09:46:51.306131
1787,200,901.43,2025-11-04 12:02:16.374797
1788,200,179.08,2026-01-14 13:30:46.608652
1789,936,3696.23,2026-05-30 08:51:52.127074
1790,293,825.63,2026-01-06 20:58:14.633646
1791,350,492.44,2025-12-25 09:56:03.670447
1792,739,4102.91,2025-12-04 20:53:22.136921
1793,298,4648.31,2025-07-22 00:39:24.888319
1794,963,827.91,2025-12-25 08:37:02.196457
1795,722,876.39,2025-06-02 07:29:08.139735
1796,540,1733.23,2025-09-12 14:19:24.672212
1797,891,2644.32,2025-11-26 20:20:34.262339
1798,23,130.46,2025-11-13 19:32:51.278391
1799,209,1799.57,2026-02-20 02:03:28.691158
1800,415,6107.57,2026-04-17 06:46:09.547915
1801,200,607.88,2026-04-25 17:20:07.106773
1802,731,4790.0,2025-11-13 10:36:42.546553
1803,936,5998.21,2026-02-27 04:49:31.032320
1804,383,627.1,2026-05-19 10:27:25.191201
1805,305,2806.49,2025-12-23 08:01:35.687839
1806,965,545.65,2026-05-03 17:44:54.427021
1807,415,2675.86,2026-05-27 13:41:28.005016
1808,415,3193.24,2026-01-19 12:40:37.882263
1809,324,567.93,2025-11-26 04:12:58.780846
1810,925,2516.64,2025-08-13 18:56:15.922899
1811,488,3343.74,2026-01-24 11:13:33.191236
1812,740,888.14,2026-01-16 21:10:50.780525
1813,779,367.13,2026-01-26 23:58:29.361947
1814,305,192.94,2025-12-07 19:04:28.159610
1815,396,1713.13,2025-10-15 00:04:17.212097
1816,829,7642.37,2025-06-09 13:28:05.579520
1817,334,3462.65,2026-02-25 14:14:31.262031
1818,761,1144.83,2025-10-16 20:57:32.229676
1819,948,1538.42,2025-07-29 03:55:48.920788
1820,565,655.7,2025-12-07 15:58:23.220288
1821,729,356.02,2026-05-23 05:59:06.605010
1822,771,1315.87,2025-11-08 13:20:43.480267
1823,828,1245.38,2026-01-25 05:47:53.520108
1824,365,1476.0,2025-09-14 09:10:49.612508
1825,24,6106.92,2025-06-05 10:30:06.508645
1826,365,,2026-03-25 06:57:09.902412
1827,605,1861.65,2026-02-09 16:36:54.467417
1828,415,273.99,2025-12-04 06:24:22.316449
1829,733,11303.63,2026-05-10 05:04:56.484018
1830,332,2964.24,2025-09-24 02:46:30.397579
1831,570,4194.45,2025-09-19 17:05:22.671906
1832,200,1069.9,2025-09-28 20:58:29.639433
1833,733,1394.82,2026-04-19 20:05:55.086845
1834,483,1476.64,2025-12-15 11:25:54.258312
1835,200,431.58,2025-07-25 17:39:07.028479
1836,242,2339.07,2025-12-13 19:15:34.617211
1837,733,,2026-03-29 20:39:46.225598
1838,415,357.55,2026-03-16 20:20:17.240441
1839,200,180.55,2026-05-25 22:45:18.661335
1840,965,2680.49,2025-11-30 04:03:10.273191
1841,696,638.21,2026-02-10 14:06:24.721625
1842,963,1955.6,2025-08-13 08:27:55.281699
1843,388,2379.87,2026-03-03 01:36:16.277068
1844,415,776.95,2025-10-09 14:51:42.569175
1845,914,3376.36,2026-05-08 03:05:17.287353
1846,463,1596.97,2026-04-01 09:08:41.422181
1847,675,4065.11,2026-01-20 13:10:07.100022
1848,206,2881.87,2025-06-07 10:55:19.492637
1849,415,4058.65,2026-01-18 19:38:02.162496
1850,128,40.73,2025-06-06 01:15:41.911232
1851,200,,2025-07-11 06:09:29.379021
1852,1,188.64,2026-01-28 12:38:05.546658
1853,12,1167.09,2026-01-02 02:31:38.625767
1854,977,4413.82,2025-07-03 09:40:08.024345
1855,200,1260.5,2025-08-30 08:41:41.979510
1856,591,3790.42,2025-12-01 09:36:36.362379
1857,814,792.55,2025-10-09 21:52:36.739300
1858,483,829.73,2026-05-27 06:00:20.882105
1859,187,4518.32,2025-11-10 16:28:51.622708
1860,710,1109.61,2026-05-03 16:25:49.241283
1861,543,3119.06,2026-01-20 20:11:47.207280
1862,711,540.06,2026-02-05 23:51:02.920663
1863,744,5944.06,2025-07-20 04:01:18.268492
1864,973,1709.35,2025-07-07 00:51:42.895370
1865,502,2848.6,2025-06-22 19:06:12.741325
1866,305,187.56,2025-11-16 00:23:53.343709
1867,577,1357.16,2026-01-09 13:52:35.249020
1868,41,4626.05,2025-11-03 11:12:43.817064
1869,914,4191.77,2025-10-19 18:35:33.399683
1870,120,95.89,2026-02-21 12:22:55.182853
1871,293,723.94,2025-08-08 00:11:19.906301
1872,791,1171.53,2025-07-19 06:58:32.229925
1873,540,378.12,2026-01-21 11:47:43.991222
1874,365,2618.65,2026-01-20 10:26:01.272883
1875,415,407.94,2025-12-24 13:14:30.871238
1876,829,851.25,2025-07-26 11:38:58.795256
1877,300,2177.01,2025-10-10 14:47:20.217652
1878,868,1315.91,2025-11-20 00:42:32.071568
1879,67,2683.19,2026-05-20 21:00:35.336375
1880,751,6499.08,2026-04-15 12:45:42.027571
1881,829,247.83,2025-09-14 19:51:33.837337
1882,200,2472.77,2025-08-11 02:11:00.888678
1883,395,523.62,2026-03-02 22:08:30.012046
1884,200,1070.5,2026-04-25 16:25:27.468343
1885,673,66.83,2025-12-04 03:23:43.805112
1886,480,292.15,2025-11-29 05:50:14.581199
1887,571,770.67,2025-06-05 20:46:56.043705
1888,200,837.06,2025-06-19 10:56:31.395878
1889,200,4596.89,2025-11-16 20:56:31.327741
1890,13,2708.14,2025-07-15 17:14:33.110734
1891,291,7164.21,2026-03-09 23:36:56.180999
1892,483,1827.94,2026-03-27 18:43:06.239430
1893,832,553.39,2025-10-11 00:55:07.807468
1894,595,793.97,2026-03-29 23:43:27.057133
1895,397,770.84,2025-09-24 11:09:57.735690
1896,963,790.52,2026-04-16 00:45:19.034390
1897,705,2235.37,2025-06-21 10:23:29.999816
1898,939,1513.49,2026-05-25 19:26:54.719843
1899,471,973.65,2026-02-27 01:40:42.929933
1900,215,322.9,2025-11-21 20:27:46.364569
1901,25,44.78,2025-07-28 13:51:24.479911
1902,710,493.94,2025-08-12 21:25:17.761508
1903,124,227.39,2025-11-25 16:33:00.266072
1904,261,3078.38,2025-10-04 05:20:27.278839
1905,475,238.69,2025-09-17 19:20:24.149480
1906,483,2576.36,2025-10-01 06:39:10.861021
1907,543,974.41,2026-03-28 14:36:32.771683
1908,200,152.42,2025-08-20 16:33:37.796506
1909,365,3350.41,2026-03-10 05:25:57.330364
1910,554,,2025-11-24 04:27:24.367121
1911,970,537.75,2025-12-14 21:08:49.100276
1912,710,4501.53,2025-08-01 04:56:24.765953
1913,936,92.63,2025-06-19 11:57:22.763620
1914,740,450.84,2026-05-23 14:57:56.171173
1915,528,2789.03,2025-12-05 16:04:17.255283
1916,200,2471.46,2026-02-27 12:35:30.631572
1917,595,682.93,2026-05-13 10:46:00.546422
1918,565,128.06,2026-02-27 07:24:04.660840
1919,543,3904.96,2025-06-02 15:18:55.146875
1920,415,752.87,2025-09-09 07:50:10.684000
1921,474,435.6,2026-05-02 15:19:01.085645
1922,296,1451.6,2026-03-01 17:05:59.065321
1923,457,4820.95,2026-05-02 11:50:21.373840
1924,200,89.05,2026-05-23 23:59:43.640147
1925,771,,2025-06-18 17:05:17.544891
1926,200,1699.48,2026-01-21 02:38:15.730790
1927,60,1108.33,2026-05-12 04:20:39.875770
1928,399,2725.78,2025-06-11 05:00:28.838884
1929,585,6752.49,2025-11-10 21:39:47.583050
1930,401,520.67,2026-02-10 01:02:24.417814
1931,229,310.15,2025-06-05 13:59:48.967581
1932,483,4880.98,2025-11-03 07:34:42.778747
1933,316,,2025-08-27 01:21:32.630318
1934,939,1152.46,2026-04-09 18:18:19.938256
1935,936,1703.16,2026-01-22 05:23:03.961217
1936,436,2737.8,2026-04-17 22:22:15.047076
1937,293,2965.89,2026-03-28 02:58:53.723508
1938,718,5048.81,2025-07-29 12:26:50.986855
1939,8,1113.19,2025-07-17 12:50:11.676471
1940,415,694.61,2025-10-02 07:23:19.273174
1941,296,2041.44,2025-12-06 17:01:57.674702
1942,936,1074.78,2025-12-26 20:39:22.518553
1943,1,1805.75,2025-07-14 03:24:30.453289
1944,483,1089.41,2026-05-18 16:54:32.449755
1945,728,332.1,2025-10-31 13:58:56.764858
1946,415,1267.59,2026-04-02 18:27:31.317670
1947,60,2348.3,2025-09-04 01:35:43.758827
1948,973,3211.73,2025-07-08 03:27:47.201981
1949,457,1359.78,2025-07-27 17:01:37.142677
1950,547,361.22,2025-08-17 18:25:14.044754
1951,200,1071.22,2025-10-27 14:53:38.366216
1952,415,3086.31,2026-04-11 21:41:53.504923
1953,393,1064.98,2026-04-14 20:27:54.023656
1954,54,2384.95,2025-10-16 01:41:22.954240
1955,98,1415.36,2025-10-23 00:05:53.020552
1956,810,552.1,2026-05-08 21:10:38.662499
1957,200,3180.75,2025-08-14 18:48:19.498147
1958,200,175.94,2026-02-06 22:08:42.112342
1959,441,1488.42,2025-08-13 03:30:51.346946
1960,743,468.64,2025-10-20 13:34:17.500710
1961,35,138.84,2026-04-29 11:11:45.022978
1962,505,1398.06,2026-02-23 14:18:43.609255
1963,119,1384.54,2025-06-27 08:13:01.933711
1964,8,2454.49,2026-02-19 13:16:16.977393
1965,25,2731.03,2026-02-13 01:10:59.648793
1966,807,2602.37,2025-12-23 03:00:51.565725
1967,117,1053.77,2025-06-10 05:24:01.408336
1968,17,1997.66,2025-09-05 01:22:52.175752
1969,401,1720.51,2025-08-26 12:14:57.796537
1970,826,1094.85,2026-03-18 21:24:02.522415
1971,225,1818.69,2026-05-28 01:47:23.253912
1972,379,5884.3,2025-07-22 23:29:59.974376
1973,12,428.6,2026-05-22 03:13:09.219941
1974,415,4724.08,2025-10-09 21:31:13.238145
1975,507,109.87,2026-04-28 00:42:22.225043
1976,492,737.46,2025-07-01 04:53:05.383069
1977,296,679.76,2025-11-29 22:20:03.258724
1978,283,1968.95,2025-12-23 10:04:11.061655
1979,98,281.34,2026-01-02 19:29:42.267109
1980,343,4280.04,2025-08-31 22:37:10.014936
1981,83,3526.94,2026-04-13 07:09:25.889569
1982,741,2111.48,2025-08-01 08:20:27.963253
1983,965,1226.51,2025-12-09 06:06:43.112567
1984,971,5404.81,2026-04-03 22:05:11.674911
1985,853,3552.72,2025-10-09 20:45:56.317543
1986,543,1383.56,2025-12-03 00:42:40.389011
1987,660,2420.47,2025-10-11 05:27:52.515207
1988,237,1673.71,2026-03-03 04:12:46.409557
1989,570,1773.18,2026-04-22 10:14:01.634976
1990,415,803.87,2026-02-14 01:06:33.252774
1991,415,,2025-07-21 11:17:41.913572
1992,733,162.68,2025-06-30 22:10:24.847329
1993,229,884.31,2025-09-14 07:13:10.403070
1994,287,2380.33,2026-05-18 06:11:20.984176
1995,938,6124.43,2025-07-09 04:07:38.966939
1996,31,6597.14,2026-04-01 21:54:23.147100
1997,415,1622.61,2025-08-20 11:10:22.548304
1998,929,1865.97,2026-02-01 23:39:51.672287
1999,543,410.9,2025-07-19 08:19:24.319424
2000,483,2376.91,2025-11-26 05:13:41.350040
2001,200,146.56,2026-02-04 11:48:52.440873
2002,307,670.07,2025-08-03 13:49:36.110116
2003,829,2207.43,2025-09-22 10:21:09.029986
2004,483,743.03,2025-06-04 20:00:31.785173
2005,457,102.26,2026-03-11 19:49:42.785621
2006,84,3566.04,2025-11-03 22:03:48.559828
2007,1,743.08,2025-09-24 15:40:53.938173
2008,965,130.37,2026-02-28 17:33:29.760891
2009,359,155.47,2025-12-07 10:19:02.476870
2010,543,580.06,2025-07-24 10:17:56.650750
2011,56,392.07,2026-04-11 08:56:48.508639
2012,618,2977.1,2025-06-25 02:09:31.340241
2013,939,776.28,2025-10-08 05:12:13.742634
2014,504,3266.39,2025-08-19 08:02:17.155230
2015,131,381.95,2025-10-31 17:03:39.849479
2016,518,1358.01,2025-08-24 11:39:04.786709
2017,740,2329.74,2025-09-15 03:13:16.546666
2018,365,2111.05,2026-05-01 10:29:17.400950
2019,888,1838.24,2025-11-13 02:42:38.968007
2020,577,5175.78,2026-02-25 01:50:16.298902
2021,914,518.9,2026-04-20 05:41:46.974100
2022,565,1361.33,2025-07-28 16:13:21.248070
2023,136,4308.2,2025-12-17 05:10:01.041323
2024,271,162.19,2026-04-01 11:15:23.896227
2025,200,115.02,2026-02-02 07:55:32.918558
2026,923,531.33,2025-07-26 19:19:10.775568
2027,739,2004.9,2026-02-06 07:52:33.356027
2028,610,601.88,2025-08-10 14:36:33.473658
2029,255,422.03,2025-06-18 04:55:11.116075
2030,200,1227.94,2025-12-11 03:34:42.952344
2031,733,1901.75,2025-06-03 15:49:56.615063
2032,415,571.52,2025-07-16 21:44:51.377937
2033,200,715.33,2025-06-03 19:43:06.132475
2034,552,1901.55,2025-09-03 19:23:19.987418
2035,12,5827.88,2026-05-19 23:31:34.195169
2036,293,2246.27,2026-01-27 03:35:22.957626
2037,415,3054.83,2025-08-19 12:40:49.451140
2038,176,913.97,2026-05-08 03:05:18.944753
2039,980,635.61,2025-06-14 07:54:16.410929
2040,200,1211.25,2025-11-29 15:05:35.212993
2041,136,3291.51,2026-03-08 00:33:14.640164
2042,200,1218.71,2025-12-28 12:10:57.102190
2043,743,3751.05,2025-06-27 18:57:09.573436
2044,386,,2025-08-05 23:59:55.485847
2045,483,149.5,2026-05-08 04:49:33.586861
2046,1,92.95,2026-02-24 06:59:45.942035
2047,5,324.07,2026-02-09 13:57:54.130240
2048,415,970.22,2026-01-24 00:35:46.538929
2049,791,280.92,2026-03-20 02:20:35.473907
2050,899,4090.69,2026-02-16 01:18:14.488672
2051,63,46.84,2025-08-14 00:38:12.793800
2052,483,758.99,2026-05-23 03:49:28.893838
2053,929,408.39,2025-08-30 15:15:50.566279
2054,365,5362.99,2025-12-23 09:38:23.031623
2055,797,2214.18,2025-06-15 06:13:40.819917
2056,140,4861.52,2025-06-17 10:14:42.505256
2057,941,7174.72,2026-03-04 12:15:46.453428
2058,733,1374.72,2025-12-12 20:05:23.588260
2059,949,533.98,2025-11-02 01:34:01.258181
2060,611,430.67,2025-08-17 18:05:13.860781
2061,334,504.42,2025-09-11 21:22:29.690054
2062,944,2466.07,2026-04-05 02:24:07.666251
2063,229,82.57,2025-11-11 17:17:10.773358
2064,296,105.45,2025-09-03 08:30:13.464480
2065,660,1873.72,2026-02-15 12:29:35.054715
2066,740,2054.76,2025-12-12 08:40:28.296542
2067,939,2188.82,2026-05-13 07:32:41.022607
2068,200,930.05,2025-07-04 18:19:58.574665
2069,767,3279.23,2026-02-03 07:54:54.415874
2070,723,1525.53,2025-08-30 18:14:50.471450
2071,39,222.9,2025-10-26 10:13:44.649588
2072,365,3190.08,2025-08-22 04:40:47.888791
2073,231,6118.1,2025-07-05 04:30:28.801911
2074,264,123.83,2025-08-12 19:17:58.767624
2075,977,993.03,2025-11-23 08:09:25.394045
2076,577,1336.97,2026-05-25 04:07:02.720133
2077,704,316.75,2025-06-10 04:03:27.123493
2078,977,4045.5,2025-11-12 07:47:36.850255
2079,359,668.57,2025-07-22 17:43:43.424133
2080,768,3055.79,2026-03-08 07:32:49.381049
2081,396,2223.36,2026-01-04 06:11:30.010303
2082,867,1822.83,2026-01-14 20:14:54.146096
2083,200,426.74,2025-11-16 14:05:09.866513
2084,963,498.73,2025-11-28 18:23:44.575675
2085,200,97.01,2025-09-14 09:49:07.338839
2086,293,550.75,2025-11-07 10:07:51.478068
2087,733,847.6,2025-09-29 09:06:06.440991
2088,365,3581.26,2026-05-18 15:07:53.338573
2089,543,912.65,2025-12-28 14:07:16.391596
2090,415,2809.91,2025-07-29 17:55:57.085261
2091,729,1157.65,2025-06-28 04:46:18.793486
2092,200,3073.01,2025-12-01 08:42:50.295697
2093,33,7482.17,2025-12-21 21:04:13.546052
2094,253,548.46,2026-02-08 10:49:18.662478
2095,415,3965.96,2025-07-07 19:06:48.784203
2096,200,1944.79,2025-12-24 23:28:33.340357
2097,331,3399.76,2026-04-13 21:43:11.836688
2098,365,2108.73,2025-06-27 07:42:58.605880
2099,33,1103.12,2026-05-25 12:50:42.889524
2100,520,517.74,2026-05-01 10:36:32.056664
2101,899,145.22,2025-07-25 15:13:25.881893
2102,184,1533.67,2025-10-16 21:35:46.828531
2103,540,9276.65,2025-10-03 03:55:35.777508
2104,593,2679.14,2026-03-26 03:32:17.444772
2105,379,793.05,2026-02-17 01:30:14.579721
2106,661,3511.3,2026-04-08 13:49:02.859832
2107,369,2930.54,2026-03-15 04:16:09.601550
2108,441,661.56,2026-02-28 03:29:49.805342
2109,1,28.82,2025-11-08 01:41:14.360172
2110,635,251.5,2025-12-27 19:44:29.728394
2111,588,4196.13,2025-10-09 12:47:58.539545
2112,10,3622.66,2025-08-09 23:08:22.376773
2113,347,699.71,2026-05-15 21:13:50.635898
2114,977,671.49,2026-05-12 09:50:19.761507
2115,379,3148.77,2025-07-08 06:24:43.224510
2116,434,5552.79,2025-11-27 09:24:31.198124
2117,926,3020.43,2025-10-26 06:16:54.337357
2118,702,1860.67,2026-03-31 14:44:35.280922
2119,519,555.92,2025-08-14 17:41:51.550792
2120,766,1492.03,2025-09-15 11:17:01.533791
2121,850,531.87,2026-04-10 17:54:28.737689
2122,415,3300.64,2026-05-12 02:34:20.546983
2123,415,978.65,2025-07-23 02:00:21.475954
2124,365,3587.89,2026-03-12 08:06:43.311673
2125,965,961.27,2025-10-18 08:32:03.348393
2126,649,3476.24,2025-12-26 22:47:34.037208
2127,59,810.88,2026-04-09 21:08:02.592406
2128,848,1160.11,2025-11-18 10:41:41.239924
2129,415,1911.56,2025-12-04 09:11:07.415045
2130,42,145.76,2026-03-11 23:05:14.770475
2131,483,5921.0,2026-01-21 02:29:37.344767
2132,379,1704.78,2026-03-06 16:04:33.325075
2133,886,1417.82,2025-08-21 11:06:35.741632
2134,200,3657.6,2025-05-31 17:46:34.954892
2135,793,4016.29,2026-04-26 23:28:12.167278
2136,483,1477.38,2026-04-10 15:31:45.258356
2137,27,5241.79,2026-05-30 14:40:58.487013
2138,973,133.86,2025-09-06 08:50:18.654952
2139,453,240.33,2026-04-21 17:23:25.886443
2140,242,1816.59,2026-03-27 01:35:25.866143
2141,415,874.12,2026-05-13 17:03:34.717119
2142,832,,2025-12-06 23:05:34.421920
2143,265,795.23,2025-06-15 22:51:27.481009
2144,200,1037.46,2025-11-09 15:49:34.576303
2145,135,3459.22,2026-04-23 21:15:21.539523
2146,247,1800.23,2025-09-13 09:31:05.955883
2147,751,11862.28,2025-09-01 15:06:55.262680
2148,415,3091.79,2025-11-07 00:13:30.390295
2149,200,639.49,2025-11-02 05:05:25.664940
2150,200,613.99,2025-08-17 16:25:01.532200
2151,296,818.64,2026-03-19 08:32:10.507123
2152,946,3706.33,2025-12-31 21:01:03.143557
2153,307,55.33,2026-01-11 02:19:27.081322
2154,983,523.2,2025-09-28 22:30:42.734975
2155,415,4706.04,2026-03-10 06:25:26.624918
2156,200,2042.73,2025-09-20 14:16:51.857942
2157,903,514.56,2025-12-14 07:57:03.728549
2158,415,494.73,2025-10-22 11:53:25.450779
2159,684,3969.98,2025-07-25 20:58:16.992002
2160,977,4484.06,2025-08-24 07:12:17.005743
2161,24,591.78,2026-01-02 14:04:43.481209
2162,80,1091.21,2026-05-09 00:27:09.098966
2163,705,3598.73,2026-02-11 06:10:19.182137
2164,229,2948.13,2025-06-30 15:43:30.918526
2165,200,3363.12,2025-06-05 11:32:10.137162
2166,12,1461.28,2025-07-01 12:02:49.953059
2167,1,4850.61,2026-04-14 22:54:22.463183
2168,746,788.91,2025-09-20 19:23:44.244961
2169,142,340.8,2025-11-23 16:06:09.424360
2170,415,2467.03,2025-09-16 11:23:03.412561
2171,543,,2026-04-01 15:39:23.312269
2172,390,3856.34,2025-10-23 23:45:39.830715
2173,3,169.28,2025-08-04 19:30:25.383275
2174,753,3711.86,2026-02-24 22:46:02.440885
2175,1,694.28,2025-10-27 23:01:31.471402
2176,740,2127.59,2025-08-07 04:06:38.987443
2177,905,81.91,2025-09-07 11:14:26.210987
2178,396,1881.07,2025-06-12 15:01:20.215787
2179,481,2526.54,2026-03-15 14:53:12.018459
2180,415,920.11,2026-02-07 23:13:32.135408
2181,365,485.19,2026-04-20 22:58:30.677423
2182,901,1542.78,2026-04-19 22:53:40.649289
2183,905,3581.81,2026-04-26 19:28:12.405123
2184,296,781.79,2026-02-26 11:10:41.903338
2185,550,581.96,2026-03-17 02:41:58.037771
2186,939,654.05,2026-02-13 02:45:18.179905
2187,965,5957.05,2026-01-21 10:15:32.093580
2188,445,890.32,2026-02-15 05:33:05.004388
2189,415,7.22,2026-03-25 15:09:26.798527
2190,229,3043.6,2025-09-25 08:50:56.820787
2191,964,2403.12,2025-12-10 10:29:33.104945
2192,166,275.24,2025-12-02 08:38:50.209662
2193,513,8386.68,2025-08-26 14:58:55.259960
2194,230,1873.3,2025-11-23 19:05:52.730728
2195,229,1389.41,2025-07-27 21:33:40.045849
2196,365,963.24,2025-11-24 08:35:50.593375
2197,997,4578.8,2026-01-01 16:52:01.440766
2198,28,559.33,2025-07-23 19:40:18.406156
2199,510,673.1,2025-08-27 18:18:27.521226
2200,58,261.15,2025-12-14 21:41:00.279958
2201,191,2846.91,2025-09-22 10:56:53.965234
2202,403,1810.45,2025-07-16 21:39:48.749209
2203,447,1878.43,2026-01-28 18:31:22.845417
2204,215,493.0,2026-01-25 05:59:15.003680
2205,285,,2025-07-18 12:16:36.068517
2206,64,2900.25,2025-07-07 17:08:03.367017
2207,261,885.99,2026-02-24 14:53:23.704376
2208,965,,2026-02-05 23:41:30.962095
2209,959,857.85,2026-04-18 08:24:23.982941
2210,296,2838.78,2025-08-11 07:00:47.016958
2211,492,68.62,2026-01-11 11:32:57.540316
2212,925,,2025-06-04 06:43:28.062835
2213,1,6981.8,2025-08-24 15:00:31.605052
2214,777,7952.55,2025-10-31 16:44:02.718591
2215,963,661.88,2026-02-18 14:18:14.694427
2216,68,1164.64,2025-12-27 09:41:25.002913
2217,200,130.1,2026-04-03 20:09:15.895343
2218,965,4132.52,2025-07-20 08:59:48.268340
2219,483,1681.31,2026-02-11 21:33:51.688119
2220,1,972.59,2026-05-21 00:59:12.044579
2221,211,239.3,2026-01-16 15:14:01.225893
2222,415,5866.16,2025-08-31 05:47:53.070489
2223,639,1510.98,2025-11-15 11:00:13.566394
2224,711,665.16,2026-01-16 09:55:36.731815
2225,987,862.23,2026-05-29 20:59:29.442255
2226,240,631.33,2025-12-12 12:00:31.659883
2227,483,1841.65,2026-04-20 15:18:05.415558
2228,477,5317.48,2025-06-26 02:39:33.902437
2229,365,3885.54,2025-12-10 22:45:57.057819
2230,200,1233.78,2026-02-15 03:04:53.310627
2231,977,3503.15,2026-01-02 03:37:56.979439
2232,829,1100.19,2026-01-17 21:23:15.280319
2233,426,581.53,2025-11-13 23:00:28.885763
2234,543,8198.53,2025-12-09 03:59:34.071948
2235,200,724.49,2026-02-24 14:15:40.896298
2236,483,782.31,2025-10-19 01:23:27.827298
2237,643,9149.84,2026-05-17 12:06:28.443998
2238,457,287.57,2026-04-08 00:49:19.315344
2239,986,2858.69,2026-05-23 08:00:49.735904
2240,543,5491.9,2026-04-23 03:08:47.430902
2241,350,1434.04,2025-06-04 18:45:32.333385
2242,746,5.05,2026-03-16 11:26:47.863627
2243,200,940.2,2025-09-03 15:25:01.021352
2244,365,236.6,2026-05-26 21:59:57.744132
2245,315,1076.35,2025-09-10 10:52:00.730016
2246,396,3121.55,2025-09-01 08:06:06.203823
2247,751,1155.04,2025-08-11 09:50:52.905326
2248,415,1131.0,2026-05-15 02:21:47.664479
2249,761,1627.42,2025-08-31 08:31:24.460942
2250,505,1743.07,2026-05-27 21:56:32.042400
2251,305,3880.0,2026-02-15 01:36:15.187315
2252,776,737.37,2025-08-13 16:52:04.199501
2253,200,3448.25,2026-01-10 03:31:43.817735
2254,200,1669.12,2025-08-19 04:55:16.086956
2255,441,714.86,2026-04-22 00:30:55.684635
2256,222,699.47,2025-12-26 20:47:55.591223
2257,1,896.13,2025-08-07 15:22:06.874661
2258,577,1949.39,2026-04-11 22:00:20.168166
2259,449,524.84,2025-10-28 17:33:37.464803
2260,415,5059.81,2025-11-13 18:02:55.412779
2261,965,1710.92,2025-05-31 19:52:56.510495
2262,493,5051.85,2025-09-21 13:20:41.244691
2263,849,95.03,2025-07-21 11:38:31.691278
2264,155,838.96,2025-10-30 06:21:01.992220
2265,488,46.14,2025-10-19 23:41:37.269911
2266,862,635.6,2026-01-07 17:26:41.355239
2267,520,3961.1,2025-06-14 05:14:31.882134
2268,705,74.59,2025-06-26 10:10:44.354593
2269,350,1145.92,2026-03-03 05:15:28.328214
2270,68,250.14,2025-07-08 12:08:26.182717
2271,415,1078.59,2025-12-28 18:26:11.471032
2272,365,3650.86,2025-06-13 20:00:23.949552
2273,859,1951.4,2026-03-04 11:42:00.718092
2274,200,2669.35,2026-03-03 03:18:25.518396
2275,965,858.81,2026-04-22 14:42:56.217626
2276,963,5779.06,2025-12-04 16:16:18.063785
2277,200,2470.67,2026-02-20 09:44:18.272269
2278,318,1095.67,2026-05-08 07:57:21.695481
2279,908,1111.87,2026-03-08 20:51:32.299725
2280,965,5018.83,2025-08-03 03:33:08.956178
2281,415,1717.95,2026-04-10 03:53:32.920511
2282,291,2450.93,2025-09-12 09:25:18.801142
2283,466,1079.26,2025-08-22 17:08:49.471021
2284,626,506.41,2025-09-09 06:39:34.812767
2285,229,2571.52,2026-02-11 01:44:24.029358
2286,716,1872.09,2026-04-18 00:07:34.962946
2287,24,1391.67,2025-10-12 23:06:57.473998
2288,23,1956.44,2026-01-18 05:19:37.119607
2289,365,467.11,2026-05-19 11:40:40.531765
2290,330,3159.16,2025-09-01 13:14:47.594388
2291,283,5919.29,2026-02-07 16:44:41.609011
2292,415,4434.71,2025-08-30 21:30:13.364787
2293,291,775.55,2026-01-16 20:09:55.946317
2294,200,1041.77,2025-11-10 17:37:02.614057
2295,271,3304.71,2025-07-04 02:21:08.895591
2296,973,1808.31,2026-04-15 04:16:03.630739
2297,369,1587.77,2026-05-20 19:24:41.033680
2298,415,5224.81,2025-08-01 13:55:15.691131
2299,505,1535.85,2025-09-15 14:26:37.961362
2300,977,1446.96,2025-11-08 02:25:46.608774
2301,200,85.85,2026-03-16 14:07:09.321660
2302,617,143.89,2026-03-02 10:02:03.622196
2303,698,14.9,2025-09-21 19:02:54.863049
2304,543,4889.32,2026-05-15 23:36:02.794220
2305,68,1049.8,2025-06-29 15:36:12.128656
2306,611,1264.34,2025-10-10 16:56:38.277900
2307,39,3733.66,2025-09-26 15:40:15.940248
2308,539,1879.36,2025-08-13 16:08:42.916642
2309,726,1880.66,2026-03-12 06:44:34.512015
2310,200,703.47,2025-07-30 05:27:20.043361
2311,819,3590.43,2025-06-22 14:12:24.141669
2312,5,362.64,2025-06-08 12:35:28.035838
2313,825,109.23,2026-03-16 01:33:35.781215
2314,415,,2026-02-11 01:58:18.472004
2315,200,623.23,2025-08-04 13:13:34.577035
2316,141,663.44,2025-08-29 13:27:20.965117
2317,963,2220.44,2026-03-25 03:39:56.780478
2318,47,491.35,2025-08-16 00:51:04.948356
2319,200,2258.09,2025-09-25 17:16:43.348506
2320,318,191.11,2025-10-13 09:54:04.720383
2321,560,318.47,2025-07-01 12:08:59.973567
2322,483,1421.9,2025-07-27 08:06:54.437376
2323,131,5099.42,2025-08-05 15:37:06.784274
2324,240,3926.06,2025-11-29 23:58:47.530673
2325,200,6931.69,2026-03-23 13:06:25.595946
2326,200,2102.38,2026-04-17 17:39:53.978822
2327,369,2252.88,2025-11-29 19:30:41.961438
2328,665,1961.78,2025-11-02 09:47:32.721366
2329,200,1950.06,2025-08-10 13:06:08.420271
2330,342,,2026-01-24 03:46:11.196332
2331,365,1569.38,2025-07-13 22:49:16.129216
2332,976,975.74,2025-07-05 06:11:13.521295
2333,963,1168.72,2025-08-25 20:18:49.684798
2334,767,1483.0,2025-06-25 03:49:16.285265
2335,200,274.84,2025-08-23 09:12:18.156045
2336,41,890.97,2025-12-01 16:47:08.410157
2337,286,131.1,2025-09-27 05:57:08.245646
2338,229,7791.13,2026-03-24 22:10:23.223226
2339,442,252.32,2025-12-05 19:36:47.619524
2340,751,598.23,2026-02-08 03:06:46.865925
2341,834,4438.2,2026-02-01 20:26:26.410344
2342,828,1318.3,2025-09-18 13:21:11.646108
2343,333,291.53,2026-04-09 12:14:50.034939
2344,623,969.77,2025-12-25 22:40:35.530010
2345,279,246.3,2026-05-27 10:24:26.278703
2346,33,446.83,2026-04-30 16:35:42.145808
2347,661,106.86,2026-05-12 07:07:04.920655
2348,1,1153.32,2025-09-23 15:08:25.283165
2349,368,3286.36,2026-01-19 17:24:56.699091
2350,295,1763.63,2025-08-17 05:00:22.675449
2351,639,1864.56,2025-05-30 13:49:50.952671
2352,740,447.75,2026-03-12 09:02:42.696081
2353,263,842.87,2025-09-07 01:40:52.764154
2354,778,3731.79,2025-09-26 16:18:22.704231
2355,244,183.92,2025-10-11 02:35:54.123975
2356,415,3902.88,2025-08-14 09:36:45.826693
2357,710,1322.1,2026-03-18 17:11:58.731655
2358,639,3629.82,2025-08-01 08:02:29.469820
2359,982,765.47,2026-04-23 18:39:23.628100
2360,200,827.53,2025-12-23 10:42:03.721190
2361,589,2785.47,2025-06-23 19:10:59.572595
2362,543,3074.2,2025-10-28 13:25:37.470360
2363,933,521.81,2026-04-01 14:26:24.081909
2364,191,7214.33,2026-04-15 07:06:06.804702
2365,733,176.55,2026-02-18 00:40:36.547644
2366,486,141.92,2025-11-03 15:28:40.949383
2367,229,1810.23,2025-06-21 08:38:32.972512
2368,415,2565.6,2025-05-31 20:13:28.281457
2369,296,6482.56,2026-02-13 10:08:44.560226
2370,513,1038.21,2026-01-09 03:00:20.558971
2371,901,51.23,2025-11-10 23:52:37.538394
2372,488,1847.12,2026-03-05 04:00:43.449556
2373,570,684.12,2026-01-29 05:11:03.975101
2374,457,,2025-11-27 06:52:47.691856
2375,24,1340.7,2025-08-01 14:12:06.917258
2376,200,133.38,2026-03-04 19:39:40.054577
2377,415,1330.99,2026-05-08 06:53:23.560558
2378,271,1111.37,2026-05-14 21:46:00.112075
2379,200,2493.37,2025-11-11 17:23:56.742360
2380,441,2075.03,2025-09-05 00:33:33.765651
2381,291,409.66,2026-05-15 20:10:56.662173
2382,213,461.69,2025-09-24 17:35:37.506981
2383,415,578.05,2026-01-21 00:21:16.338515
2384,140,394.34,2026-03-14 09:06:17.415365
2385,939,2141.29,2025-09-28 14:46:14.278784
2386,861,10380.78,2026-01-03 17:58:32.570594
2387,677,2111.73,2026-03-31 21:19:19.789313
2388,98,1866.27,2025-10-22 08:57:36.738375
2389,749,1055.02,2025-11-18 12:52:53.722859
2390,774,749.62,2025-11-11 13:40:33.800434
2391,743,4839.9,2025-07-08 01:26:29.551466
2392,106,6947.66,2025-11-07 03:08:54.467393
2393,577,1373.44,2025-06-14 11:55:17.217997
2394,807,685.55,2026-01-05 14:12:36.757365
2395,506,2940.41,2025-07-29 11:02:08.666306
2396,577,284.18,2025-08-28 21:31:05.682087
2397,415,2901.35,2025-11-01 05:29:04.655978
2398,474,3417.95,2025-11-10 11:53:28.955793
2399,5,266.84,2025-11-12 01:06:49.278833
2400,576,7532.51,2025-11-17 12:34:19.151462
2401,56,8468.91,2026-05-08 22:09:25.362616
2402,397,5520.36,2025-07-12 15:54:07.565867
2403,243,1370.5,2025-12-16 19:17:57.654589
2404,483,564.92,2025-12-14 06:18:19.664952
2405,140,1744.59,2025-07-29 15:41:06.890439
2406,635,1089.23,2026-05-07 07:33:04.976003
2407,761,,2025-06-02 19:48:13.544127
2408,200,1102.17,2026-04-30 21:26:04.888694
2409,96,2180.63,2026-04-20 02:02:13.691740
2410,170,147.11,2026-01-16 05:24:30.694941
2411,886,811.18,2025-08-02 18:40:17.606698
2412,473,35.91,2025-10-17 09:42:57.037668
2413,415,2768.56,2025-08-10 17:34:59.050014
2414,98,2047.15,2025-12-11 16:58:48.341129
2415,577,129.44,2026-05-14 03:59:48.847285
2416,862,6689.87,2025-08-16 17:27:04.731449
2417,794,45.76,2025-12-11 08:34:43.813039
2418,567,1783.0,2025-09-03 09:16:19.662848
2419,54,2995.5,2026-05-25 07:42:36.004583
2420,105,3101.36,2025-06-03 14:06:01.291116
2421,23,69.77,2025-09-16 00:56:58.458161
2422,211,4737.77,2026-02-06 01:09:13.415353
2423,144,5013.12,2025-06-05 01:43:44.303261
2424,220,1648.29,2025-06-20 14:19:58.203814
2425,365,1315.88,2025-10-06 13:57:26.779716
2426,954,91.81,2026-01-09 11:20:28.156008
2427,543,1650.86,2025-08-01 07:53:11.139020
2428,808,1053.16,2025-08-09 18:36:39.378514
2429,685,2963.91,2026-02-21 00:25:17.002943
2430,105,1034.64,2026-03-23 11:36:39.423427
2431,716,2301.37,2025-12-07 05:20:21.829813
2432,229,213.85,2025-12-13 11:14:39.245893
2433,576,285.32,2025-08-02 14:14:22.518416
2434,302,300.97,2025-09-11 15:42:33.686057
2435,993,93.19,2026-01-25 04:07:17.357345
2436,229,1558.84,2025-08-12 06:35:32.401232
2437,229,3159.44,2025-11-01 18:58:34.096380
2438,939,1885.33,2026-05-05 08:06:20.873160
2439,1,1711.12,2026-02-19 04:53:04.917507
2440,647,2282.77,2025-08-03 04:28:46.734478
2441,708,829.96,2025-07-13 00:26:06.154231
2442,809,898.69,2026-02-06 08:23:28.527496
2443,973,754.54,2025-12-30 09:25:57.293895
2444,974,2490.35,2025-09-23 14:23:34.520915
2445,39,352.62,2025-09-29 09:49:30.951376
2446,793,26.22,2025-07-25 15:16:14.213744
2447,577,1813.65,2026-02-23 05:04:54.937348
2448,577,5707.82,2026-05-07 03:31:22.631699
2449,134,1880.18,2025-06-14 21:57:04.130176
2450,577,3054.99,2026-04-17 10:57:28.609685
2451,977,2234.31,2025-12-11 15:18:27.825555
2452,928,1376.07,2026-01-12 05:33:15.264120
2453,403,2534.48,2026-02-10 04:35:27.244673
2454,12,3475.73,2025-07-24 06:17:29.230664
2455,333,509.09,2025-07-13 07:50:06.065587
2456,793,819.34,2026-02-22 07:13:39.515215
2457,661,506.5,2025-07-20 15:39:27.457173
2458,415,1203.59,2025-11-22 14:13:57.563219
2459,29,4326.77,2026-02-03 09:36:50.109806
2460,388,846.87,2026-01-23 22:46:08.668274
2461,415,938.3,2026-01-01 20:33:04.190172
2462,939,,2026-03-11 14:11:14.390887
2463,577,1448.76,2025-12-16 01:58:29.167157
2464,274,1533.37,2025-10-04 01:08:21.739112
2465,464,3943.7,2025-06-13 05:52:11.586985
2466,39,1348.76,2025-10-23 08:29:07.656809
2467,973,2288.63,2025-12-25 21:14:31.657376
2468,333,179.07,2025-08-13 01:03:31.474723
2469,415,393.57,2025-10-23 02:20:27.929315
2470,331,1036.29,2026-02-04 12:45:09.379650
2471,617,1365.76,2025-09-09 04:17:04.008207
2472,589,6747.19,2026-05-26 13:32:19.794299
2473,697,7057.04,2025-10-02 17:08:14.428070
2474,229,3810.27,2025-08-04 08:05:40.347426
2475,283,758.42,2026-04-19 03:22:29.470815
2476,131,6650.05,2025-06-14 16:42:29.608521
2477,577,2338.12,2025-09-15 19:24:34.012580
2478,12,998.26,2025-07-10 05:40:55.388889
2479,540,2419.14,2025-10-17 18:27:35.128848
2480,868,33.32,2026-03-15 04:02:29.856353
2481,903,316.01,2025-07-12 07:20:53.279340
2482,415,3540.22,2025-10-23 19:25:20.542506
2483,415,2074.51,2025-08-04 05:53:50.343587
2484,56,905.73,2026-01-27 01:56:23.786247
2485,601,1388.96,2026-02-01 05:22:30.375400
2486,793,4710.75,2026-02-19 00:59:42.574157
2487,200,1997.05,2026-05-23 07:22:33.639024
2488,379,1015.49,2025-10-15 01:52:29.613132
2489,813,256.41,2026-02-20 02:23:59.673844
2490,886,695.56,2025-11-01 07:43:38.071444
2491,200,7664.6,2026-01-11 15:59:01.333287
2492,483,1150.24,2025-10-23 02:32:05.430539
2493,200,1276.71,2025-11-28 03:58:54.887882
2494,92,1380.69,2026-05-04 21:14:19.934014
2495,928,4310.12,2025-06-25 19:50:28.631063
2496,792,1852.32,2026-05-28 21:38:00.199784
2497,739,2366.23,2026-04-10 16:22:29.476212
2498,22,986.67,2025-08-16 11:04:38.247295
2499,825,59.04,2026-04-01 11:42:49.769676
2500,401,5346.51,2025-09-05 04:34:04.801693
2501,306,5956.87,2025-08-31 03:09:45.770327
2502,483,5957.87,2026-04-08 15:21:47.209006
2503,68,5753.66,2026-02-04 08:56:54.323293
2504,733,3377.42,2025-06-29 10:13:52.133095
2505,519,2307.8,2025-11-08 06:38:35.567351
2506,200,3722.35,2025-12-08 17:30:48.651311
2507,200,1835.31,2026-02-17 17:17:05.396707
2508,200,288.59,2025-06-03 19:36:18.302273
2509,33,992.59,2025-12-16 13:54:34.917000
2510,522,7101.36,2025-07-18 03:21:49.456821
2511,818,865.07,2026-05-11 09:09:07.345318
2512,1,4047.3,2025-10-08 11:05:58.722848
2513,23,195.69,2025-09-13 05:19:55.204508
2514,498,813.48,2025-12-17 13:15:20.942682
2515,792,864.5,2026-05-16 10:49:26.473637
2516,293,105.96,2025-09-10 17:58:19.779634
2517,322,253.61,2025-12-01 07:57:33.143074
2518,540,,2025-12-06 08:24:15.165666
2519,229,3638.04,2025-06-05 03:00:03.470010
2520,2,131.0,2026-05-23 08:27:33.595191
2521,716,709.64,2025-12-28 03:30:22.085672
2522,567,20.45,2025-11-13 05:51:38.458530
2523,515,2379.01,2025-06-24 23:28:32.901265
2524,729,1936.76,2026-02-18 21:33:29.881232
2525,607,2071.18,2025-11-07 03:24:13.146661
2526,200,938.03,2026-05-21 17:07:15.248377
2527,327,467.06,2026-04-19 17:02:32.923865
2528,131,2548.22,2026-04-07 03:25:30.157722
2529,135,3333.26,2025-08-13 04:48:05.411917
2530,610,298.4,2025-12-15 10:10:20.455809
2531,834,1334.29,2025-06-13 22:28:45.744560
2532,965,571.94,2026-05-16 12:45:23.996011
2533,570,368.1,2026-04-05 18:22:18.141134
2534,200,2650.97,2026-05-08 20:20:50.708893
2535,98,1544.8,2026-01-16 23:39:59.613701
2536,783,487.17,2025-08-02 10:43:15.364236
2537,511,742.13,2025-05-31 16:11:20.576560
2538,556,6801.62,2026-02-04 00:37:01.713647
2539,751,3776.71,2025-08-30 13:35:45.890473
2540,664,4239.64,2026-04-30 18:30:21.025987
2541,807,1232.42,2025-09-25 06:16:11.497077
2542,31,1955.31,2025-11-06 19:41:26.844604
2543,733,945.67,2026-05-05 12:24:13.041385
2544,829,161.8,2025-09-06 08:01:17.479300
2545,239,1025.22,2025-11-21 23:47:56.013019
2546,577,1802.71,2025-08-11 16:58:09.061628
2547,281,676.95,2025-11-08 18:28:57.156507
2548,963,3767.1,2026-05-04 16:59:21.820753
2549,5,327.63,2026-05-20 00:00:52.497025
2550,513,914.98,2026-02-02 00:26:26.213372
2551,200,266.84,2025-11-30 08:36:06.898168
2552,689,1037.82,2025-11-30 18:32:28.086463
2553,200,80.94,2025-07-13 18:31:30.981329
2554,200,636.42,2025-06-26 02:47:27.445207
2555,420,1024.1,2025-07-15 12:56:25.227450
2556,933,1300.81,2025-10-20 10:25:57.730473
2557,200,1569.19,2026-02-09 04:51:36.959762
2558,169,643.14,2025-08-14 21:19:54.943980
2559,735,1480.65,2025-09-02 10:51:22.239835
2560,434,1422.64,2025-12-15 07:39:32.844070
2561,928,760.12,2026-03-09 23:43:13.787867
2562,172,3546.27,2025-10-24 03:27:09.652319
2563,577,1577.74,2025-11-17 15:38:58.894924
2564,200,807.74,2025-07-27 08:04:29.875279
2565,191,5887.74,2026-05-02 05:51:25.222755
2566,618,3730.11,2025-09-12 00:16:54.533361
2567,534,8101.17,2026-05-25 13:32:29.160537
2568,733,2356.83,2026-01-07 02:14:40.519611
2569,271,950.35,2025-11-10 19:19:12.551256
2570,415,659.4,2026-04-13 05:47:21.417337
2571,365,2177.23,2025-08-29 02:14:13.952458
2572,978,7907.42,2025-10-20 15:12:49.746284
2573,243,1970.83,2025-06-08 07:29:05.318200
2574,244,4267.63,2025-11-28 15:40:18.091660
2575,331,798.28,2025-08-21 11:56:31.972050
2576,483,1044.97,2025-06-24 01:21:13.638324
2577,206,4734.79,2025-08-29 13:26:39.399963
2578,934,2828.29,2026-02-27 07:40:53.169107
2579,229,7970.3,2025-11-02 07:35:41.946470
2580,909,2981.21,2026-02-18 02:51:52.366205
2581,94,1190.28,2025-08-05 22:31:17.757995
2582,580,1514.6,2026-01-28 13:01:13.964056
2583,918,4615.51,2026-05-21 00:05:56.761298
2584,200,1604.35,2026-01-31 07:23:49.310810
2585,966,589.81,2026-01-02 00:30:09.799297
2586,415,1144.05,2025-08-07 18:46:50.306877
2587,961,1452.65,2025-12-12 22:27:32.600721
2588,611,203.45,2025-12-02 23:24:14.088771
2589,256,2723.3,2025-10-26 18:05:05.602538
2590,200,231.62,2026-04-05 15:34:22.339437
2591,262,1038.11,2025-10-10 03:27:28.732748
2592,69,3265.64,2026-01-17 07:08:39.372239
2593,169,1260.61,2025-10-31 19:44:47.982188
2594,97,3690.52,2025-08-23 17:28:49.241328
2595,381,836.74,2026-02-27 07:54:14.637096
2596,761,6322.93,2025-07-07 12:02:33.849937
2597,161,470.1,2026-03-09 10:02:35.901642
2598,136,78.03,2025-11-10 01:01:56.291285
2599,577,4118.13,2025-08-16 21:52:08.310318
2600,200,2790.29,2026-03-24 03:26:43.105224
2601,81,527.89,2025-10-27 00:56:59.380252
2602,200,8365.25,2026-04-16 21:37:14.935514
2603,936,1395.44,2025-08-17 23:51:03.160130
2604,793,6034.54,2026-03-30 17:21:21.792776
2605,331,1406.51,2025-11-18 02:28:28.551673
2606,578,1276.84,2025-08-02 18:04:54.713634
2607,483,1192.54,2025-08-29 18:36:00.475891
2608,612,815.56,2026-04-09 05:35:13.318319
2609,617,1525.86,2025-09-22 19:19:26.834092
2610,570,1204.99,2025-05-30 22:29:06.624280
2611,229,74.88,2026-04-24 20:01:33.000166
2612,11,603.39,2025-07-06 10:21:05.454976
2613,415,479.37,2026-03-09 06:35:55.254215
2614,903,4041.37,2026-01-06 08:21:40.653467
2615,488,1826.94,2026-01-08 14:31:06.943127
2616,804,2885.16,2025-06-09 12:12:57.697941
2617,986,6285.04,2026-05-08 23:16:12.313719
2618,200,2065.87,2026-02-15 16:22:36.807330
2619,635,8103.72,2025-09-22 19:07:42.562214
2620,605,747.25,2025-08-18 15:54:46.217736
2621,977,412.25,2026-02-21 18:46:04.055166
2622,981,1032.71,2026-05-22 06:00:12.513413
2623,622,1272.78,2025-08-04 13:21:36.392506
2624,200,4514.49,2025-11-01 20:49:41.190463
2625,767,,2025-08-30 18:04:15.993974
2626,98,691.13,2025-09-16 16:53:45.571980
2627,751,2714.51,2025-10-15 12:29:19.127858
2628,926,1409.76,2025-06-23 20:53:49.318376
2629,365,353.79,2025-09-21 09:49:41.190917
2630,570,1719.91,2025-12-14 18:58:25.415828
2631,395,4847.12,2026-01-31 15:23:39.902693
2632,401,3698.22,2026-02-21 08:06:44.143075
2633,271,1767.7,2026-03-17 08:49:15.564059
2634,740,946.68,2026-01-29 07:11:18.071707
2635,942,181.99,2025-07-05 23:25:25.974909
2636,947,1268.43,2026-01-17 04:57:32.124876
2637,200,2789.29,2025-07-21 22:27:37.366754
2638,881,893.43,2025-10-18 12:03:55.621790
2639,720,536.93,2026-01-25 12:12:23.524086
2640,206,5358.33,2026-05-13 23:51:56.769991
2641,41,3446.96,2025-10-08 06:41:21.361809
2642,229,2033.75,2025-09-20 09:28:59.075708
2643,928,294.18,2026-04-13 09:59:45.782152
2644,570,313.09,2025-06-18 23:16:51.981862
2645,705,217.89,2026-03-28 23:22:52.450869
2646,209,1915.77,2025-10-09 17:56:59.559124
2647,705,245.61,2025-06-27 03:10:48.138045
2648,5,3698.28,2025-08-14 19:03:03.811616
2649,357,9913.72,2026-03-05 18:52:29.107547
2650,567,912.51,2026-05-18 04:45:56.742232
2651,170,1209.06,2025-11-29 03:27:29.179239
2652,793,2487.28,2026-02-06 20:02:27.833597
2653,200,5534.1,2025-07-05 00:06:20.479507
2654,577,4490.4,2025-12-14 03:29:24.122842
2655,365,118.63,2025-08-24 01:19:21.093669
2656,539,,2026-02-16 07:06:17.841716
2657,98,2809.71,2025-10-08 11:07:57.795331
2658,1,2335.24,2026-05-14 21:25:24.300203
2659,925,285.94,2025-10-04 07:07:06.857995
2660,229,1394.57,2026-03-09 07:35:37.362331
2661,792,3035.67,2026-03-21 18:40:54.277791
2662,999,493.8,2025-11-23 10:53:48.917387
2663,200,4100.35,2026-05-26 20:03:58.035453
2664,229,108.85,2026-04-01 13:40:45.015158
2665,591,3048.31,2025-08-02 14:40:21.711033
2666,965,1913.28,2026-05-05 06:55:33.785236
2667,936,757.26,2025-09-05 11:14:42.283709
2668,438,2552.6,2025-08-04 08:59:53.279210
2669,761,3049.88,2026-02-03 06:22:59.324045
2670,144,5433.14,2026-04-25 02:13:28.586446
2671,977,917.02,2025-12-05 20:32:35.222632
2672,965,2316.83,2025-06-27 01:09:19.130016
2673,200,1845.71,2025-09-16 17:48:17.136798
2674,253,1489.75,2025-11-25 14:30:53.871180
2675,85,4422.14,2025-07-19 08:47:31.421384
2676,229,6.34,2025-11-06 20:49:00.619519
2677,791,662.88,2025-08-21 03:22:14.896827
2678,362,1545.58,2026-02-01 16:22:08.047739
2679,68,392.74,2026-05-21 18:50:17.069535
2680,305,4769.03,2026-02-09 03:00:18.551980
2681,977,2085.95,2025-11-29 08:05:56.553762
2682,570,1299.73,2025-10-25 19:39:21.695265
2683,379,3371.58,2025-10-25 02:12:32.900375
2684,200,1198.9,2026-01-19 22:26:26.465751
2685,981,1635.85,2025-09-23 11:16:03.661242
2686,793,5.51,2026-02-11 02:11:38.327123
2687,229,910.47,2025-12-19 09:25:32.485110
2688,46,298.83,2026-05-28 11:24:02.286021
2689,33,2340.36,2025-11-03 15:53:38.881982
2690,122,1304.11,2025-12-05 05:40:00.130067
2691,516,718.38,2025-06-12 22:56:52.616813
2692,939,1261.59,2026-01-17 09:22:33.566057
2693,423,470.51,2025-06-22 17:33:30.272027
2694,823,5182.85,2026-02-10 21:43:43.919000
2695,415,110.97,2026-05-13 00:40:59.940658
2696,680,4011.15,2025-11-16 12:50:21.578208
2697,711,1432.25,2025-09-01 17:07:59.440238
2698,200,1929.63,2025-07-06 07:08:16.065557
2699,333,720.81,2026-05-06 12:27:19.339210
2700,574,6804.25,2025-07-05 01:28:20.461434
2701,47,662.16,2025-10-03 21:55:20.477822
2702,333,1777.73,2025-09-02 12:53:38.582403
2703,480,10046.44,2025-08-08 06:58:52.238285
2704,988,4258.85,2025-09-13 06:48:35.640078
2705,415,1537.16,2025-10-03 13:49:01.540786
2706,791,9286.68,2025-08-09 16:31:29.711326
2707,396,2417.1,2025-11-11 01:09:43.343921
2708,763,468.16,2026-03-24 09:54:01.686589
2709,536,1040.39,2026-03-28 02:42:03.366342
2710,901,814.41,2025-09-11 00:01:43.820230
2711,369,843.23,2025-11-03 02:46:54.620387
2712,543,2858.04,2025-06-23 18:22:44.709848
2713,570,,2025-07-01 21:50:09.099816
2714,379,77.67,2025-09-01 18:42:11.377265
2715,170,4198.45,2026-02-13 12:18:27.851773
2716,71,704.22,2025-09-24 09:28:42.960908
2717,1,11668.84,2026-04-21 12:56:45.020158
2718,877,6166.54,2025-10-18 16:48:57.767306
2719,200,5644.59,2025-06-20 01:25:07.035916
2720,200,3333.37,2025-10-05 15:09:28.846291
2721,716,498.5,2025-11-14 02:38:18.081029
2722,288,1521.28,2026-04-24 04:20:48.431923
2723,442,507.99,2025-11-25 22:58:13.848711
2724,200,601.33,2025-08-22 18:22:39.386570
2725,965,1888.1,2026-03-06 15:12:58.279446
2726,829,83.38,2025-09-14 15:41:20.676903
2727,849,6977.34,2025-07-10 22:17:13.024026
2728,365,5018.56,2025-10-05 20:35:11.354319
2729,740,958.55,2025-12-30 22:26:09.068735
2730,169,1448.96,2025-06-30 15:21:45.841587
2731,1,1255.17,2025-12-15 14:59:10.490933
2732,1,4277.53,2025-09-11 04:04:57.306705
2733,521,2333.37,2025-10-25 16:43:47.417551
2734,415,651.77,2025-06-20 05:17:58.160927
2735,457,1184.22,2025-08-16 07:44:09.148796
2736,1,1120.61,2025-12-29 10:16:09.386733
2737,380,6404.78,2025-08-28 03:08:00.513247
2738,705,385.5,2025-12-01 13:19:21.053124
2739,412,187.69,2025-06-23 07:13:37.303733
2740,711,,2026-05-03 16:29:08.528702
2741,200,4539.96,2026-02-04 02:56:40.213521
2742,783,4107.38,2025-06-02 06:21:28.363570
2743,523,1430.69,2025-09-18 10:09:53.237552
2744,200,2156.12,2025-11-16 16:43:24.961509
2745,200,1657.31,2026-02-13 03:12:59.092393
2746,570,143.95,2025-11-17 13:47:25.332247
2747,798,1811.86,2026-04-16 22:03:15.267984
2748,377,27.42,2026-01-08 17:29:01.777162
2749,214,786.05,2025-10-18 09:39:11.187458
2750,858,5385.12,2025-11-28 00:18:43.597912
2751,600,724.94,2026-05-27 17:14:27.737880
2752,415,5621.05,2026-04-10 11:42:48.593296
2753,415,575.72,2026-03-27 01:06:58.394663
2754,200,755.4,2026-03-15 00:49:11.614657
2755,567,1979.91,2026-03-16 14:43:17.265460
2756,332,2867.84,2025-07-16 11:33:50.487602
2757,987,1391.85,2025-08-29 23:49:05.472088
2758,415,4276.1,2025-09-03 14:27:54.898381
2759,415,82.14,2025-06-27 17:06:24.901476
2760,483,5107.1,2025-11-19 11:12:06.323796
2761,936,437.08,2026-03-28 05:48:17.525473
2762,767,4312.45,2025-09-27 14:16:47.722125
2763,415,1024.53,2026-03-01 03:27:59.318713
2764,705,3576.62,2025-10-23 21:58:35.646190
2765,521,2227.45,2025-08-30 15:17:38.309802
2766,415,387.03,2025-07-01 06:06:04.652683
2767,200,,2026-05-23 17:48:29.946119
2768,415,563.45,2025-12-15 22:32:01.243140
2769,200,559.8,2025-08-03 20:58:58.923704
2770,933,3365.94,2025-09-17 05:56:57.291015
2771,296,223.82,2025-08-10 07:21:43.848425
2772,963,502.15,2025-11-26 13:39:01.485170
2773,477,1401.06,2025-12-05 09:00:01.819033
2774,570,3549.53,2025-07-14 17:37:40.756940
2775,483,319.13,2025-10-28 09:06:14.369724
2776,135,1586.68,2026-04-21 04:02:21.889165
2777,357,2484.32,2026-01-26 14:49:35.226501
2778,82,3940.75,2026-04-10 12:45:01.008840
2779,564,5484.21,2026-04-30 12:35:11.044826
2780,415,3070.89,2025-07-20 01:42:49.035877
2781,751,2115.87,2025-10-01 04:27:56.522804
2782,200,1136.98,2025-10-22 13:45:22.723347
2783,200,237.82,2026-05-03 13:52:06.376293
2784,365,2473.94,2025-10-09 08:36:04.351625
2785,939,9850.01,2025-10-19 13:30:47.467629
2786,685,2669.38,2026-04-05 21:28:47.834151
2787,379,33.7,2025-07-08 16:55:20.831709
2788,457,1371.39,2025-11-07 18:42:59.755349
2789,60,1907.19,2026-03-04 00:05:56.930732
2790,980,2340.27,2026-04-26 21:26:02.885362
2791,595,2543.97,2026-05-10 12:26:34.876669
2792,238,1633.38,2025-08-06 08:33:11.393074
2793,521,505.56,2025-08-24 15:48:42.205339
2794,101,5701.56,2025-11-04 21:25:45.184917
2795,965,2385.84,2026-04-27 22:47:18.464165
2796,200,540.58,2025-11-02 04:57:28.749522
2797,577,778.17,2026-02-25 19:31:28.231265
2798,200,5100.24,2025-06-28 13:48:51.329476
2799,703,4369.34,2025-09-02 01:05:05.889895
2800,751,1038.88,2026-03-27 02:15:44.634739
2801,605,78.12,2025-08-22 06:50:13.488760
2802,549,,2025-11-04 06:34:45.717690
2803,905,667.92,2026-05-23 12:20:16.394851
2804,56,1983.77,2025-09-02 03:08:17.221680
2805,296,1755.08,2025-10-09 12:31:39.583374
2806,200,2009.3,2025-06-22 22:32:50.546117
2807,983,2526.62,2026-02-18 21:46:04.579659
2808,365,38.43,2026-03-05 17:02:12.201484
2809,711,222.05,2026-02-01 07:24:45.366429
2810,619,890.96,2025-07-20 02:43:06.729089
2811,200,336.51,2025-07-25 08:44:25.954113
2812,200,156.62,2026-01-18 18:02:22.151185
2813,229,2048.67,2025-06-21 11:02:52.304362
2814,369,3378.44,2025-10-09 10:35:25.367430
2815,200,2793.71,2025-09-16 03:08:48.397814
2816,1,3396.97,2026-03-18 01:02:33.058114
2817,887,2192.37,2026-03-02 04:54:58.885889
2818,965,2658.66,2026-04-17 12:14:51.605262
2819,305,634.3,2026-04-27 16:11:00.247168
2820,298,9925.99,2025-08-13 12:53:03.302624
2821,1,404.64,2025-06-15 23:13:58.730648
2822,617,482.85,2026-04-18 22:17:35.399801
2823,793,681.95,2025-11-05 02:11:48.096453
2824,172,7404.53,2026-02-04 21:51:05.537652
2825,195,8894.38,2025-09-03 13:10:44.466910
2826,760,3168.45,2025-07-26 09:23:04.552037
2827,552,1983.42,2026-04-28 19:20:00.504496
2828,17,1468.2,2025-08-21 10:34:22.953116
2829,563,7054.94,2025-06-22 17:33:20.598534
2830,271,2378.98,2025-07-21 02:11:57.786685
2831,347,5791.05,2025-10-05 09:16:03.559806
2832,744,761.21,2025-08-07 05:01:36.803664
2833,778,812.26,2025-06-27 03:14:02.948745
2834,365,3858.25,2026-01-01 19:47:45.975868
2835,963,324.7,2025-10-02 10:28:50.688531
2836,365,5834.87,2025-11-09 13:03:14.349091
2837,745,1416.42,2025-07-11 21:52:04.893002
2838,415,5218.6,2025-10-01 06:44:37.558407
2839,914,821.34,2025-12-27 04:38:53.981148
2840,920,2517.27,2025-08-13 17:02:29.849443
2841,65,1318.94,2025-06-13 00:52:51.829721
2842,942,1971.3,2025-06-16 20:44:53.334885
2843,793,1403.86,2025-10-08 01:22:55.130423
2844,761,6829.51,2025-07-11 06:31:50.238380
2845,200,,2025-09-12 04:09:04.172127
2846,771,578.88,2026-03-02 04:54:01.259747
2847,829,4808.72,2026-01-24 13:59:14.905228
2848,240,696.36,2026-03-04 23:30:37.419511
2849,963,929.17,2025-08-02 02:30:43.998669
2850,24,215.45,2025-11-20 09:13:54.879423
2851,181,4604.5,2025-09-08 04:01:10.450782
2852,483,674.06,2026-03-01 02:49:29.635081
2853,504,599.29,2025-10-29 01:41:48.566225
2854,577,5058.03,2026-03-21 18:10:00.863988
2855,1,3274.92,2025-11-28 08:40:05.367985
2856,965,304.16,2026-02-06 01:48:01.685100
2857,17,2933.49,2026-04-28 03:17:11.647912
2858,167,4884.46,2026-03-21 14:48:40.976967
2859,1,163.53,2025-07-28 19:33:53.537210
2860,483,3488.4,2025-10-06 12:44:14.825143
2861,939,1585.58,2025-07-17 14:03:25.631121
2862,595,2212.47,2025-09-28 08:12:01.381799
2863,793,1357.91,2025-08-23 13:59:40.289270
2864,1,2393.35,2025-09-12 06:38:25.601250
2865,483,69.39,2026-04-21 15:01:46.518333
2866,415,2876.92,2025-06-11 12:42:40.999900
2867,428,67.82,2025-09-13 18:59:56.023470
2868,47,,2026-03-28 09:16:19.013759
2869,618,327.31,2025-06-06 18:17:58.781213
2870,439,3469.71,2025-06-03 21:16:26.415164
2871,740,752.77,2026-02-27 07:20:41.355785
2872,415,1210.62,2025-12-11 13:40:08.190120
2873,180,1119.86,2026-01-23 08:18:39.728596
2874,577,2961.23,2026-05-05 23:55:29.501060
2875,200,1312.26,2025-11-27 11:37:53.386091
2876,872,3111.4,2025-09-10 01:03:18.108773
2877,544,152.7,2025-10-22 16:47:51.020556
2878,191,425.38,2025-08-13 04:25:14.513393
2879,965,1603.85,2026-02-21 22:24:30.319357
2880,457,5878.26,2026-01-14 16:52:51.392352
2881,47,155.4,2025-07-04 20:32:51.880483
2882,567,88.08,2025-10-01 17:10:49.723787
2883,206,340.51,2026-02-23 07:25:26.219944
2884,768,2049.72,2025-07-11 11:33:26.631439
2885,791,1018.3,2025-11-29 15:18:04.101290
2886,977,3492.26,2025-08-26 17:11:35.183420
2887,434,149.3,2026-02-21 14:50:57.678455
2888,415,437.34,2026-05-27 09:13:12.559909
2889,733,713.43,2025-07-01 05:02:51.886509
2890,139,1970.91,2026-05-01 02:52:10.822032
2891,483,2311.46,2025-08-05 03:17:25.076464
2892,483,265.24,2026-03-10 02:38:50.500974
2893,68,5757.84,2026-01-18 16:17:54.462979
2894,379,834.2,2026-03-28 03:38:10.067996
2895,829,2497.72,2026-03-25 06:21:09.701395
2896,829,1485.55,2025-10-26 18:30:01.457503
2897,82,504.01,2026-02-22 01:59:55.085014
2898,68,3744.57,2025-11-05 13:05:59.917407
2899,226,3410.11,2025-08-17 19:37:33.259429
2900,881,1008.6,2026-01-02 21:28:25.880434
2901,135,1776.42,2025-08-15 00:35:37.800045
2902,705,596.34,2025-07-19 09:06:56.357040
2903,89,2341.41,2025-07-12 00:06:26.176512
2904,564,739.31,2025-12-18 02:46:09.692344
2905,332,3716.81,2026-05-09 19:33:04.820102
2906,760,490.23,2025-12-03 03:12:38.119019
2907,200,29.83,2026-01-07 21:51:39.706213
2908,576,625.34,2026-01-09 07:49:09.009903
2909,200,424.04,2025-11-27 10:13:36.712034
2910,692,1419.72,2026-03-26 12:40:23.171909
2911,877,455.57,2025-06-14 22:57:40.404968
2912,131,2880.99,2025-10-30 11:48:04.896329
2913,857,552.48,2026-04-12 18:49:07.667531
2914,534,2454.95,2025-11-16 00:33:14.920098
2915,131,1727.73,2026-04-26 12:34:28.723091
2916,389,8573.41,2025-06-30 03:33:54.199016
2917,200,18440.32,2025-08-30 20:07:48.040441
2918,659,4073.16,2026-04-08 10:14:22.171866
2919,735,2854.09,2026-05-25 00:30:49.320245
2920,98,977.01,2025-08-05 21:52:18.062288
2921,442,2798.98,2026-01-01 07:48:44.305393
2922,787,6278.08,2025-09-18 19:21:32.844959
2923,942,47.31,2025-10-09 00:20:46.148194
2924,455,1544.01,2026-01-25 20:37:12.343278
2925,963,491.8,2026-01-28 22:47:53.169274
2926,481,1632.33,2026-03-08 17:30:05.239271
2927,365,1256.39,2026-05-17 18:54:45.648952
2928,829,1714.95,2025-12-08 00:27:14.123066
2929,415,1601.3,2026-05-09 08:11:02.640592
2930,415,6443.11,2026-04-17 03:18:49.431258
2931,415,1606.76,2026-04-16 16:23:59.466196
2932,829,3744.62,2025-06-20 12:43:16.736605
2933,802,770.8,2025-09-09 18:11:27.346495
2934,365,1152.87,2025-10-27 19:41:42.534104
2935,296,1271.32,2025-07-30 07:27:46.446913
2936,415,653.48,2025-10-12 11:06:20.290085
2937,498,955.4,2026-01-27 16:36:04.878794
2938,200,1825.16,2026-03-30 13:10:14.622942
2939,761,1735.9,2025-10-27 21:14:09.930755
2940,415,2023.6,2025-07-17 09:21:05.493108
2941,296,867.17,2025-08-12 21:07:29.389668
2942,98,759.1,2026-05-25 21:45:32.247408
2943,200,1891.53,2026-05-01 16:05:19.229017
2944,963,285.11,2025-11-23 16:46:20.834291
2945,266,583.46,2025-06-13 20:17:16.187002
2946,200,86.08,2025-09-10 08:30:18.333536
2947,415,150.76,2025-09-01 12:11:22.231866
2948,267,557.8,2026-04-17 11:19:38.188431
2949,7,39.44,2026-04-27 18:52:50.722151
2950,291,563.16,2026-04-12 06:35:15.558862
2951,483,2128.28,2025-07-29 09:42:04.405990
2952,483,126.11,2026-03-28 11:14:47.962379
2953,332,1148.02,2025-06-23 06:26:54.054729
2954,415,,2025-06-21 23:23:28.407681
2955,965,3133.57,2025-07-12 17:27:07.644942
2956,360,728.95,2026-02-25 07:59:56.402814
2957,213,5175.35,2025-08-31 08:53:59.660014
2958,200,799.9,2025-10-13 13:38:28.813083
2959,415,150.56,2025-10-28 22:09:35.422844
2960,738,10250.73,2025-08-30 21:07:55.611155
2961,200,4080.79,2025-10-04 20:41:44.740062
2962,683,1254.47,2026-05-13 05:08:46.555174
2963,1,2195.48,2025-12-24 03:40:37.269610
2964,379,2224.78,2026-04-18 18:41:17.614525
2965,749,432.54,2025-09-24 23:27:46.962016
2966,298,446.41,2025-12-30 15:39:33.623571
2967,483,,2026-04-07 01:39:46.904380
2968,200,4851.16,2025-08-19 07:41:56.203766
2969,729,20.09,2025-11-06 19:43:03.768081
2970,25,3051.16,2025-06-06 01:48:59.208601
2971,829,118.5,2025-08-06 20:03:53.188514
2972,200,1301.03,2026-02-24 13:21:52.000043
2973,879,2031.52,2025-08-10 15:04:48.836644
2974,327,2321.57,2026-02-02 20:44:18.085165
2975,705,120.52,2025-12-05 10:00:11.441549
2976,288,1084.65,2025-06-15 14:41:05.537486
2977,916,1753.36,2026-05-02 19:21:07.929187
2978,131,136.66,2026-03-18 10:58:32.120060
2979,200,290.27,2026-05-12 21:22:11.879689
2980,415,2179.2,2025-11-25 12:20:01.941367
2981,56,1474.78,2025-09-09 04:06:26.359954
2982,200,353.07,2025-06-19 20:39:17.072772
2983,956,1532.47,2025-09-12 00:42:57.765900
2984,976,4876.63,2026-01-07 01:24:00.327218
2985,357,31.42,2025-11-07 02:58:42.594235
2986,936,2057.99,2026-01-13 15:48:04.820023
2987,483,153.01,2026-05-26 05:25:27.740851
2988,229,12.94,2025-06-15 18:18:09.541238
2989,661,326.58,2026-05-25 16:18:54.007202
2990,586,1099.5,2026-04-15 02:53:05.552796
2991,986,3242.45,2025-10-15 05:37:37.111748
2992,229,661.97,2025-06-25 18:14:16.702483
2993,604,1965.25,2025-12-22 07:21:45.071980
2994,25,1059.19,2026-03-07 08:22:50.551295
2995,105,534.01,2025-07-19 05:06:43.623392
2996,1,1444.11,2025-10-28 18:35:55.404991
2997,999,3193.68,2026-02-28 21:30:48.501814
2998,768,3573.45,2026-05-27 23:18:47.402933
2999,760,3748.36,2025-11-27 23:26:06.979032
3000,446,826.67,2025-10-26 18:12:46.814445
3001,253,3154.48,2026-01-31 15:10:29.758672
3002,183,476.97,2025-12-08 21:37:43.154221
3003,235,2682.07,2025-07-01 02:42:36.547563
3004,357,5927.86,2026-01-18 09:55:20.233342
3005,733,27.68,2026-03-30 04:39:00.074128
3006,483,1160.94,2026-02-17 18:54:55.788879
3007,56,2086.95,2026-01-15 06:41:11.306485
3008,1,2419.82,2025-09-17 05:18:34.222804
3009,92,387.38,2025-09-29 18:51:34.729989
3010,369,7164.24,2025-12-01 05:41:11.006073
3011,939,1910.4,2026-01-26 18:45:37.015563
3012,575,359.07,2025-07-26 17:02:16.859236
3013,768,41.47,2026-03-31 21:26:43.618279
3014,415,3058.15,2026-04-21 16:26:27.264216
3015,333,166.12,2025-08-12 20:12:05.949622
3016,100,304.09,2025-08-06 05:18:59.916751
3017,885,1710.53,2026-02-07 17:06:49.524112
3018,752,1850.19,2025-10-27 18:11:10.562229
3019,200,2322.38,2025-09-20 14:51:19.738913
3020,451,1000.15,2026-03-09 22:04:10.552578
3021,415,2973.54,2025-10-13 20:53:44.924506
3022,567,7327.09,2025-11-01 04:39:00.710613
3023,963,632.42,2025-08-22 23:59:25.464914
3024,513,2428.24,2025-08-31 10:48:09.808385
3025,483,5275.24,2025-07-29 09:08:00.240867
3026,24,2318.55,2026-01-08 20:20:04.013850
3027,37,2285.81,2025-10-03 09:22:02.537231
3028,200,506.62,2026-04-10 19:46:48.089025
3029,5,1532.0,2025-12-08 12:17:38.706466
3030,730,1653.46,2025-06-15 14:56:21.470392
3031,705,2408.81,2026-03-08 20:50:12.326847
3032,145,11502.66,2025-11-21 13:29:24.720285
3033,809,68.45,2025-08-24 13:50:25.062683
3034,191,,2025-08-11 07:54:34.335708
3035,255,162.31,2026-02-25 12:38:29.162871
3036,200,2717.2,2025-09-20 15:34:51.065302
3037,350,293.18,2026-02-16 05:51:21.099055
3038,206,1948.11,2026-01-31 10:13:20.889894
3039,415,785.1,2025-09-25 06:41:37.313880
3040,365,1222.47,2025-11-20 18:56:36.065546
3041,981,485.83,2025-06-20 12:18:13.028804
3042,30,4021.42,2025-11-08 14:08:31.172991
3043,163,1764.5,2025-06-06 07:24:19.032666
3044,25,5785.03,2025-09-16 18:08:57.401200
3045,567,1709.43,2025-12-22 03:39:06.722930
3046,26,264.57,2025-09-07 05:10:44.107854
3047,809,374.76,2025-08-12 18:38:23.340369
3048,451,9033.22,2025-07-23 09:46:57.734341
3049,470,2586.08,2026-02-27 18:35:49.078048
3050,483,101.07,2025-08-01 18:22:14.110066
3051,200,2433.31,2025-09-10 21:08:32.197427
3052,200,1062.65,2026-05-04 20:13:12.094632
3053,288,734.05,2026-04-25 02:58:30.882885
3054,534,334.62,2025-11-20 01:16:09.374313
3055,200,3663.96,2025-06-12 16:01:49.391692
3056,112,131.94,2025-09-23 13:06:51.976913
3057,971,684.52,2025-10-28 02:52:31.848695
3058,1,731.67,2026-02-13 11:56:21.349753
3059,768,350.86,2025-05-30 13:41:03.926487
3060,760,1419.3,2026-05-03 02:57:20.020439
3061,246,23.54,2026-05-24 21:04:48.595866
3062,144,716.14,2025-12-07 09:03:49.575585
3063,170,5425.0,2026-04-04 01:56:41.281070
3064,650,743.66,2025-11-12 22:15:52.261382
3065,577,894.01,2026-05-21 15:31:35.478941
3066,752,1281.74,2026-04-21 02:12:58.705118
3067,944,1649.67,2025-05-31 19:51:02.799910
3068,635,3307.92,2026-04-20 12:18:49.686432
3069,191,422.24,2026-01-09 15:51:41.279948
3070,200,4107.49,2025-10-08 16:27:21.044871
3071,820,2833.91,2025-06-27 08:23:43.912890
3072,200,,2026-03-26 21:23:05.149417
3073,47,181.61,2025-07-23 11:15:50.236476
3074,664,43.76,2026-01-28 04:52:11.339886
3075,365,1802.87,2026-04-13 07:30:35.643071
3076,936,3977.51,2026-02-27 00:32:57.389775
3077,577,1756.26,2025-08-29 18:06:19.048436
3078,68,479.65,2026-01-26 15:21:51.221659
3079,963,189.76,2025-10-14 23:07:01.495474
3080,215,2405.26,2025-06-23 18:56:47.844597
3081,297,2558.62,2025-07-01 00:08:26.450380
3082,365,378.77,2026-05-15 16:59:11.843403
3083,24,57.19,2026-05-25 04:09:29.686214
3084,423,1049.46,2025-11-25 04:50:30.045227
3085,128,1747.99,2025-08-06 21:31:47.530337
3086,365,2448.37,2025-11-05 15:51:24.180636
3087,324,3320.88,2026-05-04 01:35:53.259920
3088,746,1885.98,2026-05-07 08:34:01.736179
3089,768,235.05,2025-11-17 09:37:26.128049
3090,188,2295.07,2026-04-19 23:19:49.714301
3091,342,8292.54,2026-05-12 03:41:23.818624
3092,351,4720.1,2026-05-16 19:40:11.440033
3093,183,4106.28,2026-01-11 02:29:18.339537
3094,767,719.56,2026-03-24 01:33:59.708068
3095,675,2778.9,2026-04-17 05:59:56.782817
3096,200,3809.01,2025-07-26 13:35:01.209541
3097,342,2268.43,2025-10-10 07:53:50.914995
3098,98,576.86,2026-01-29 07:34:06.683638
3099,570,6151.02,2025-08-19 00:46:27.980567
3100,124,1198.66,2026-01-06 11:29:54.961084
3101,981,278.08,2026-05-17 02:29:16.781353
3102,751,,2025-06-19 11:33:41.125663
3103,365,2085.52,2025-06-15 06:14:03.107889
3104,510,1151.47,2025-09-18 21:14:09.664331
3105,928,198.5,2025-08-12 08:56:39.324005
3106,483,2696.95,2026-02-11 23:21:29.315619
3107,200,3212.14,2026-05-04 21:12:04.669212
3108,364,2584.99,2025-12-17 09:20:40.682111
3109,824,451.95,2025-10-27 22:27:35.433910
3110,577,2340.92,2025-05-30 13:20:12.696528
3111,577,21.56,2026-05-23 23:06:10.812569
3112,858,728.01,2025-10-13 13:29:44.346115
3113,905,1017.73,2025-06-25 10:34:53.422240
3114,936,3606.62,2026-03-02 06:08:52.827162
3115,74,989.89,2025-06-23 13:23:57.134039
3116,483,22.67,2025-10-09 23:07:19.459303
3117,728,868.8,2026-02-26 04:41:35.172955
3118,733,1382.0,2025-06-02 13:22:06.511407
3119,543,5952.05,2025-06-04 23:27:45.645970
3120,200,5661.6,2026-01-07 16:53:45.217776
3121,765,399.03,2025-07-30 17:58:10.766564
3122,705,409.49,2025-11-29 03:57:22.139103
3123,60,356.77,2025-12-13 19:14:48.843953
3124,415,3111.05,2025-11-28 20:44:01.131033
3125,200,12.08,2026-02-01 02:43:57.986842
3126,297,272.05,2026-01-31 04:32:05.123550
3127,1,1544.21,2025-07-24 08:45:41.816812
3128,365,568.87,2025-09-08 00:10:47.588718
3129,483,193.81,2025-07-28 21:51:17.151736
3130,559,892.19,2025-09-08 20:04:37.680114
3131,591,640.98,2026-01-30 19:09:39.093199
3132,809,1431.21,2025-09-09 06:51:41.529441
3133,200,7748.84,2026-02-15 11:06:54.771348
3134,122,265.47,2025-08-02 14:51:07.198480
3135,829,932.75,2026-01-31 14:08:36.448158
3136,191,5376.05,2025-12-26 14:42:39.740714
3137,973,4189.08,2025-09-13 18:53:18.891682
3138,821,1002.65,2025-09-17 00:42:46.359092
3139,434,2400.98,2025-07-09 07:02:34.151758
3140,977,183.92,2026-03-27 18:44:31.456099
3141,81,2493.35,2025-06-13 09:31:21.334656
3142,261,7213.33,2026-05-07 10:00:52.674323
3143,576,,2026-04-09 09:57:19.543822
3144,323,1380.26,2025-06-06 13:08:11.967638
3145,939,414.83,2025-07-13 22:00:05.348982
3146,39,2009.09,2025-10-04 20:43:05.297179
3147,483,1785.33,2026-03-31 06:11:51.046125
3148,525,2110.72,2025-11-23 02:06:40.476458
3149,577,52.86,2026-03-03 08:03:19.632308
3150,206,1591.35,2026-02-02 04:47:04.208191
3151,338,1807.41,2025-11-19 01:33:02.433072
3152,825,465.2,2025-12-30 21:27:29.086871
3153,200,,2026-04-14 13:30:35.931532
3154,793,646.53,2025-11-18 23:18:27.475212
3155,483,2487.66,2026-05-28 13:56:49.970823
3156,740,1864.16,2026-01-28 20:19:17.892593
3157,692,3738.53,2025-09-01 08:06:41.569695
3158,200,700.98,2026-02-22 14:06:42.821609
3159,487,4862.38,2026-04-04 16:07:15.597983
3160,861,2722.86,2026-03-29 15:05:03.792578
3161,396,1005.09,2026-03-11 12:23:34.556741
3162,965,200.22,2026-02-06 22:45:16.172530
3163,415,594.07,2026-01-05 22:37:40.971551
3164,166,6282.36,2025-12-28 11:56:41.825773
3165,365,743.18,2026-02-17 21:10:56.244069
3166,963,800.66,2026-03-03 03:33:53.465423
3167,288,420.43,2025-06-03 13:03:28.961007
3168,863,3288.58,2025-06-13 05:27:52.311316
3169,892,644.95,2026-03-24 16:03:20.223018
3170,324,801.73,2025-11-23 21:38:42.012780
3171,59,1070.06,2026-02-24 03:09:28.235492
3172,705,1137.36,2026-01-09 11:31:59.508031
3173,274,1059.82,2025-12-20 03:53:17.188999
3174,752,1401.33,2026-02-26 22:18:01.041760
3175,412,3369.54,2025-11-25 06:07:52.771651
3176,415,3421.67,2025-12-11 10:57:24.002820
3177,751,3202.08,2025-08-06 11:37:04.292748
3178,365,213.22,2025-10-18 23:06:13.337415
3179,413,3215.67,2026-03-05 08:08:22.776058
3180,357,256.24,2025-11-07 18:51:52.932083
3181,345,266.43,2026-04-14 19:04:57.709836
3182,465,5907.75,2025-09-02 17:43:33.011906
3183,775,3422.92,2025-07-17 15:21:10.908900
3184,333,1607.76,2025-07-22 18:02:28.009662
3185,461,4158.41,2025-07-31 15:19:04.678197
3186,601,9087.14,2025-06-27 21:14:47.177642
3187,229,1886.51,2025-11-15 10:56:42.330641
3188,229,1898.14,2025-10-01 01:40:26.412784
3189,940,2808.32,2025-12-06 16:09:41.588723
3190,705,528.29,2025-09-06 16:30:25.770997
3191,506,365.74,2025-08-03 06:41:46.042509
3192,577,2850.74,2025-07-02 08:59:01.643918
3193,5,845.95,2025-12-24 20:51:25.681962
3194,556,290.21,2025-09-30 13:38:05.083336
3195,446,756.32,2025-08-02 06:06:34.164226
3196,483,888.32,2025-09-01 20:31:15.660035
3197,333,6717.87,2025-08-30 09:46:30.172379
3198,56,2394.39,2025-12-31 13:23:46.569441
3199,200,1513.69,2025-10-22 06:10:47.992618
3200,963,6939.37,2025-09-01 15:44:51.288895
3201,367,4668.97,2025-12-31 03:05:06.821922
3202,415,1434.88,2025-07-29 18:15:59.139770
3203,25,4722.12,2026-02-18 11:54:42.127553
3204,9,1036.05,2026-03-22 09:22:45.084927
3205,702,523.82,2026-03-08 03:43:21.319912
3206,483,529.7,2025-12-22 05:01:34.776207
3207,444,2171.29,2025-11-29 21:34:27.735991
3208,200,1390.58,2025-10-15 08:39:39.440815
3209,731,,2025-12-17 04:39:09.353375
3210,200,2317.21,2025-08-05 22:18:56.903826
3211,200,45.15,2025-12-30 17:41:59.102504
3212,415,111.11,2026-03-27 22:26:29.077601
3213,240,1521.47,2026-02-16 07:35:12.246154
3214,200,424.0,2025-08-21 16:22:05.954823
3215,577,2002.25,2025-09-26 23:31:00.124372
3216,577,1606.75,2025-11-03 03:23:00.977284
3217,793,1762.62,2026-04-22 02:26:27.755359
3218,379,720.38,2025-09-12 04:12:49.580943
3219,47,2042.43,2025-11-23 03:35:12.384588
3220,229,3537.95,2026-01-15 04:32:23.656235
3221,977,12501.77,2026-04-21 20:28:02.886227
3222,540,3645.81,2026-02-18 00:55:30.041510
3223,684,1630.62,2025-06-14 12:39:30.632975
3224,1,429.93,2026-05-17 05:42:40.821296
3225,457,2287.93,2025-11-25 16:51:38.113296
3226,9,5550.1,2025-09-02 03:36:13.658670
3227,488,476.18,2025-11-26 06:32:40.164530
3228,936,591.42,2025-06-21 00:09:46.758180
3229,967,322.71,2025-09-30 06:18:43.969498
3230,483,2669.09,2025-09-29 01:30:34.607176
3231,415,1043.64,2025-11-25 07:22:32.013272
3232,959,129.49,2026-05-02 02:45:24.808711
3233,605,4158.08,2025-12-01 22:38:55.529330
3234,39,1631.41,2026-05-06 09:04:18.841532
3235,415,804.22,2025-08-04 11:40:47.072977
3236,200,843.14,2026-01-11 20:28:18.346494
3237,415,685.69,2025-08-19 14:44:50.445319
3238,415,1215.7,2026-03-09 19:01:35.208549
3239,519,822.09,2025-11-25 20:06:30.992962
3240,332,1587.91,2026-04-29 10:17:08.425873
3241,200,2970.17,2025-11-25 17:21:25.776907
3242,441,2244.55,2025-10-18 08:45:57.996426
3243,798,697.57,2026-01-22 11:30:01.340103
3244,591,1504.69,2026-03-29 08:05:32.317014
3245,297,3666.74,2026-02-04 08:55:26.389678
3246,941,141.29,2026-01-12 23:38:07.540346
3247,928,163.07,2025-08-01 19:12:02.158801
3248,200,1624.63,2025-12-05 13:13:51.340095
3249,12,2038.39,2025-10-19 14:43:26.219263
3250,729,475.03,2025-12-06 05:10:09.614124
3251,793,2734.71,2025-09-02 05:52:07.512648
3252,965,2078.41,2026-05-15 18:01:27.826450
3253,902,5135.43,2025-06-24 03:23:26.537486
3254,543,370.14,2026-05-03 14:03:26.379962
3255,474,2783.61,2025-10-09 13:54:40.078497
3256,5,174.7,2025-06-08 17:31:52.285692
3257,200,1666.16,2026-03-18 11:12:24.419595
3258,415,1605.46,2026-02-16 19:49:06.000106
3259,570,983.3,2026-04-03 21:06:14.795470
3260,483,3723.13,2026-04-26 17:30:46.489372
3261,729,,2025-12-23 22:15:25.164760
3262,229,1468.69,2026-01-22 19:55:02.124719
3263,483,489.64,2026-04-17 11:13:04.583977
3264,67,2721.24,2026-01-17 01:36:25.455683
3265,373,88.04,2025-12-25 05:50:26.904257
3266,733,3562.29,2026-01-04 21:51:46.389193
3267,639,3641.46,2025-06-14 12:42:33.645231
3268,986,3577.92,2025-12-26 14:17:02.829461
3269,229,331.09,2026-01-07 15:49:05.451004
3270,425,1990.7,2026-01-12 11:03:02.432065
3271,296,28.94,2026-02-26 16:26:35.286630
3272,406,3767.26,2026-03-10 09:25:28.657938
3273,831,2567.3,2025-07-29 18:17:04.037980
3274,618,1514.96,2026-01-24 04:38:59.375504
3275,893,2623.05,2025-07-31 23:04:11.383503
3276,200,198.15,2025-11-08 18:05:23.372510
3277,876,1504.33,2025-11-29 10:50:32.343547
3278,33,688.58,2025-06-10 11:15:56.694363
3279,901,7195.85,2025-07-16 16:14:53.450120
3280,294,3891.47,2026-03-16 22:20:56.730732
3281,281,2643.08,2025-11-09 00:39:16.531620
3282,451,5428.57,2026-01-05 15:01:44.798537
3283,947,851.88,2025-09-29 10:33:08.080619
3284,21,4622.85,2025-11-08 06:17:56.877439
3285,326,786.79,2025-10-18 17:03:13.174758
3286,831,2639.49,2026-05-17 18:27:27.242926
3287,365,2666.77,2026-01-07 20:52:44.663132
3288,200,37.04,2026-03-15 00:01:46.865634
3289,386,895.89,2026-03-16 12:41:39.686044
3290,365,39.25,2025-06-24 18:32:37.038086
3291,935,11680.59,2025-12-10 13:55:50.616964
3292,740,260.67,2025-09-03 20:19:15.345630
3293,441,1565.32,2026-02-24 23:19:54.853640
3294,984,3126.6,2026-04-28 15:29:57.613178
3295,415,449.45,2026-03-26 12:49:14.775759
3296,33,1327.38,2025-07-16 12:33:45.079751
3297,224,1870.07,2025-11-30 14:59:02.683377
3298,398,349.19,2025-07-24 17:43:04.560830
3299,191,3015.17,2025-07-15 12:09:31.092622
3300,963,,2025-07-26 02:05:54.504960
3301,742,474.04,2025-06-13 20:31:41.432070
3302,229,1634.2,2025-08-01 04:58:14.319993
3303,525,1056.33,2025-10-04 01:31:27.261454
3304,705,5058.62,2026-04-16 00:40:35.142815
3305,949,4241.57,2026-04-30 21:06:55.153940
3306,893,1320.78,2025-12-29 19:04:46.035984
3307,457,890.27,2025-07-17 18:24:53.485919
3308,746,787.62,2025-08-07 23:29:57.601873
3309,483,622.76,2025-12-12 09:08:18.648545
3310,483,1572.93,2026-04-21 08:57:07.058315
3311,108,,2025-09-02 12:58:12.082111
3312,131,744.32,2025-09-27 15:04:58.375074
3313,474,421.67,2025-06-06 11:32:22.928175
3314,229,1290.56,2025-10-07 10:17:36.230749
3315,1,143.07,2026-01-15 00:59:59.842957
3316,705,2416.49,2025-07-28 05:39:11.502452
3317,5,1461.11,2025-10-19 15:14:20.464188
3318,536,1371.85,2025-09-27 08:39:39.403288
3319,483,714.62,2025-07-21 20:05:56.241184
3320,967,4700.89,2025-08-05 12:44:37.274406
3321,415,189.69,2026-01-05 05:27:59.070318
3322,39,4077.74,2025-10-03 14:12:58.533142
3323,483,945.47,2025-10-28 00:23:46.874566
3324,819,4250.95,2026-01-29 13:51:01.340189
3325,990,,2025-08-31 12:51:01.593246
3326,395,220.01,2025-08-03 01:03:41.222240
3327,289,3562.07,2025-08-18 22:35:17.296301
3328,917,2292.52,2026-01-20 02:16:11.401505
3329,200,65.67,2026-04-03 18:25:47.710529
3330,551,287.05,2025-12-10 11:46:39.144719
3331,365,2019.16,2025-12-16 04:03:59.129772
3332,12,2172.98,2026-03-24 16:13:53.286302
3333,317,2745.98,2025-10-10 12:58:26.430147
3334,229,2547.68,2026-02-24 01:54:58.398329
3335,620,2154.8,2026-04-05 13:08:03.861540
3336,963,2906.91,2025-11-05 15:33:48.478927
3337,229,1711.74,2026-01-09 23:53:24.758669
3338,778,604.35,2025-09-06 08:36:01.261741
3339,29,4869.41,2026-01-27 21:52:09.923947
3340,483,36.76,2025-12-06 01:52:24.350029
3341,47,913.19,2025-07-27 12:03:58.273733
3342,941,2610.32,2026-04-28 09:38:01.276813
3343,740,1114.28,2025-11-25 16:02:05.174776
3344,584,50.3,2025-09-09 23:11:04.632814
3345,793,136.52,2026-02-09 10:00:09.871298
3346,577,2091.87,2026-04-01 00:39:17.502640
3347,967,6697.09,2025-06-26 07:11:45.968037
3348,692,1605.32,2026-03-24 21:01:27.349603
3349,938,1413.51,2025-06-27 13:07:04.236923
3350,457,766.41,2025-06-23 20:42:16.052347
3351,115,,2026-01-05 02:51:26.597206
3352,473,42.42,2025-07-30 05:05:54.263791
3353,131,637.53,2025-08-04 09:40:22.380438
3354,531,1192.44,2026-04-09 21:18:59.158296
3355,415,441.17,2025-07-23 03:05:56.829139
3356,563,,2025-12-06 01:07:47.301131
3357,1,2529.77,2025-08-25 02:17:57.793622
3358,200,4500.37,2026-04-27 18:38:02.477684
3359,415,5522.02,2026-04-30 02:49:15.613314
3360,963,,2025-07-09 22:54:03.134367
3361,365,108.44,2026-03-31 14:50:01.734708
3362,385,2700.79,2025-06-04 09:52:09.803567
3363,694,233.28,2026-01-20 07:15:30.825120
3364,543,,2025-11-29 00:44:04.141853
3365,251,3022.5,2026-02-17 16:53:07.253845
3366,369,2588.27,2025-10-05 01:17:13.825877
3367,200,6068.27,2025-09-10 13:07:46.230402
3368,965,2679.94,2026-02-02 07:26:43.206623
3369,136,2363.18,2026-01-08 21:56:08.003724
3370,350,606.93,2026-01-26 04:42:44.678031
3371,2,5174.38,2025-11-23 18:48:31.768450
3372,200,395.79,2025-11-19 18:35:40.263929
3373,751,4705.58,2025-09-15 15:39:28.621889
3374,200,749.86,2025-07-13 18:16:32.606101
3375,56,278.9,2025-06-02 01:27:01.082177
3376,415,3505.27,2025-07-24 15:52:06.218536
3377,1,5.0,2025-07-30 12:51:59.827338
3378,60,3568.63,2026-01-25 23:27:37.249376
3379,774,608.47,2025-12-23 16:27:10.615161
3380,745,4320.8,2026-03-30 20:34:28.542540
3381,934,2351.93,2025-09-21 03:20:54.949374
3382,829,2194.33,2026-03-29 22:44:03.899547
3383,618,909.27,2025-11-15 06:53:34.189466
3384,25,122.48,2025-11-17 09:09:08.787194
3385,752,3544.77,2025-06-01 12:32:21.954771
3386,828,374.84,2026-01-28 11:22:49.963595
3387,767,931.25,2025-07-27 01:41:48.257318
3388,444,1834.36,2026-04-05 00:50:23.689144
3389,200,1316.54,2025-08-08 20:26:47.757337
3390,828,442.94,2026-02-01 09:22:56.562059
3391,710,303.08,2025-12-07 02:29:42.651909
3392,977,,2025-07-15 12:30:35.998515
3393,191,3975.66,2025-12-21 16:32:53.779293
3394,200,64.14,2025-11-20 03:30:42.831517
3395,200,7545.76,2025-09-04 08:09:08.458320
3396,761,442.61,2026-05-21 04:37:27.330794
3397,200,233.79,2025-10-25 12:34:25.035044
3398,39,1720.63,2026-04-12 21:31:28.745196
3399,996,166.73,2026-04-08 14:49:44.828773
3400,1,1844.89,2025-07-20 20:53:47.487227
3401,809,3802.61,2025-12-29 23:24:11.280031
3402,340,98.17,2026-01-13 00:32:59.294052
3403,819,3217.56,2026-03-31 23:53:22.320513
3404,483,1003.33,2025-08-03 06:05:31.070797
3405,914,347.49,2026-03-15 06:44:25.561718
3406,939,387.4,2025-07-03 08:59:34.915173
3407,1,5020.81,2026-01-31 14:44:19.587600
3408,55,234.43,2026-02-01 16:14:50.398562
3409,202,4031.55,2026-05-16 03:04:00.422920
3410,600,1571.6,2026-05-19 23:55:38.477660
3411,901,79.68,2026-05-04 18:37:17.818075
3412,415,1249.02,2026-03-18 00:49:06.231380
3413,543,3401.46,2025-08-07 06:03:07.459765
3414,200,2590.74,2025-10-05 16:24:29.346156
3415,771,1341.92,2026-05-14 13:47:58.447565
3416,965,3932.94,2025-09-26 06:55:56.331455
3417,229,256.5,2026-04-25 12:53:41.773282
3418,420,4814.58,2026-03-09 16:32:35.070997
3419,60,3747.34,2026-04-21 18:23:41.935062
3420,483,2463.9,2025-06-15 06:29:08.878860
3421,437,3406.26,2026-03-28 23:43:05.225909
3422,170,1569.72,2026-05-10 14:13:58.211914
3423,410,2248.86,2026-02-17 23:37:47.662152
3424,296,1644.68,2026-02-10 18:04:05.846067
3425,457,878.34,2026-02-08 00:01:45.612313
3426,521,1682.65,2025-10-18 14:04:50.097652
3427,1,595.37,2025-08-15 12:47:27.214437
3428,740,1160.63,2026-03-31 18:53:29.689053
3429,691,659.16,2025-12-06 00:52:09.648506
3430,342,262.24,2026-02-26 14:22:36.252040
3431,25,776.81,2025-08-26 14:41:00.430642
3432,733,3820.91,2025-10-29 11:15:26.760571
3433,963,959.56,2025-10-03 12:57:48.185572
3434,200,2756.68,2025-11-06 01:27:25.454437
3435,291,385.22,2026-02-17 17:23:00.547334
3436,200,1104.75,2025-09-15 08:11:46.184348
3437,505,244.01,2026-05-26 02:41:14.843962
3438,191,298.44,2025-12-04 07:59:57.418258
3439,332,1921.72,2026-01-18 23:47:09.827518
3440,648,1870.34,2026-02-15 22:37:47.121914
3441,483,480.0,2026-02-16 19:24:04.390350
3442,365,1286.52,2025-07-03 12:13:11.076329
3443,379,3980.02,2026-01-19 21:11:23.478526
3444,483,382.81,2026-04-02 15:52:24.963480
3445,1,38.79,2025-10-31 08:41:07.837174
3446,56,2111.08,2026-05-19 09:13:04.792143
3447,892,109.96,2025-07-08 22:25:10.166691
3448,56,7818.08,2026-01-04 01:19:37.293947
3449,674,1881.27,2025-10-25 20:31:58.889551
3450,936,1271.25,2025-07-07 23:41:50.422413
3451,229,1124.21,2026-02-12 15:07:44.523178
3452,349,,2025-08-16 00:48:55.988532
3453,487,189.99,2025-11-19 22:23:43.515456
3454,893,5319.06,2025-06-16 11:13:51.062140
3455,952,1965.09,2025-07-14 10:29:06.560766
3456,726,406.63,2025-07-08 18:51:01.216944
3457,62,1653.73,2025-06-15 22:56:05.876234
3458,600,286.02,2026-01-25 07:26:13.050408
3459,369,35.42,2025-08-14 13:14:13.164820
3460,415,1991.3,2025-09-27 06:34:34.369361
3461,23,2091.0,2026-05-28 16:55:02.460206
3462,200,1752.68,2025-10-18 04:18:32.764492
3463,761,405.42,2025-09-09 08:47:06.653882
3464,415,1849.8,2026-05-29 18:44:44.544639
3465,256,116.34,2025-12-26 06:57:22.862871
3466,365,1879.32,2026-01-10 16:48:05.943252
3467,829,1614.95,2026-05-21 14:14:39.645548
3468,733,2129.9,2025-08-19 12:31:49.860369
3469,229,4516.67,2025-12-29 11:35:02.555478
3470,116,3799.02,2026-03-18 04:10:49.885201
3471,206,7890.56,2025-08-24 00:31:53.804900
3472,936,7479.59,2025-10-07 14:04:41.712950
3473,518,2959.63,2025-09-15 13:53:39.462798
3474,478,6266.3,2025-07-04 15:25:36.486901
3475,540,4039.09,2025-05-31 02:05:55.849584
3476,341,2600.84,2025-10-04 20:37:01.433806
3477,772,156.75,2025-10-29 15:28:39.388502
3478,458,100.59,2026-03-09 01:34:13.971515
3479,113,3635.38,2025-10-12 08:08:46.974368
3480,135,1345.34,2026-01-12 04:29:05.108047
3481,483,3370.55,2026-03-23 06:17:39.539672
3482,942,750.6,2026-02-19 16:06:02.110315
3483,269,1013.83,2025-10-24 09:21:38.857193
3484,867,2409.19,2026-03-30 09:44:17.128410
3485,740,4937.91,2026-05-11 03:56:57.136305
3486,200,183.71,2025-10-16 06:30:08.521199
3487,8,3953.45,2025-08-15 23:37:10.224201
3488,91,3150.2,2025-07-09 15:53:12.460844
3489,711,758.25,2026-04-17 03:14:02.134875
3490,200,877.68,2025-08-26 14:52:41.644249
3491,350,95.15,2025-09-18 02:41:04.698228
3492,434,31.73,2026-04-07 05:17:55.792336
3493,708,1296.37,2025-07-23 15:38:01.746237
3494,105,200.83,2026-03-16 09:10:00.108602
3495,365,431.35,2025-10-03 17:34:58.913366
3496,415,3751.59,2025-08-23 14:08:22.711765
3497,483,1692.73,2025-10-01 16:30:17.537324
3498,792,,2025-08-14 07:37:40.229165
3499,200,415.23,2025-12-29 16:07:29.813958
3500,774,3528.23,2026-05-18 03:04:04.049126
3501,638,4049.6,2026-04-05 08:13:32.555096
3502,483,,2026-05-24 01:13:57.263112
3503,656,4873.55,2025-08-19 22:52:21.717712
3504,371,3726.45,2025-08-23 12:33:41.134646
3505,153,2628.5,2026-04-25 05:09:21.122502
3506,594,2649.09,2025-08-23 06:45:10.511016
3507,462,222.74,2025-07-15 13:32:23.798411
3508,576,631.71,2025-09-30 00:07:34.492698
3509,297,138.37,2025-11-16 23:18:53.966254
3510,917,17.44,2025-10-06 07:44:19.224197
3511,521,344.69,2026-03-23 12:26:40.971903
3512,60,4248.66,2025-06-06 04:40:53.621657
3513,415,548.54,2025-08-06 11:40:17.302444
3514,733,7023.41,2026-05-07 02:09:52.815495
3515,761,1819.08,2025-06-06 02:45:20.738492
3516,420,541.67,2025-07-07 05:57:35.412471
3517,908,1374.85,2025-08-06 19:13:58.819354
3518,229,494.6,2025-12-31 17:21:59.111048
3519,369,8267.03,2026-03-31 14:09:11.215615
3520,914,3758.1,2026-02-11 04:35:24.952411
3521,911,53.18,2026-04-30 16:55:14.398946
3522,619,5904.43,2026-01-28 17:11:03.202038
3523,835,2553.55,2026-05-09 05:18:05.194391
3524,68,171.95,2025-08-01 22:54:29.039462
3525,853,2221.19,2025-08-27 18:35:38.639800
3526,290,2082.16,2025-11-01 09:30:42.600861
3527,200,493.82,2025-12-21 17:10:56.339744
3528,200,2841.33,2025-06-22 22:20:10.402099
3529,379,182.18,2025-12-25 03:13:38.793205
3530,203,1344.51,2025-06-15 06:16:43.746013
3531,290,19.95,2026-03-01 11:36:16.212398
3532,142,6930.67,2026-03-05 05:09:09.038105
3533,245,2785.14,2026-03-18 04:42:49.599173
3534,497,345.98,2025-07-23 15:46:30.559175
3535,409,836.11,2026-02-13 18:45:41.578759
3536,315,350.05,2025-10-19 06:47:37.378484
3537,733,2910.15,2025-11-23 22:13:10.167053
3538,905,121.4,2025-06-07 06:18:44.461698
3539,733,3670.25,2025-09-28 03:12:23.410289
3540,296,5701.41,2026-01-06 22:51:04.127831
3541,731,2257.9,2026-03-21 06:09:12.556319
3542,185,478.97,2026-02-28 02:37:57.197027
3543,136,892.86,2026-04-05 02:44:56.736370
3544,312,1297.27,2026-04-11 06:25:07.574721
3545,774,1855.84,2025-06-06 06:53:50.620676
3546,200,2209.24,2025-07-23 03:32:29.280971
3547,38,1615.84,2025-11-04 23:14:51.839838
3548,137,865.61,2025-07-28 02:37:24.797607
3549,834,4431.3,2025-11-12 15:14:56.727977
3550,570,169.79,2025-06-29 06:35:21.477668
3551,206,1255.68,2026-03-29 11:46:40.501346
3552,483,2988.34,2025-07-25 17:29:09.079378
3553,471,125.61,2026-03-10 19:44:56.867536
3554,577,2443.83,2025-07-13 23:48:36.292207
3555,200,3426.4,2025-06-26 07:29:26.918564
3556,850,2162.52,2025-11-24 17:43:55.260580
3557,271,26.04,2025-11-14 04:11:27.981870
3558,640,397.24,2026-01-13 15:02:13.642224
3559,1,837.44,2025-11-23 00:17:26.146518
3560,350,532.34,2025-09-01 15:48:01.685191
3561,324,6574.96,2025-07-22 07:09:35.555274
3562,483,2108.77,2025-09-03 16:36:06.026002
3563,47,704.71,2025-07-07 08:47:30.646509
3564,760,5309.9,2025-12-24 09:56:02.343835
3565,200,2698.72,2026-02-27 09:47:46.942989
3566,612,669.85,2026-05-05 08:25:52.804802
3567,768,952.47,2026-02-24 03:37:06.073465
3568,483,444.86,2025-06-25 06:05:49.227521
3569,728,7086.03,2025-08-05 02:41:43.453735
3570,588,1456.71,2025-07-25 04:25:13.431551
3571,331,4527.82,2025-08-25 14:12:50.870099
3572,775,850.82,2025-10-08 03:37:17.655044
3573,244,3944.28,2026-04-12 03:08:12.624049
3574,493,110.79,2025-11-04 00:31:29.143517
3575,733,8044.83,2025-12-21 23:07:39.796259
3576,365,4861.62,2026-01-04 02:25:06.056395
3577,261,902.61,2025-06-23 03:49:29.661896
3578,415,2980.84,2026-01-12 19:56:58.465899
3579,792,2790.73,2025-12-13 01:50:16.830228
3580,939,4630.42,2025-07-17 08:14:21.350321
3581,483,734.19,2026-04-26 09:10:27.271851
3582,588,1252.92,2025-12-17 19:01:55.243299
3583,914,4004.96,2025-07-13 11:56:02.578908
3584,81,3015.38,2026-05-13 15:49:22.088511
3585,200,999.99,2025-10-06 03:46:53.098306
3586,682,3738.04,2026-02-17 22:58:22.506509
3587,793,96.18,2026-03-10 02:22:34.978546
3588,831,3046.95,2026-05-21 23:18:32.572073
3589,376,463.27,2025-07-19 16:12:44.807560
3590,68,674.08,2026-01-07 12:53:56.222646
3591,401,1359.34,2025-07-19 22:18:45.845435
3592,200,1194.71,2025-08-11 06:25:37.825259
3593,242,1470.32,2025-06-04 05:31:36.414946
3594,746,1573.93,2026-05-15 12:40:49.517745
3595,55,805.52,2026-05-13 18:22:37.795623
3596,793,385.3,2025-09-30 01:55:23.668332
3597,389,2926.19,2025-08-15 10:17:21.784183
3598,539,1021.57,2026-01-25 02:48:00.059186
3599,68,1409.8,2026-05-01 23:33:33.464492
3600,297,2069.57,2026-03-06 14:12:41.242710
3601,68,4807.86,2025-09-03 08:13:09.212283
3602,965,,2025-09-24 11:46:06.966227
3603,772,93.05,2026-05-08 08:20:56.698440
3604,415,3647.25,2026-02-11 09:37:17.221329
3605,200,9085.33,2026-04-26 23:15:34.658839
3606,940,1279.16,2025-08-10 07:51:44.895543
3607,309,6985.99,2025-11-21 03:17:11.969720
3608,200,1585.18,2025-12-22 02:33:29.073370
3609,483,1230.95,2026-01-24 00:12:45.909577
3610,956,805.15,2025-06-28 19:10:48.630839
3611,1,2143.29,2026-03-09 05:05:55.911339
3612,200,522.26,2025-10-04 18:31:19.913778
3613,944,221.72,2025-09-23 15:57:16.342269
3614,200,55.23,2025-07-14 11:16:53.039605
3615,105,691.7,2025-06-19 21:39:26.503955
3616,489,1007.6,2025-07-06 14:36:52.438566
3617,846,1606.27,2026-01-26 21:36:44.267246
3618,415,692.74,2026-02-07 22:12:54.082297
3619,986,8277.79,2026-03-02 10:51:31.859831
3620,614,689.9,2025-08-06 22:48:39.058439
3621,51,1163.12,2025-07-07 12:24:56.294090
3622,986,218.01,2025-10-14 22:55:30.389708
3623,365,603.9,2026-05-06 20:38:54.726418
3624,240,99.08,2026-03-20 23:27:37.366499
3625,483,1639.73,2025-10-20 08:12:06.691278
3626,264,2781.12,2026-04-30 11:49:50.935634
3627,62,435.59,2025-09-21 06:11:34.585518
3628,1,917.45,2025-11-13 19:44:40.566110
3629,415,33.51,2025-06-20 00:25:19.171450
3630,809,3659.2,2026-01-27 11:32:29.917945
3631,497,3027.92,2025-09-25 03:18:04.999763
3632,998,130.69,2026-03-15 01:05:29.889168
3633,240,907.84,2026-02-17 08:11:26.979451
3634,229,6214.96,2025-10-03 20:14:04.997326
3635,196,995.25,2026-03-19 06:01:36.558935
3636,200,1493.98,2025-12-03 23:48:29.335303
3637,237,877.76,2025-11-23 22:49:45.569969
3638,761,1813.33,2025-09-01 14:19:02.698926
3639,916,7647.74,2025-10-11 23:28:08.626267
3640,973,11984.93,2026-02-25 07:01:59.733675
3641,200,2980.78,2025-10-08 18:54:28.287344
3642,892,1036.07,2026-02-05 21:20:17.358712
3643,293,,2025-07-26 15:51:17.012418
3644,105,882.39,2026-04-19 15:53:15.605678
3645,868,8477.53,2026-05-23 05:37:17.496257
3646,572,2460.36,2025-09-23 01:21:36.464767
3647,200,1191.79,2025-08-03 12:51:31.839421
3648,395,24.38,2026-01-07 16:57:40.448485
3649,240,1469.95,2026-01-20 18:34:59.711477
3650,717,8261.38,2025-10-12 18:20:05.118698
3651,415,1480.73,2025-09-14 09:44:29.499397
3652,986,402.83,2026-03-11 13:07:52.687713
3653,27,44.68,2025-11-01 13:36:28.413120
3654,331,876.09,2025-09-20 03:11:08.291240
3655,415,5007.64,2025-07-10 02:34:44.827565
3656,439,11341.15,2025-09-24 02:50:16.273437
3657,284,5814.27,2026-03-23 03:07:58.733637
3658,711,2614.37,2025-07-24 13:59:30.833992
3659,881,1633.54,2025-11-27 09:25:28.333906
3660,944,1786.55,2025-09-25 20:47:59.008809
3661,771,1548.68,2025-11-09 09:36:50.513118
3662,829,2455.5,2025-12-23 11:36:31.312078
3663,483,1085.57,2026-05-15 16:54:36.139016
3664,793,2212.51,2025-08-17 05:21:56.163419
3665,262,259.33,2025-09-28 21:29:09.100667
3666,365,617.66,2025-12-17 18:13:57.027349
3667,286,3615.81,2026-03-24 00:09:40.291203
3668,415,4681.59,2025-12-29 21:08:27.291802
3669,239,1548.75,2025-10-30 04:18:02.307936
3670,965,64.29,2025-10-11 01:33:23.484615
3671,279,5233.87,2025-06-03 02:31:25.978615
3672,81,2421.75,2025-06-02 12:00:56.820800
3673,469,1068.97,2026-04-10 05:04:06.435693
3674,33,1824.49,2025-09-28 17:18:54.304308
3675,103,1123.45,2025-11-13 22:00:37.857378
3676,200,1252.25,2025-11-01 22:24:36.754852
3677,415,4357.37,2025-10-28 05:17:29.596164
3678,396,351.29,2025-12-22 09:41:21.655730
3679,767,218.89,2026-04-17 04:25:47.884537
3680,726,5.46,2025-12-21 14:26:12.360832
3681,387,753.76,2025-10-03 11:29:41.833627
3682,296,318.96,2026-01-08 06:10:19.141952
3683,285,496.89,2025-10-26 12:17:25.521742
3684,746,22.61,2025-12-23 10:19:13.103126
3685,25,515.46,2026-01-06 13:07:51.405047
3686,1,809.07,2025-06-17 21:42:27.810664
3687,761,64.15,2025-12-21 07:27:33.033776
3688,415,,2025-10-20 02:57:22.074037
3689,136,1682.37,2025-12-20 02:03:18.820634
3690,200,204.14,2026-02-25 12:23:57.267234
3691,939,1807.78,2025-09-08 03:57:36.180479
3692,837,13221.12,2026-05-10 20:00:45.131999
3693,684,5781.63,2026-03-29 12:08:01.566731
3694,415,5.35,2025-10-14 01:07:25.553516
3695,457,3173.18,2025-08-21 10:27:11.545821
3696,973,872.69,2025-06-27 05:55:17.722206
3697,965,131.53,2026-03-24 14:28:53.559869
3698,200,701.91,2025-11-19 05:18:54.796433
3699,778,776.44,2025-10-09 12:18:43.018417
3700,200,1481.5,2026-03-31 01:55:18.475809
3701,200,2164.0,2025-08-21 00:58:29.777960
3702,610,2765.05,2026-05-14 14:13:21.079925
3703,365,564.47,2025-10-05 17:32:54.353853
3704,939,776.54,2025-08-04 04:22:53.872072
3705,68,737.44,2025-06-25 08:48:39.729687
3706,450,901.15,2025-07-09 08:19:47.044966
3707,936,,2025-12-23 00:13:23.765545
3708,914,3009.65,2026-05-01 17:08:55.203589
3709,191,7377.0,2025-11-22 22:55:11.089644
3710,342,2362.54,2025-11-23 12:21:59.857708
3711,559,,2025-07-11 10:56:08.404172
3712,195,987.75,2025-09-26 04:54:25.556903
3713,965,1341.13,2025-12-27 17:24:35.662510
3714,933,1078.69,2026-04-11 19:36:18.062058
3715,200,3524.32,2025-12-22 16:29:25.551063
3716,124,1250.98,2025-11-21 11:08:18.707536
3717,60,700.86,2026-05-30 13:32:07.170486
3718,924,2982.07,2025-07-06 07:21:42.233475
3719,200,3854.06,2025-06-13 11:22:31.595105
3720,379,1090.93,2026-03-02 03:18:57.918943
3721,415,,2026-01-21 21:02:20.444556
3722,542,121.21,2025-07-29 22:32:32.811420
3723,47,1507.77,2025-09-10 10:57:17.578897
3724,200,92.05,2025-08-30 13:33:57.482814
3725,939,59.25,2026-01-03 13:03:12.098614
3726,921,1898.27,2026-04-04 15:05:22.024420
3727,751,722.9,2026-01-21 05:41:48.928408
3728,1,2713.76,2025-11-30 19:36:23.594149
3729,293,4528.32,2025-08-30 06:48:29.888072
3730,570,300.23,2025-07-04 07:25:30.994603
3731,229,,2026-05-17 17:47:17.882257
3732,925,1445.23,2025-08-21 21:35:35.530198
3733,570,237.84,2026-01-06 00:50:09.625259
3734,47,2108.77,2026-01-12 13:22:36.308953
3735,924,1880.48,2025-12-03 01:35:17.827373
3736,963,1449.86,2025-10-07 19:26:10.218523
3737,56,,2026-02-01 09:49:53.190435
3738,474,1472.44,2025-08-02 08:45:15.792382
3739,262,9316.11,2025-09-16 16:03:19.086842
3740,365,1423.55,2025-08-16 05:54:20.861436
3741,200,246.26,2026-01-21 19:33:25.813721
3742,508,1271.54,2025-10-31 15:30:36.557506
3743,963,402.59,2026-03-28 10:50:34.720324
3744,438,1818.3,2025-09-12 03:06:38.201787
3745,58,2362.68,2026-03-03 13:59:04.242504
3746,559,1263.86,2025-07-22 13:26:53.498930
3747,301,205.62,2026-05-11 16:57:32.061771
3748,829,1264.64,2025-06-14 21:28:55.302527
3749,397,169.93,2026-04-03 15:11:00.684422
3750,200,2292.2,2025-06-08 09:44:49.607597
3751,200,,2025-09-05 10:27:34.112615
3752,743,6560.46,2025-12-13 04:29:53.604488
3753,229,322.22,2025-09-16 12:52:16.601035
3754,743,1520.37,2025-07-09 23:06:40.243080
3755,200,1676.52,2026-02-14 10:35:00.694794
3756,291,5114.35,2026-04-17 11:35:16.383130
3757,415,1973.84,2026-01-13 09:40:35.037395
3758,954,314.5,2025-07-05 21:39:38.843756
3759,939,1146.65,2026-02-18 16:07:04.456842
3760,200,2127.05,2025-08-09 16:53:50.434815
3761,332,2409.84,2025-12-15 09:46:40.909435
3762,180,3976.63,2025-06-21 00:37:09.172600
3763,446,398.14,2026-02-11 17:09:32.809376
3764,415,6054.12,2025-09-06 01:48:06.747258
3765,914,121.92,2026-04-19 12:31:23.194140
3766,939,8240.82,2026-05-08 08:06:45.966181
3767,365,3900.58,2026-03-06 03:40:23.833183
3768,415,,2025-10-02 12:22:19.509701
3769,911,2656.02,2026-01-05 00:34:52.731127
3770,772,150.94,2025-12-12 20:45:55.538384
3771,1,84.73,2025-12-12 17:36:32.363173
3772,288,214.65,2025-06-19 13:13:09.385355
3773,379,182.83,2025-06-25 13:04:10.714066
3774,200,1585.41,2026-01-09 07:49:49.553180
3775,200,485.27,2025-07-15 04:20:13.718136
3776,9,3935.17,2025-10-20 02:12:43.669449
3777,577,1180.27,2025-12-27 05:10:02.274923
3778,225,2378.24,2026-05-18 21:30:31.215858
3779,25,2116.13,2026-05-20 21:58:33.645423
3780,200,770.89,2025-10-03 13:00:36.123659
3781,768,557.23,2025-06-07 07:18:13.487466
3782,829,838.49,2025-06-11 10:16:10.010520
3783,415,3185.74,2026-04-23 03:58:12.147180
3784,378,1765.12,2025-07-17 11:45:28.891349
3785,977,584.82,2026-04-27 06:51:41.701019
3786,200,3405.81,2025-07-09 22:29:18.851398
3787,200,112.63,2025-12-18 11:39:19.396373
3788,242,2402.51,2026-04-06 03:25:09.047315
3789,200,1156.43,2025-08-25 21:18:00.165363
3790,365,2628.25,2026-04-16 01:16:07.700145
3791,928,5247.27,2026-03-01 13:58:46.715049
3792,551,2772.86,2025-07-26 03:26:28.446565
3793,371,1166.67,2026-01-07 13:00:16.461021
3794,941,327.33,2025-08-10 08:21:16.857118
3795,21,3283.42,2025-10-04 20:35:40.254648
3796,200,1234.99,2026-05-16 11:38:32.455671
3797,483,156.6,2025-06-04 17:55:08.913628
3798,551,2539.2,2025-12-05 02:09:45.916082
3799,12,690.2,2025-06-11 04:54:54.632529
3800,365,100.25,2026-01-04 00:12:08.115410
3801,577,4660.96,2025-10-12 09:44:46.589542
3802,652,1319.82,2026-03-03 20:41:52.888084
3803,576,659.68,2026-04-18 18:15:25.226629
3804,290,2520.29,2026-04-24 10:42:13.799273
3805,71,4341.4,2025-11-18 11:58:48.612675
3806,388,0.61,2026-01-03 04:40:03.987697
3807,135,2328.56,2025-11-26 14:53:24.541392
3808,963,2913.53,2026-02-27 02:44:40.134994
3809,415,471.26,2025-10-09 13:05:06.620673
3810,287,1345.21,2026-01-03 19:44:25.942521
3811,740,187.05,2026-02-26 01:04:32.793381
3812,425,2746.76,2026-03-02 18:28:28.260518
3813,271,3760.6,2025-10-04 12:28:30.455038
3814,779,229.0,2026-03-08 18:29:53.846190
3815,859,3390.65,2025-11-06 05:37:04.196402
3816,605,2953.05,2025-06-16 19:03:42.038397
3817,20,852.09,2026-01-20 15:30:51.419208
3818,483,2344.23,2026-04-29 01:53:00.156415
3819,740,0.1,2026-01-31 03:52:38.757297
3820,147,5370.55,2025-07-18 19:49:59.804588
3821,200,1598.72,2026-03-09 07:10:34.100334
3822,894,1936.95,2025-08-11 10:20:33.068675
3823,1,2185.22,2025-12-14 20:28:01.889359
3824,733,1648.19,2025-08-27 16:11:51.914302
3825,415,3886.52,2025-09-02 06:01:16.886571
3826,415,1881.69,2025-09-20 14:33:46.313406
3827,1,4766.72,2026-02-07 20:43:58.035156
3828,792,1746.14,2026-05-21 19:22:37.438426
3829,333,375.37,2025-06-01 14:57:01.854007
3830,483,4896.67,2025-06-01 09:01:42.060039
3831,613,2289.07,2025-07-25 16:42:03.633602
3832,661,2402.88,2025-10-01 07:46:09.354577
3833,963,8464.7,2026-03-05 18:57:43.074263
3834,474,156.35,2025-07-21 03:48:41.765926
3835,365,1119.31,2026-04-29 11:21:27.101444
3836,963,546.49,2025-08-23 16:11:22.195616
3837,577,1990.81,2026-04-02 13:25:08.236850
3838,248,3288.18,2025-08-04 13:08:16.827741
3839,131,,2026-03-20 14:13:53.692868
3840,821,1212.46,2026-02-23 16:23:10.641605
3841,333,3085.6,2026-05-28 05:29:51.955752
3842,587,4979.07,2026-03-16 20:36:09.680789
3843,415,2299.76,2026-05-01 13:15:18.013198
3844,200,556.08,2026-01-22 13:50:47.034174
3845,543,1872.24,2025-09-07 18:54:04.172311
3846,33,7009.92,2026-01-21 21:45:44.181594
3847,373,8772.68,2026-01-09 03:24:34.593700
3848,483,2056.46,2026-05-11 20:13:44.670024
3849,398,4360.52,2026-03-21 06:28:59.145303
3850,733,447.16,2025-10-20 04:04:27.836776
3851,794,564.93,2026-01-03 07:20:12.418304
3852,744,6110.44,2026-05-30 02:35:54.967388
3853,11,290.6,2025-06-07 01:07:47.438708
3854,200,424.18,2025-07-26 05:03:21.198370
3855,483,1091.35,2026-01-06 02:28:56.332474
3856,941,1781.17,2026-05-08 20:56:53.885709
3857,808,1851.76,2025-08-29 18:10:53.900647
3858,821,690.55,2025-10-24 23:46:16.954488
3859,261,5066.86,2025-09-01 05:05:57.818996
3860,394,4932.56,2026-05-20 17:53:38.497133
3861,415,995.38,2026-05-20 21:04:27.391446
3862,191,1139.35,2026-05-28 19:35:16.367178
3863,5,2424.66,2026-04-10 15:44:26.298282
3864,963,2175.32,2026-05-30 15:51:21.039915
3865,200,963.5,2025-09-01 13:00:44.238113
3866,200,1069.7,2025-11-15 17:31:36.251046
3867,59,855.54,2025-08-05 14:55:06.251832
3868,939,536.77,2026-01-12 14:15:58.818823
3869,513,1225.49,2025-11-21 19:08:26.538927
3870,595,2319.49,2025-07-05 20:52:28.524810
3871,928,2709.33,2025-06-18 23:19:38.424478
3872,312,3018.04,2026-05-10 19:04:35.852767
3873,563,939.15,2025-09-11 21:37:42.537683
3874,11,2893.24,2025-06-15 15:10:48.394895
3875,200,13.08,2025-11-07 04:36:48.925467
3876,800,1296.54,2025-11-01 05:29:17.521307
3877,742,3158.83,2025-07-04 20:29:55.254029
3878,324,1988.75,2025-09-04 12:02:47.823037
3879,359,1285.15,2026-04-18 13:41:09.543849
3880,478,2069.26,2025-07-19 14:13:13.467749
3881,1,4749.15,2026-01-05 08:44:02.460736
3882,200,1671.18,2025-12-02 17:09:08.693916
3883,200,3216.74,2025-06-06 09:15:12.645194
3884,202,7899.73,2025-10-21 00:25:13.460452
3885,772,2445.42,2025-06-14 07:19:15.770818
3886,229,1703.47,2025-06-30 17:05:06.462209
3887,200,76.41,2025-06-01 20:47:59.429580
3888,441,938.34,2025-06-07 23:02:52.684223
3889,855,1666.86,2026-02-17 01:38:35.635211
3890,200,3191.13,2026-02-24 20:58:10.964166
3891,56,1152.88,2025-07-18 10:16:31.409328
3892,332,6440.67,2025-08-05 19:02:46.587128
3893,733,634.34,2026-02-10 18:45:49.503334
3894,483,2729.59,2025-06-15 21:32:28.202162
3895,791,1086.12,2025-06-23 04:26:10.364622
3896,965,1331.02,2025-08-25 11:54:39.959709
3897,761,3244.05,2026-02-02 04:03:20.766934
3898,543,702.57,2026-05-18 13:36:18.351362
3899,416,203.65,2026-04-20 07:11:53.869112
3900,12,1469.0,2025-12-11 00:33:28.656261
3901,979,1504.92,2026-04-06 08:27:34.319796
3902,365,3190.75,2026-03-27 04:25:51.640423
3903,185,6904.09,2025-07-29 03:06:34.155305
3904,595,113.78,2026-05-05 07:59:23.758986
3905,234,1791.45,2026-01-06 23:25:39.147070
3906,521,2286.88,2026-05-20 23:16:23.817818
3907,521,8509.22,2026-04-14 07:37:40.634408
3908,415,5715.08,2026-04-09 05:31:53.698798
3909,809,2492.72,2025-10-24 23:34:27.499253
3910,229,1475.41,2025-08-25 23:27:50.428008
3911,415,352.34,2025-12-04 23:52:32.860141
3912,483,969.59,2025-07-20 04:56:57.258464
3913,591,1759.54,2025-10-24 08:52:22.552362
3914,755,2583.43,2026-05-26 22:03:24.386509
3915,365,2017.91,2025-12-21 19:13:52.087930
3916,577,2504.39,2025-07-13 08:22:23.808493
3917,182,1121.27,2025-10-29 14:57:09.926214
3918,939,2601.17,2025-09-12 08:54:40.663552
3919,365,310.37,2025-11-12 12:37:27.360371
3920,711,354.87,2025-10-14 00:18:34.482621
3921,1,355.46,2025-09-29 00:22:28.693941
3922,200,4430.34,2025-12-25 16:10:30.373604
3923,415,158.16,2025-06-08 06:12:26.997675
3924,886,3234.02,2025-12-19 10:34:50.318699
3925,470,532.03,2025-06-19 11:04:59.883328
3926,939,1263.84,2025-11-18 19:34:15.643826
3927,415,4952.84,2025-10-19 05:36:44.704956
3928,415,1763.48,2026-02-11 02:24:53.155117
3929,121,471.74,2026-03-20 05:38:40.226971
3930,768,668.4,2025-11-30 16:56:05.262119
3931,200,5062.65,2026-05-02 12:31:17.124950
3932,914,1114.24,2026-02-15 19:15:40.038147
3933,928,1768.55,2026-05-24 03:14:08.845133
3934,954,1232.12,2026-02-23 12:36:23.323750
3935,457,951.04,2025-10-05 22:19:29.165019
3936,612,505.35,2025-11-20 16:13:42.140220
3937,751,2317.94,2025-08-30 17:56:21.517107
3938,136,,2026-04-28 00:00:50.293076
3939,543,642.85,2026-04-10 20:57:56.508629
3940,5,3111.9,2025-07-17 03:57:44.453761
3941,423,3855.64,2025-06-17 02:41:31.138346
3942,191,5068.41,2025-10-02 15:14:21.218403
3943,200,351.6,2025-08-15 09:28:54.971732
3944,339,724.59,2026-02-20 05:07:58.015243
3945,396,3937.28,2026-02-13 23:14:38.832490
3946,564,442.64,2025-07-05 05:20:09.017335
3947,52,6.95,2025-10-12 09:29:40.878632
3948,441,4093.21,2025-06-20 01:12:35.790905
3949,200,790.38,2026-03-29 21:45:53.538109
3950,502,1070.57,2026-02-13 07:52:15.146192
3951,575,1182.39,2025-06-29 17:13:13.379868
3952,483,3771.37,2025-12-06 23:06:37.802480
3953,722,824.65,2026-03-01 08:31:02.460952
3954,296,4456.44,2025-07-14 12:46:57.053604
3955,740,1919.12,2025-09-01 00:50:10.500342
3956,396,1498.53,2025-08-14 17:15:21.815339
3957,415,787.91,2025-12-15 14:22:38.603527
3958,577,558.67,2026-04-24 09:52:19.304318
3959,1,1956.64,2025-10-22 01:24:23.587167
3960,577,1184.41,2026-01-21 15:45:00.855438
3961,557,4827.39,2026-04-26 15:40:50.377360
3962,271,1353.13,2025-09-03 14:12:25.573036
3963,60,1434.04,2025-07-25 20:20:55.516893
3964,68,1078.19,2026-05-16 09:33:27.601390
3965,936,3114.29,2025-06-08 00:45:08.456201
3966,630,1106.21,2025-10-04 09:56:40.223945
3967,131,627.62,2026-04-26 23:50:42.226622
3968,332,3961.45,2026-02-22 05:06:00.109390
3969,531,1816.79,2026-01-25 06:41:33.366060
3970,809,1790.58,2026-02-27 11:31:03.811372
3971,17,1887.44,2026-01-04 02:09:37.622589
3972,200,2537.66,2025-07-24 04:30:11.781633
3973,902,751.04,2025-08-06 19:19:38.239879
3974,1,68.86,2026-01-10 03:01:58.911510
3975,200,3327.72,2025-11-07 00:22:06.277963
3976,964,276.01,2025-09-03 15:15:57.344140
3977,545,2558.97,2025-08-06 20:51:46.815975
3978,222,171.8,2026-03-01 06:29:39.242708
3979,40,940.99,2025-08-13 11:50:44.582804
3980,5,130.2,2025-06-01 18:17:37.825493
3981,200,1477.18,2026-01-22 12:27:29.354803
3982,893,2117.64,2026-04-23 15:26:07.670760
3983,378,376.12,2026-01-12 18:02:25.657323
3984,705,929.24,2025-09-15 14:52:15.381338
3985,936,5325.37,2025-06-23 07:14:14.029699
3986,365,1168.19,2025-09-18 20:32:49.634007
3987,200,3244.47,2025-11-25 18:32:05.567815
3988,457,5239.66,2025-06-11 09:53:41.663677
3989,921,7326.1,2025-08-23 08:31:25.399673
3990,770,4571.89,2026-03-28 18:32:44.580135
3991,39,763.71,2025-06-25 09:23:23.886143
3992,637,6570.72,2025-11-28 08:37:05.240986
3993,495,3346.84,2026-02-24 23:13:34.152208
3994,920,3630.17,2025-09-28 07:12:10.428026
3995,128,30.58,2026-05-05 15:29:11.462530
3996,479,6168.64,2025-11-28 09:10:56.001489
3997,887,3010.97,2025-10-12 00:06:11.266732
3998,369,2921.76,2026-03-09 19:26:41.692020
3999,415,170.08,2026-01-04 16:39:07.972352
4000,47,529.41,2025-07-05 16:44:07.213619
4001,229,6554.16,2025-10-16 01:02:33.500620
4002,291,1389.0,2026-03-08 19:06:19.817138
4003,959,1014.52,2025-12-10 17:43:28.052941
4004,231,3664.42,2025-12-11 23:13:49.168701
4005,415,182.78,2026-02-04 01:07:43.455266
4006,604,1078.94,2025-12-02 11:54:00.800305
4007,200,942.25,2025-05-31 04:23:05.633427
4008,415,861.11,2025-10-12 13:05:46.994237
4009,723,735.45,2025-06-01 03:36:34.783484
4010,858,,2025-07-08 18:13:09.322822
4011,567,,2025-08-13 09:46:48.758654
4012,600,2045.56,2025-07-06 02:14:05.287173
4013,131,5036.39,2026-05-13 16:39:33.446445
4014,962,1422.02,2025-09-20 15:22:24.654569
4015,139,707.57,2025-08-20 12:07:35.340307
4016,746,346.71,2026-01-14 10:12:09.358488
4017,229,3545.6,2025-09-23 22:41:27.234302
4018,940,7115.15,2026-02-20 14:42:29.971367
4019,705,858.97,2026-04-06 02:06:21.281335
4020,733,687.66,2025-11-03 21:41:06.176853
4021,200,,2025-08-29 19:03:16.903886
4022,413,2986.24,2025-11-28 22:26:32.226009
4023,555,1215.42,2025-08-28 21:36:00.183330
4024,744,1988.9,2025-10-21 20:20:04.389537
4025,96,2521.43,2025-07-30 04:28:19.270059
4026,965,6467.59,2026-01-25 11:03:51.238846
4027,903,360.74,2026-03-12 06:25:45.117766
4028,229,,2025-10-16 22:56:21.918179
4029,793,995.68,2025-11-13 06:19:49.835077
4030,457,2568.92,2026-01-19 02:48:59.791446
4031,415,1699.2,2025-11-12 13:10:48.720547
4032,281,1333.67,2025-08-30 10:05:44.442664
4033,516,,2025-12-23 14:49:20.159020
4034,711,1007.55,2025-09-07 08:56:22.505716
4035,369,269.6,2025-07-09 03:51:25.974174
4036,570,1342.35,2025-06-24 18:37:22.959796
4037,656,1475.94,2025-08-05 09:08:48.738207
4038,687,451.05,2025-07-14 10:03:57.734176
4039,25,5485.88,2025-10-06 00:24:00.392227
4040,838,516.18,2025-11-12 00:52:31.864415
4041,415,1052.65,2026-04-24 23:50:25.391701
4042,225,336.67,2026-02-17 04:50:13.429332
4043,200,1534.87,2026-03-13 10:35:48.027054
4044,415,735.29,2026-02-14 01:12:08.688590
4045,901,1343.84,2026-01-03 18:48:38.137988
4046,363,508.8,2025-12-14 06:42:36.131353
4047,733,110.55,2026-03-06 00:11:53.288904
4048,81,3021.24,2025-11-10 05:58:16.902723
4049,415,2049.35,2026-03-24 14:08:29.283237
4050,986,833.27,2026-04-02 09:52:12.714849
4051,744,97.32,2026-02-18 07:34:28.431511
4052,200,4013.5,2026-04-20 22:53:24.850256
4053,434,372.17,2025-10-13 03:39:03.058767
4054,200,5339.84,2026-02-19 14:47:38.393106
4055,369,1302.46,2025-10-05 06:36:21.741273
4056,751,832.2,2025-08-28 02:39:08.856718
4057,744,2707.73,2025-07-29 04:45:42.845843
4058,200,4188.53,2025-09-09 14:37:06.457399
4059,936,926.34,2025-11-13 14:43:35.145732
4060,531,1046.28,2026-04-12 09:59:57.039265
4061,365,1135.35,2026-05-26 10:46:23.672513
4062,434,5110.39,2025-10-29 01:30:19.344697
4063,543,2358.98,2025-09-14 03:17:57.901345
4064,483,569.1,2026-05-27 06:02:26.226093
4065,415,409.13,2025-11-20 06:48:34.173042
4066,441,523.68,2025-11-15 00:29:16.189773
4067,200,611.87,2025-07-13 11:04:12.904380
4068,782,523.21,2026-03-07 14:11:07.472711
4069,483,2148.85,2026-02-20 04:16:47.641654
4070,136,246.45,2025-11-01 01:43:27.929968
4071,740,979.95,2026-05-07 13:00:48.534751
4072,939,1961.94,2025-08-03 15:46:41.393060
4073,963,687.4,2025-07-11 13:44:05.604306
4074,347,135.0,2026-04-29 18:56:37.583624
4075,143,170.73,2026-05-25 01:15:48.166933
4076,457,269.27,2026-01-10 20:07:26.223523
4077,105,3613.86,2026-01-09 18:14:33.558872
4078,941,2145.09,2026-01-14 09:18:29.365919
4079,200,133.4,2025-08-12 00:50:12.407800
4080,206,992.1,2026-04-20 11:50:32.680003
4081,365,653.08,2025-07-30 03:53:53.437114
4082,365,1725.69,2025-11-14 00:20:44.834972
4083,761,1479.66,2026-02-02 04:57:46.139229
4084,415,1312.18,2025-11-26 07:20:28.611996
4085,200,,2025-09-22 11:37:44.360162
4086,229,296.54,2025-06-22 04:03:45.611686
4087,445,2712.51,2026-05-28 08:54:01.574176
4088,174,4238.14,2026-02-10 09:34:42.763879
4089,543,5770.2,2025-08-12 14:39:03.680703
4090,483,120.81,2025-07-27 08:33:59.710626
4091,694,2693.45,2025-10-18 17:08:40.089741
4092,944,2592.93,2025-11-21 12:29:27.412355
4093,928,5879.07,2026-04-26 23:55:22.080938
4094,963,583.15,2026-03-06 09:49:00.147051
4095,200,2710.98,2026-05-05 00:34:04.194972
4096,137,112.35,2025-09-08 21:42:43.566880
4097,259,1995.25,2025-07-15 15:14:49.052682
4098,908,864.18,2025-11-11 05:16:09.904499
4099,973,2929.89,2025-08-20 15:38:31.574491
4100,837,3980.0,2026-02-17 13:20:22.878596
4101,102,907.7,2025-08-13 14:51:55.111230
4102,963,1491.35,2026-03-02 09:05:07.448514
4103,382,,2025-10-04 13:16:30.041141
4104,1,1078.82,2026-05-17 20:39:46.007040
4105,412,895.08,2025-06-08 08:41:58.799300
4106,18,404.53,2025-05-31 10:20:13.064984
4107,483,4497.68,2025-05-30 16:25:24.971769
4108,298,320.54,2025-09-23 11:25:17.040823
4109,415,2019.77,2026-04-07 11:13:56.085081
4110,545,4417.15,2025-12-05 03:58:42.867539
4111,865,4860.12,2025-08-18 00:11:09.250121
4112,588,3152.39,2025-09-02 14:08:11.072130
4113,396,387.51,2026-04-19 02:22:37.800918
4114,792,3401.26,2025-09-07 09:41:28.872222
4115,916,647.49,2025-08-25 12:09:24.282567
4116,121,5112.32,2026-04-30 03:11:42.850837
4117,474,2469.46,2026-03-16 06:35:17.170007
4118,235,3076.72,2025-12-14 19:46:55.617643
4119,20,177.73,2026-05-26 09:36:54.857307
4120,599,1748.21,2026-02-19 06:57:11.846740
4121,847,3442.33,2025-06-16 17:36:33.307782
4122,200,3955.08,2026-04-08 17:08:50.226756
4123,781,58.1,2025-09-08 08:20:58.210031
4124,829,,2026-02-06 16:16:02.962100
4125,932,88.61,2025-09-13 16:48:04.061233
4126,229,1906.53,2026-05-20 23:46:04.985860
4127,914,2364.34,2025-11-20 21:28:47.376992
4128,290,227.11,2026-02-19 05:49:00.619516
4129,483,98.41,2025-11-12 02:09:08.269903
4130,24,3073.42,2025-09-04 10:13:58.907587
4131,17,971.2,2025-12-21 13:25:13.501117
4132,705,226.59,2026-03-11 07:48:47.375871
4133,415,2876.59,2025-09-09 06:38:28.510069
4134,207,3783.11,2025-12-20 03:12:21.246106
4135,200,1770.49,2026-02-05 20:21:44.146086
4136,600,351.65,2025-06-24 22:39:05.235497
4137,1,30.68,2025-11-06 08:41:08.663088
4138,772,2413.3,2025-11-20 07:35:33.739322
4139,56,1597.64,2026-03-26 20:53:25.448876
4140,200,2104.2,2026-03-08 19:42:27.168962
4141,365,3355.27,2026-04-12 13:02:47.379838
4142,415,1139.13,2026-05-19 00:59:06.511939
4143,331,265.96,2025-10-17 13:19:21.246127
4144,290,5626.26,2026-04-30 21:30:32.289335
4145,965,1576.07,2025-06-21 04:40:59.234653
4146,577,1910.55,2025-11-10 03:01:54.014701
4147,1,5418.44,2025-11-10 23:51:50.658672
4148,395,5364.29,2025-06-09 11:03:22.793207
4149,882,1697.71,2025-10-26 18:46:42.379810
4150,256,706.54,2026-02-14 17:19:13.778723
4151,74,11695.51,2025-08-23 10:07:36.565766
4152,733,2283.98,2025-12-08 10:54:56.997340
4153,543,1049.97,2025-07-01 08:09:02.148880
4154,490,1641.22,2025-07-11 18:19:40.846889
4155,26,1075.14,2026-04-07 11:18:57.499551
4156,159,4383.97,2025-09-13 14:16:08.676573
4157,563,1317.49,2025-09-05 16:45:56.350392
4158,200,3469.19,2026-01-29 07:55:02.140035
4159,441,3667.37,2025-10-31 14:58:57.211847
4160,483,3478.32,2026-04-20 23:27:22.554645
4161,232,2561.63,2025-10-06 04:50:16.501061
4162,963,3860.36,2026-02-03 23:44:52.593545
4163,821,979.53,2025-11-21 20:59:24.279453
4164,705,243.57,2025-09-16 13:06:12.856230
4165,56,3696.08,2025-12-16 13:38:42.065107
4166,98,1378.98,2026-03-03 15:34:23.295761
4167,415,272.5,2025-09-02 04:49:44.458261
4168,199,245.04,2025-10-28 04:01:39.999148
4169,977,346.9,2026-01-20 22:14:25.257751
4170,193,2780.39,2026-05-03 19:40:31.551055
4171,415,2481.67,2025-06-30 09:44:54.510179
4172,337,455.86,2026-03-27 15:46:19.973601
4173,576,3753.63,2025-08-10 10:47:59.526313
4174,135,660.61,2026-02-22 20:10:51.983976
4175,395,3149.93,2025-12-18 06:40:37.816360
4176,229,1342.01,2026-03-31 06:43:37.497437
4177,901,2630.17,2026-05-12 14:15:34.484765
4178,12,960.55,2026-04-14 16:59:53.088053
4179,930,852.79,2026-04-26 21:04:51.212201
4180,806,3682.23,2026-04-20 04:48:18.726233
4181,247,71.88,2026-01-27 10:02:29.169371
4182,760,7356.82,2025-12-31 04:52:30.374996
4183,5,2089.27,2025-08-07 19:50:38.545101
4184,965,1132.97,2025-08-13 08:32:56.334549
4185,468,1978.02,2025-11-23 17:15:10.945515
4186,262,261.91,2025-10-24 08:24:24.483835
4187,333,1443.31,2026-04-17 14:17:51.843256
4188,39,8412.19,2025-08-13 10:25:49.972875
4189,986,536.46,2025-09-14 22:41:16.325133
4190,12,2562.27,2026-02-21 20:43:32.741148
4191,577,1141.76,2026-04-11 16:31:24.764029
4192,412,2113.74,2025-07-07 08:13:31.110233
4193,963,458.54,2026-01-06 10:36:50.298823
4194,200,1271.51,2026-02-06 02:00:27.508748
4195,474,7833.34,2026-01-15 12:01:43.569415
4196,415,434.54,2025-09-14 10:39:24.041356
4197,662,2023.65,2025-10-13 01:46:03.324138
4198,41,1714.15,2026-04-23 07:23:07.340928
4199,200,1665.06,2026-01-21 22:31:33.048126
4200,200,1909.66,2025-07-10 05:16:54.542757
4201,722,1395.27,2026-01-13 23:14:37.637387
4202,200,34.15,2026-05-20 23:52:49.962101
4203,501,4607.11,2025-12-10 10:38:12.260126
4204,200,3508.68,2026-04-24 16:04:25.326572
4205,845,382.73,2026-03-31 01:17:37.616184
4206,953,1066.39,2026-03-29 18:58:35.598339
4207,457,2944.13,2025-11-30 03:55:47.848139
4208,326,7830.29,2026-03-01 15:43:14.687787
4209,200,6037.47,2026-01-03 18:19:08.142487
4210,24,4592.4,2025-09-25 15:54:41.337535
4211,229,344.84,2025-09-15 08:07:59.967998
4212,577,4917.9,2025-11-01 12:54:19.813038
4213,478,4214.78,2025-10-06 22:34:52.587627
4214,957,946.26,2025-07-18 22:18:19.287756
4215,365,1003.48,2025-12-20 22:04:24.754161
4216,640,1232.03,2026-01-15 10:13:13.798861
4217,415,2135.25,2026-04-18 01:05:41.829601
4218,452,604.47,2025-11-03 16:01:25.112195
4219,229,46.43,2026-01-25 01:07:15.273481
4220,415,304.51,2025-12-08 16:45:31.796479
4221,415,1160.05,2025-10-16 23:12:03.587357
4222,673,662.58,2026-03-23 09:53:18.288199
4223,947,2892.23,2025-10-21 20:09:56.050886
4224,295,225.64,2026-03-08 13:25:48.106963
4225,13,4989.07,2025-07-01 12:54:34.718286
4226,423,4513.83,2025-11-07 09:50:13.782459
4227,483,4788.45,2026-01-16 16:30:54.031695
4228,200,2691.15,2025-06-14 08:17:59.538457
4229,739,,2025-06-22 18:22:26.261010
4230,981,1153.0,2025-06-06 03:43:13.962140
4231,962,281.76,2026-01-26 15:37:38.051042
4232,200,8796.18,2025-09-28 02:44:56.223518
4233,883,810.05,2026-05-27 14:36:55.541353
4234,667,1760.55,2025-07-26 12:34:21.570862
4235,415,3022.75,2025-08-16 11:53:14.005268
4236,483,5066.92,2025-10-20 00:30:47.348315
4237,829,2817.47,2026-04-11 13:32:17.796646
4238,415,2244.81,2026-03-14 06:27:06.560238
4239,351,1254.65,2026-01-24 18:47:48.266375
4240,415,1859.77,2026-04-30 21:43:34.610981
4241,512,197.79,2025-06-15 08:14:46.465828
4242,200,4307.0,2026-02-18 17:52:11.319243
4243,914,1569.55,2026-01-04 06:26:17.968854
4244,605,81.93,2025-09-05 22:02:34.999878
4245,570,5049.01,2025-10-09 10:16:19.890676
4246,83,,2025-08-24 15:20:08.305269
4247,543,4058.85,2025-07-14 00:55:00.775321
4248,123,3888.25,2025-06-10 02:49:32.120767
4249,56,3382.94,2026-01-09 01:33:02.466803
4250,470,126.74,2025-06-10 02:13:07.498445
4251,365,567.56,2026-03-31 11:23:46.545413
4252,523,4167.67,2025-06-24 12:42:40.433033
4253,68,4585.09,2025-06-23 04:11:46.940766
4254,395,1225.23,2026-02-24 22:17:32.208561
4255,200,1159.79,2026-01-18 05:26:08.613362
4256,982,385.08,2025-06-24 06:07:58.382548
4257,483,6909.88,2026-01-11 12:44:10.721144
4258,624,479.41,2025-07-21 18:16:31.581603
4259,293,423.76,2025-10-19 13:08:45.964931
4260,74,2161.91,2026-02-12 00:25:36.303130
4261,975,556.37,2026-01-02 11:26:57.039119
4262,239,5586.29,2025-08-15 17:38:49.403986
4263,383,21.93,2025-07-05 22:44:23.728573
4264,577,11.54,2025-07-07 21:34:51.323530
4265,1,1405.9,2025-07-24 23:39:41.287945
4266,777,1339.11,2025-12-31 04:08:50.735537
4267,483,356.73,2025-12-16 13:47:05.676288
4268,229,1364.49,2025-09-29 16:29:27.018122
4269,34,1060.9,2026-03-23 01:58:34.232592
4270,200,4420.55,2025-10-08 12:44:16.471950
4271,908,18.59,2026-05-25 01:00:19.259860
4272,620,7482.01,2025-09-15 20:12:40.795898
4273,200,1958.42,2025-08-22 12:49:03.042649
4274,39,329.38,2026-01-24 11:19:29.376993
4275,633,95.78,2025-11-16 10:48:23.811985
4276,497,1544.84,2026-01-13 23:29:59.562891
4277,365,,2025-10-23 13:05:30.439997
4278,335,716.68,2025-09-23 12:37:46.092587
4279,200,562.43,2025-06-16 05:25:36.326271
4280,600,2100.63,2025-07-29 20:19:16.789721
4281,973,1612.76,2026-03-19 17:06:09.725742
4282,200,162.36,2025-10-20 23:49:14.968680
4283,540,1495.32,2026-02-12 17:53:39.718282
4284,385,3132.66,2026-03-03 12:37:20.673358
4285,415,169.36,2026-05-05 22:44:05.901753
4286,206,4409.81,2025-11-24 20:44:41.979655
4287,793,1726.95,2025-06-14 00:11:38.984678
4288,415,6016.6,2026-01-30 04:20:17.819031
4289,483,320.67,2025-08-27 23:58:07.939968
4290,265,10092.01,2025-09-30 15:25:51.350338
4291,200,2067.18,2026-01-07 02:53:16.415759
4292,60,1676.32,2025-12-14 07:49:39.947101
4293,692,1448.37,2026-03-27 14:00:25.989599
4294,200,47.88,2025-10-06 21:19:52.306336
4295,633,5614.83,2026-04-22 01:22:51.612381
4296,365,2065.62,2025-08-19 14:03:39.506478
4297,377,192.2,2025-12-23 10:03:58.786505
4298,415,42.35,2025-09-20 19:41:21.226756
4299,346,104.24,2025-07-12 16:22:31.881715
4300,87,1880.12,2025-06-12 05:41:26.349056
4301,271,1903.92,2026-04-24 08:34:12.057255
4302,591,1384.96,2026-02-02 20:23:59.195459
4303,594,732.77,2025-12-09 19:55:43.530311
4304,239,1517.47,2026-05-15 13:23:45.979752
4305,415,1452.59,2025-07-11 22:37:06.545792
4306,200,39.21,2026-01-27 03:15:30.700384
4307,200,663.88,2025-07-18 10:06:05.195894
4308,1,109.3,2025-08-12 05:10:56.389004
4309,913,4608.27,2026-04-08 02:01:24.320992
4310,200,2583.59,2025-12-30 14:38:44.659720
4311,200,11101.35,2026-05-28 12:52:33.379157
4312,229,719.56,2025-10-26 17:50:40.751833
4313,131,4215.45,2026-03-11 03:53:06.832266
4314,576,1847.91,2025-07-20 21:16:15.842345
4315,54,1207.07,2026-03-25 04:23:31.239333
4316,142,503.53,2025-11-13 08:41:34.037621
4317,577,2681.82,2026-05-26 04:25:31.211025
4318,299,4689.75,2025-07-22 06:31:58.513016
4319,678,536.57,2026-01-04 02:39:18.793843
4320,483,385.69,2025-10-14 14:48:34.047904
4321,206,2382.92,2025-06-22 17:36:54.667194
4322,577,7542.19,2026-02-05 23:42:06.705944
4323,112,2772.23,2025-10-06 14:43:19.494832
4324,483,669.77,2025-11-30 18:21:51.322238
4325,400,1089.3,2025-08-09 12:19:59.661985
4326,229,970.05,2025-09-20 07:03:17.602358
4327,543,3822.37,2025-12-19 09:26:09.283059
4328,871,2951.31,2025-07-27 18:37:51.490720
4329,997,1778.2,2025-08-18 05:02:25.409706
4330,543,643.05,2026-01-11 21:56:43.738096
4331,365,5560.87,2025-08-29 17:49:23.628422
4332,200,2118.68,2025-07-27 01:04:33.588539
4333,209,7045.15,2026-04-06 17:59:43.275948
4334,415,1735.56,2025-06-27 00:29:31.344479
4335,344,3442.89,2025-11-19 06:35:44.372564
4336,930,3354.42,2026-02-03 19:12:38.863460
4337,347,822.95,2025-12-30 16:26:00.292830
4338,351,6649.62,2026-03-07 20:51:36.819720
4339,365,44.37,2025-07-01 13:36:57.566549
4340,809,2928.17,2026-05-15 19:34:50.391012
4341,577,6736.9,2026-04-25 06:21:16.789083
4342,547,827.73,2025-10-09 03:35:20.479144
4343,296,2088.88,2025-06-22 12:51:44.168811
4344,792,1652.09,2026-05-02 23:37:31.372727
4345,10,2866.83,2025-06-23 06:29:48.959183
4346,869,4022.49,2025-10-23 08:35:52.092390
4347,453,1847.86,2025-11-14 03:14:05.492610
4348,365,3384.6,2025-12-12 02:18:52.898876
4349,423,748.76,2026-05-11 00:57:51.350079
4350,596,519.06,2025-06-16 09:45:58.219968
4351,1,1126.58,2025-12-10 08:42:37.902157
4352,871,2264.77,2025-10-26 17:43:20.077869
4353,415,414.66,2025-06-06 21:52:57.731082
4354,307,2281.07,2026-03-29 16:39:45.798694
4355,152,1002.06,2026-04-08 07:41:45.848235
4356,403,,2026-01-13 05:25:55.216202
4357,423,75.06,2026-02-13 00:21:24.336941
4358,365,2205.14,2026-05-28 20:59:42.319353
4359,613,2098.63,2025-06-11 00:19:20.213161
4360,379,5658.25,2025-09-17 10:56:42.864296
4361,965,2499.11,2026-05-16 00:42:25.537040
4362,543,3182.23,2026-04-19 16:22:14.812383
4363,773,4699.17,2026-01-25 16:30:15.956306
4364,101,2248.18,2025-06-16 09:32:51.873121
4365,365,685.41,2026-05-19 11:50:23.039325
4366,297,4076.96,2025-11-30 01:17:07.433536
4367,488,2753.31,2025-12-14 13:58:21.730628
4368,844,1104.82,2026-05-30 07:40:02.402631
4369,56,2479.4,2025-08-02 10:54:14.448293
4370,47,4045.2,2026-01-06 23:42:11.046076
4371,829,7430.62,2026-01-04 14:11:31.762335
4372,200,6087.81,2025-12-08 05:40:08.973884
4373,599,787.06,2026-02-06 01:33:53.170879
4374,483,1095.3,2026-03-30 02:24:39.629523
4375,806,232.03,2025-10-01 14:37:42.598496
4376,131,568.83,2026-04-23 01:12:24.293466
4377,135,4281.29,2025-08-06 01:20:46.833897
4378,483,895.23,2026-03-04 03:45:37.721816
4379,963,1938.08,2025-10-17 21:51:25.021604
4380,376,2193.02,2025-09-04 23:01:43.432714
4381,293,3044.95,2026-02-15 20:56:35.927852
4382,543,403.74,2025-07-04 17:08:07.049639
4383,939,727.15,2026-03-27 08:09:44.336349
4384,809,1189.63,2026-01-01 09:27:50.382356
4385,987,907.76,2025-07-05 18:13:31.427969
4386,1,8137.97,2025-06-03 03:00:00.265284
4387,105,3602.9,2026-01-02 19:39:32.638346
4388,543,1306.65,2026-01-10 09:45:50.838041
4389,792,4228.37,2025-08-12 03:12:49.171669
4390,238,854.36,2026-02-10 01:07:47.960315
4391,200,3081.95,2026-02-08 03:27:47.305975
4392,760,506.37,2025-11-10 20:03:49.041828
4393,32,2959.65,2025-10-30 15:53:57.379532
4394,347,1219.28,2026-05-23 04:16:50.988570
4395,442,227.46,2026-05-25 16:00:48.640094
4396,483,,2026-03-18 22:20:13.442638
4397,711,1029.25,2025-12-19 23:12:04.158390
4398,331,2766.94,2025-06-06 17:56:02.339542
4399,544,151.57,2025-08-02 18:27:04.753043
4400,521,2154.96,2025-07-22 10:10:05.399006
4401,483,2517.66,2026-01-18 21:10:36.186454
4402,577,2122.18,2025-10-09 12:30:32.157605
4403,217,2859.82,2025-11-07 21:46:12.771018
4404,60,392.44,2025-11-10 02:11:17.721621
4405,119,1769.12,2026-02-11 06:37:41.168049
4406,200,5665.36,2026-01-31 05:15:43.338052
4407,433,1887.24,2025-11-12 09:26:09.367528
4408,818,1890.08,2026-02-07 02:58:45.116631
4409,661,2666.95,2026-05-12 09:27:30.758940
4410,760,810.54,2026-05-16 17:32:41.986136
4411,324,2411.12,2025-11-08 21:17:13.357747
4412,365,4959.45,2025-07-30 11:09:03.570885
4413,365,21.91,2026-04-26 07:34:36.155834
4414,200,4082.18,2025-07-25 07:03:13.008820
4415,34,493.38,2026-05-21 16:52:08.071004
4416,525,1217.33,2026-03-29 11:56:47.217399
4417,986,3825.79,2025-10-27 14:51:01.214967
4418,200,3473.54,2026-04-30 02:05:19.330810
4419,20,4449.91,2025-08-24 04:56:24.695476
4420,751,5640.76,2025-07-31 05:38:48.601320
4421,206,1185.36,2026-01-27 17:05:47.172637
4422,797,2136.34,2026-04-01 07:45:14.707795
4423,665,990.16,2025-10-10 15:39:26.322971
4424,961,863.77,2025-06-12 16:23:26.024925
4425,367,,2026-02-25 03:02:12.968102
4426,588,2717.95,2025-12-31 17:58:03.311369
4427,415,1392.07,2026-01-28 00:01:19.394461
4428,570,3364.66,2026-02-22 21:18:45.623445
4429,415,2734.7,2025-12-08 13:59:57.746768
4430,200,41.38,2026-04-21 16:00:44.691064
4431,443,1989.79,2025-06-16 05:27:31.859009
4432,474,,2025-10-22 18:33:19.582765
4433,777,1219.93,2025-10-13 17:29:31.506740
4434,716,3411.6,2025-06-28 03:47:53.826601
4435,591,1586.41,2026-03-01 15:46:58.625772
4436,105,4336.49,2025-12-18 18:55:42.766863
4437,705,2495.19,2026-02-19 04:21:54.504372
4438,433,1609.68,2026-01-07 08:19:11.040549
4439,906,2809.23,2026-04-12 20:12:00.990578
4440,936,78.21,2025-12-28 14:59:35.273359
4441,29,54.91,2026-05-07 16:55:37.696142
4442,792,174.06,2026-02-15 22:56:02.615880
4443,9,1150.96,2025-08-08 12:16:40.618631
4444,344,536.94,2026-04-28 02:37:42.101263
4445,483,8303.26,2025-10-16 19:04:29.140935
4446,176,1563.04,2026-03-14 06:14:55.307211
4447,733,2171.88,2025-08-30 11:55:44.039278
4448,1,653.73,2026-05-21 17:01:53.028336
4449,200,776.62,2026-05-08 12:06:15.818244
4450,516,817.33,2025-06-18 04:39:04.825428
4451,693,2399.53,2026-04-15 11:09:12.504071
4452,936,1283.79,2025-07-09 20:34:57.029670
4453,670,1458.31,2026-04-08 08:59:25.347933
4454,604,1792.99,2026-03-29 02:39:46.175743
4455,365,2929.05,2025-10-23 07:38:46.157265
4456,1,189.43,2025-10-27 07:54:36.330680
4457,122,3000.04,2025-08-28 09:26:40.465022
4458,480,1656.72,2025-08-09 03:56:00.504577
4459,607,2211.85,2025-07-25 01:27:49.944676
4460,379,793.66,2026-04-23 23:41:33.496693
4461,711,1053.19,2025-06-25 04:31:55.139342
4462,457,525.76,2025-07-02 13:47:21.638440
4463,51,7755.24,2025-12-19 06:26:35.805373
4464,200,1374.34,2025-11-07 04:28:30.201452
4465,817,11081.75,2025-08-25 14:50:19.347615
4466,706,1345.85,2025-06-21 16:49:42.990420
4467,908,496.29,2026-05-04 08:38:48.513925
4468,117,1416.33,2026-05-21 23:51:08.349570
4469,986,80.8,2026-01-01 13:06:47.808033
4470,200,4702.92,2026-05-13 18:59:26.527198
4471,1,3413.55,2025-06-07 11:51:26.847953
4472,992,2587.94,2026-01-27 22:40:15.864609
4473,229,1882.33,2025-06-27 11:59:36.773923
4474,598,1734.21,2026-01-30 11:42:48.439160
4475,200,11444.84,2025-09-26 05:57:33.822580
4476,513,651.45,2026-03-11 22:50:29.229382
4477,914,3025.39,2026-04-28 09:32:08.360829
4478,288,1741.7,2025-10-11 04:52:48.003541
4479,600,7449.47,2026-03-09 20:39:14.378803
4480,200,3518.23,2026-01-25 00:52:01.861424
4481,567,13038.35,2026-03-18 07:43:44.745801
4482,296,1775.04,2026-05-02 15:52:06.062427
4483,200,457.68,2026-05-29 19:22:33.575588
4484,280,1401.1,2026-03-11 10:17:02.708335
4485,200,2483.43,2025-07-01 00:02:32.456508
4486,914,2977.63,2025-08-12 22:17:39.672845
4487,365,1.02,2026-05-26 16:20:10.285015
4488,200,1406.5,2026-04-08 09:26:07.787069
4489,415,536.37,2025-06-21 15:43:57.029097
4490,290,4157.47,2025-08-29 06:26:43.766520
4491,731,331.89,2025-07-10 04:43:09.589632
4492,973,2195.96,2025-06-03 00:19:25.139873
4493,401,618.66,2025-08-11 22:10:22.567619
4494,843,881.8,2026-03-22 12:30:29.892981
4495,483,5645.55,2026-04-22 20:20:46.016910
4496,191,550.05,2026-01-12 12:26:47.071322
4497,633,199.65,2026-05-15 22:49:59.997294
4498,455,143.6,2025-07-27 08:27:13.251703
4499,577,1404.84,2025-06-04 05:43:17.279867
4500,902,2052.83,2025-12-10 03:32:18.470021
4501,405,,2026-02-11 08:13:02.511568
4502,914,2344.04,2025-11-26 20:06:41.052773
4503,733,125.95,2025-08-25 08:14:58.402997
4504,415,3894.51,2025-11-16 01:46:02.079238
4505,543,3391.81,2025-09-11 20:13:23.966262
4506,293,8466.7,2025-12-20 14:01:54.489042
4507,977,5513.59,2026-02-23 19:19:35.318683
4508,596,880.73,2026-04-10 02:48:18.454612
4509,17,1019.24,2026-03-05 11:42:38.077215
4510,293,2740.57,2025-10-06 20:40:09.074578
4511,565,287.93,2025-07-15 06:41:07.609809
4512,32,753.8,2025-09-29 16:15:31.680254
4513,1,252.35,2026-01-04 13:32:33.519868
4514,415,1213.52,2025-07-31 02:03:45.804066
4515,296,1605.94,2025-09-04 04:16:29.830578
4516,401,474.38,2026-03-27 16:46:17.488331
4517,226,53.99,2025-12-26 11:47:50.769795
4518,200,2541.34,2026-01-08 17:48:27.641997
4519,630,40.42,2025-10-29 08:47:54.783103
4520,457,7253.88,2026-01-06 20:58:10.187514
4521,200,501.05,2025-12-04 14:46:42.847286
4522,288,2180.69,2025-10-29 02:22:59.889928
4523,528,1140.98,2025-09-14 11:19:03.259417
4524,47,123.06,2025-12-21 08:43:48.150540
4525,174,1278.01,2025-11-08 02:45:57.938657
4526,47,1454.49,2025-08-19 21:52:35.778445
4527,781,3857.68,2025-11-28 23:25:48.366874
4528,733,2636.14,2025-11-24 17:25:27.372568
4529,733,165.25,2025-11-17 15:16:37.932573
4530,700,469.33,2026-05-05 09:00:22.539487
4531,600,747.61,2026-04-12 12:21:25.650381
4532,415,247.52,2025-07-02 00:05:43.611305
4533,577,1220.92,2025-11-01 18:01:20.803484
4534,10,8309.36,2025-10-02 04:54:39.364441
4535,563,1445.62,2026-01-31 16:53:34.668578
4536,751,2708.68,2025-07-18 23:07:49.453219
4537,433,2297.31,2025-11-18 13:30:13.579068
4538,332,3793.06,2026-02-26 08:50:09.402447
4539,229,485.99,2025-09-14 16:38:02.135406
4540,577,2803.44,2025-10-20 10:35:24.643965
4541,638,4263.24,2026-01-11 14:07:33.147390
4542,870,376.3,2025-10-22 13:07:21.197028
4543,305,851.75,2025-09-10 15:06:36.601071
4544,744,7019.91,2025-12-29 07:16:46.230819
4545,483,3035.43,2026-05-09 18:04:58.155230
4546,895,664.22,2025-12-12 22:18:10.822196
4547,472,1659.96,2025-11-04 14:52:36.375824
4548,457,1036.12,2026-04-29 15:36:49.522306
4549,508,1346.55,2026-04-13 04:20:37.628980
4550,733,877.53,2025-12-25 07:53:18.326644
4551,965,655.15,2026-05-08 21:40:34.110559
4552,49,2246.4,2025-11-22 14:25:40.308270
4553,26,3015.04,2025-08-31 01:44:23.356157
4554,944,4142.27,2026-02-13 14:15:57.024546
4555,474,337.62,2025-07-04 20:40:03.238099
4556,549,3461.58,2025-07-27 15:09:55.089484
4557,415,588.21,2025-12-21 01:55:30.579841
4558,72,1114.91,2025-10-15 04:45:36.720193
4559,743,4634.25,2026-03-15 14:26:48.063982
4560,733,1212.12,2025-06-07 02:54:46.717929
4561,274,438.96,2025-11-25 01:02:12.257274
4562,267,348.39,2025-11-11 01:53:38.676178
4563,810,1281.05,2025-06-26 15:44:34.761795
4564,47,2876.63,2026-03-25 02:25:06.860379
4565,892,11759.95,2026-02-01 20:31:49.683256
4566,207,3096.77,2025-06-18 20:50:29.856180
4567,533,4191.34,2025-12-22 18:37:01.673309
4568,942,2755.32,2026-03-09 05:29:36.443029
4569,613,4515.89,2025-06-07 16:10:58.499213
4570,375,158.72,2025-11-11 23:23:03.745553
4571,631,5316.57,2026-03-31 15:57:18.260763
4572,308,1009.71,2025-10-27 04:37:13.400398
4573,229,5092.23,2025-08-17 22:37:48.519725
4574,990,157.51,2025-06-09 07:02:23.571884
4575,733,2512.24,2025-06-17 07:10:12.627046
4576,577,2661.26,2026-03-27 15:58:00.853132
4577,331,11559.74,2026-02-07 09:53:39.083428
4578,23,2929.42,2025-11-05 16:02:07.231908
4579,5,964.39,2025-09-04 09:48:24.151338
4580,483,1629.49,2026-05-03 19:07:54.339016
4581,740,913.15,2025-06-03 09:09:04.843570
4582,483,436.36,2025-08-01 14:00:51.627407
4583,819,571.37,2025-07-18 22:57:58.984046
4584,5,502.08,2025-11-13 19:01:47.823586
4585,342,1591.76,2025-12-19 22:40:03.533954
4586,200,4732.34,2026-04-08 07:45:29.744608
4587,415,4877.42,2025-11-17 15:31:33.178275
4588,47,112.64,2026-04-06 04:49:07.110982
4589,963,166.54,2025-09-27 15:39:41.866576
4590,200,562.39,2025-09-01 09:51:31.933329
4591,936,588.9,2025-06-27 00:54:38.742720
4592,386,199.4,2025-07-23 16:32:15.969760
4593,981,983.56,2025-07-11 17:58:42.948882
4594,483,1772.13,2026-05-08 15:00:41.169242
4595,939,1726.27,2025-07-02 10:44:24.127213
4596,1,1568.03,2026-02-23 23:21:36.204349
4597,733,827.01,2025-10-21 16:58:34.662475
4598,914,2451.45,2025-12-29 13:37:59.875944
4599,156,3502.97,2025-11-10 22:08:32.120814
4600,78,850.13,2025-06-02 21:35:41.018550
4601,386,,2026-02-03 20:20:08.015754
4602,940,702.89,2026-03-17 22:19:13.283416
4603,483,,2026-02-23 20:25:44.824604
4604,470,1259.81,2025-12-15 17:41:50.649378
4605,160,339.05,2026-05-09 05:46:26.422099
4606,1,1242.94,2026-01-04 13:33:02.544752
4607,776,499.5,2025-11-29 18:50:20.950518
4608,66,2684.41,2026-04-15 12:15:14.687613
4609,570,55.91,2025-09-12 11:42:48.340450
4610,933,1618.22,2025-07-03 10:46:30.692805
4611,200,371.43,2026-03-13 12:02:01.888534
4612,593,1.98,2025-12-17 00:55:10.113574
4613,56,4068.17,2025-06-05 04:52:07.219373
4614,543,2226.61,2026-01-06 08:54:49.562780
4615,200,208.37,2026-05-01 05:16:30.797834
4616,716,2181.72,2025-10-11 23:51:15.007404
4617,255,1891.68,2025-10-21 18:08:49.886359
4618,415,1282.46,2025-12-10 22:04:27.350705
4619,543,1086.9,2025-07-24 05:46:32.959908
4620,200,4361.97,2026-01-20 17:17:34.671357
4621,729,562.47,2026-03-25 22:20:43.109956
4622,260,1016.03,2026-05-12 12:58:11.946954
4623,589,798.32,2025-07-26 05:13:54.359128
4624,193,2949.82,2026-01-05 17:05:58.172898
4625,626,,2026-01-30 08:17:51.499785
4626,133,3791.33,2026-04-24 18:35:42.911326
4627,386,3196.05,2026-05-02 18:14:01.382875
4628,200,8653.55,2025-10-18 10:36:14.316451
4629,733,2389.0,2025-09-11 12:20:07.444222
4630,223,2781.04,2026-05-29 14:40:16.734290
4631,893,8125.99,2025-10-08 20:17:52.376263
4632,904,14.03,2025-11-10 21:13:52.587966
4633,200,2010.51,2026-05-07 19:04:40.126930
4634,546,2686.25,2025-09-27 14:35:02.964144
4635,66,4997.86,2025-10-16 20:17:40.797630
4636,365,4305.65,2025-06-15 10:05:31.855188
4637,691,3689.82,2026-01-24 17:10:15.268795
4638,587,5829.83,2025-11-17 09:48:47.197268
4639,567,1541.7,2026-02-19 14:57:28.078049
4640,230,13.89,2025-12-29 07:15:43.555624
4641,361,22.23,2025-09-06 13:58:15.662850
4642,93,1573.33,2025-09-01 14:08:57.081275
4643,705,1142.82,2026-01-23 09:00:29.816831
4644,441,1200.21,2026-03-05 14:45:35.262545
4645,681,1023.0,2025-12-30 17:00:42.029192
4646,200,4995.4,2025-10-14 22:38:24.246942
4647,291,889.98,2025-12-09 11:18:46.060685
4648,296,3879.04,2025-10-06 00:26:20.947482
4649,2,4663.3,2026-01-10 15:27:36.285309
4650,302,1384.3,2026-01-16 19:30:15.372522
4651,768,1184.57,2025-12-31 09:57:52.672915
4652,914,2862.76,2025-10-10 03:52:13.240392
4653,457,2461.81,2025-06-09 06:38:22.762697
4654,415,796.59,2026-01-19 09:59:33.003424
4655,5,216.39,2026-05-07 14:42:12.805892
4656,887,615.37,2026-04-09 19:48:24.297338
4657,1,280.89,2025-11-03 09:08:46.185368
4658,959,698.36,2026-01-06 13:44:33.766973
4659,415,607.14,2025-08-09 01:27:23.018022
4660,305,2030.63,2026-01-14 20:52:44.118968
4661,937,6179.91,2025-08-11 17:42:13.285691
4662,1,2315.09,2026-05-18 11:28:24.173985
4663,517,5225.01,2025-06-25 09:17:15.351957
4664,483,3066.18,2025-08-11 23:07:00.165615
4665,200,2603.01,2026-02-17 14:48:32.591296
4666,392,1069.08,2026-02-08 15:35:39.010844
4667,577,785.48,2026-05-04 10:03:00.239057
4668,710,3745.21,2025-11-22 00:15:59.713124
4669,1,4716.05,2025-12-23 23:13:23.777755
4670,942,1202.53,2026-04-23 13:10:33.455558
4671,200,18.21,2026-01-17 04:20:09.771487
4672,200,3145.55,2025-08-06 17:36:31.471063
4673,229,671.14,2025-10-12 22:23:57.512962
4674,9,19.87,2026-05-25 00:49:11.052294
4675,128,3269.39,2026-02-08 18:09:31.866870
4676,981,1457.19,2026-01-15 18:31:23.993539
4677,283,2311.7,2025-12-21 14:27:28.443098
4678,109,4922.92,2025-10-21 02:12:19.419399
4679,98,1558.17,2026-02-06 04:19:01.877873
4680,705,1399.11,2026-03-23 02:29:52.154808
4681,829,686.85,2025-06-04 18:37:58.909180
4682,209,728.24,2025-06-12 01:22:25.871290
4683,1,3184.59,2025-12-21 17:49:14.422138
4684,200,1192.15,2025-11-08 03:10:22.185057
4685,32,357.12,2025-12-11 22:24:39.532695
4686,94,198.6,2025-06-03 13:32:01.416346
4687,396,1280.81,2026-02-14 18:36:05.851732
4688,200,1250.81,2025-07-27 02:54:19.325457
4689,457,2119.5,2026-02-16 15:47:48.412925
4690,206,1273.79,2025-12-26 07:16:14.565361
4691,947,309.75,2026-04-21 17:02:43.016003
4692,916,1417.75,2025-10-06 23:09:07.959678
4693,483,4745.79,2025-12-29 12:02:10.854440
4694,331,347.38,2026-02-08 15:15:07.717327
4695,365,2340.78,2026-01-31 04:07:42.781593
4696,371,1802.11,2025-06-23 00:16:16.783419
4697,710,2761.31,2025-10-27 21:35:18.338127
4698,415,326.45,2025-10-23 04:33:22.076288
4699,831,5681.06,2026-02-17 03:41:16.171429
4700,957,1940.26,2025-08-17 16:44:34.765907
4701,296,3755.56,2026-01-02 06:14:36.184064
4702,483,566.34,2025-10-06 11:47:17.987780
4703,74,2689.64,2026-04-19 01:39:35.528189
4704,200,3037.65,2025-11-30 15:21:30.657288
4705,373,1013.12,2025-09-15 14:26:39.704504
4706,200,968.87,2025-12-07 17:56:39.904842
4707,886,2144.7,2025-06-08 22:08:11.638838
4708,193,196.12,2026-02-12 15:19:08.791198
4709,415,2660.77,2026-01-25 01:18:00.391708
4710,543,87.67,2026-04-10 20:35:08.094378
4711,635,422.9,2025-10-13 04:01:03.663505
4712,365,2182.14,2026-04-14 19:03:42.207770
4713,866,207.0,2025-11-04 05:20:21.202246
4714,486,7139.85,2026-03-22 11:19:05.388475
4715,403,4055.92,2025-11-14 10:22:28.449590
4716,41,,2026-02-24 14:45:46.713553
4717,415,3419.15,2026-05-05 02:40:49.754964
4718,793,4371.03,2025-12-11 09:22:43.660432
4719,549,600.79,2025-10-07 03:36:42.896214
4720,803,3786.41,2025-07-08 03:47:17.757513
4721,418,433.31,2026-01-25 01:25:06.274776
4722,118,1066.63,2025-09-22 00:45:22.922560
4723,1,1634.07,2026-05-15 14:27:43.955093
4724,261,2502.76,2026-05-19 02:41:54.992868
4725,652,61.21,2025-12-06 22:38:36.534712
4726,760,686.42,2025-08-31 17:19:33.690193
4727,245,1875.64,2025-08-11 14:24:14.248905
4728,423,884.37,2025-11-10 05:15:54.680208
4729,379,,2025-11-21 01:46:36.484460
4730,369,2109.11,2025-06-10 14:50:58.137898
4731,200,534.19,2026-05-10 22:25:13.509645
4732,147,315.48,2026-01-05 15:02:02.124640
4733,200,1983.36,2026-01-11 13:55:52.455251
4734,29,1197.37,2026-04-29 06:01:18.604355
4735,200,370.15,2026-05-18 00:46:48.589544
4736,1,790.16,2025-09-23 05:23:04.688974
4737,567,722.07,2026-04-01 05:21:55.351611
4738,285,228.87,2026-02-01 01:21:45.383286
4739,973,1583.32,2026-05-16 00:59:53.591338
4740,200,2884.87,2025-12-12 01:54:36.957034
4741,312,,2025-08-03 19:40:43.616551
4742,332,3500.75,2026-02-27 13:58:27.688796
4743,1,272.94,2026-04-10 15:46:16.538970
4744,814,1144.03,2025-06-17 04:04:27.963064
4745,5,1880.22,2025-07-17 07:15:41.232639
4746,946,2254.03,2025-10-01 11:03:40.317696
4747,905,2380.05,2026-01-25 19:58:19.671590
4748,481,2611.02,2026-05-04 20:40:48.484527
4749,483,2107.83,2025-10-26 04:33:57.850325
4750,577,197.94,2025-06-10 23:21:15.425195
4751,365,2376.89,2025-09-05 21:01:21.784464
4752,577,2580.39,2026-05-20 14:06:39.597348
4753,17,10065.74,2026-01-11 04:02:50.606073
4754,26,2364.18,2026-04-19 14:46:06.502220
4755,415,2322.02,2025-08-30 00:43:30.511711
4756,483,1446.44,2026-04-01 18:36:17.923312
4757,901,4048.74,2026-01-04 06:13:25.901873
4758,97,11511.05,2025-12-20 16:19:35.085359
4759,793,3019.59,2026-05-04 20:04:46.587694
4760,200,1896.08,2026-03-02 20:04:54.437291
4761,365,164.49,2026-04-05 06:33:53.310232
4762,285,2594.66,2025-11-26 03:55:31.844186
4763,365,2465.85,2026-02-24 21:50:54.762769
4764,182,2988.37,2025-08-23 16:01:57.588475
4765,440,266.05,2025-09-27 02:10:08.847898
4766,768,2121.09,2025-07-12 05:19:59.348407
4767,409,701.17,2026-03-13 04:08:53.870348
4768,415,2856.49,2026-01-22 08:24:09.949831
4769,829,549.86,2025-11-15 19:30:00.348131
4770,671,2303.89,2025-09-30 17:08:31.884598
4771,415,699.09,2025-09-18 08:59:31.691254
4772,211,18.07,2026-03-08 18:17:40.212278
4773,899,2006.74,2025-09-19 17:03:19.848020
4774,505,240.43,2026-04-16 19:08:04.445433
4775,200,2153.46,2025-11-09 20:54:38.823454
4776,229,5196.85,2026-05-24 07:22:59.423967
4777,768,6963.47,2025-12-28 21:16:04.201685
4778,17,538.17,2025-06-23 04:32:50.048455
4779,986,3313.62,2025-08-01 21:14:28.581053
4780,136,872.53,2026-02-20 03:01:12.817734
4781,762,4614.33,2025-09-24 20:17:34.658333
4782,365,3097.53,2025-10-14 01:21:10.735561
4783,415,153.59,2025-06-04 16:47:12.454139
4784,891,1045.58,2025-08-11 03:43:16.111609
4785,373,822.92,2025-07-28 20:52:50.188050
4786,483,3075.92,2026-05-16 20:09:09.594985
4787,23,1056.23,2025-08-28 09:33:19.491831
4788,1,2307.75,2025-10-17 14:57:25.086547
4789,200,1844.79,2025-09-16 09:29:42.577147
4790,617,7429.52,2025-06-30 09:30:39.038049
4791,124,5554.32,2025-06-21 09:52:39.471272
4792,105,1116.18,2025-12-21 12:34:08.968920
4793,369,2571.65,2026-02-20 02:11:37.443283
4794,577,3537.57,2026-04-12 06:57:06.095155
4795,688,4583.01,2026-05-06 16:11:45.023376
4796,200,141.13,2026-03-21 17:06:09.209058
4797,56,719.3,2025-07-17 00:56:43.378132
4798,947,772.0,2025-07-13 06:23:12.701762
4799,221,1139.9,2026-05-29 02:21:38.943914
4800,829,370.89,2025-12-18 21:09:16.013343
4801,849,1371.18,2026-02-19 10:12:05.217481
4802,746,2176.62,2026-03-24 18:28:03.964394
4803,200,1375.78,2025-06-18 08:34:27.955243
4804,793,2191.99,2025-09-14 00:25:50.656024
4805,743,137.5,2026-03-29 04:48:42.072084
4806,540,4174.74,2025-11-04 09:43:45.986012
4807,297,5596.03,2025-09-13 16:40:44.998385
4808,225,1924.18,2026-02-06 20:35:44.435662
4809,126,4263.85,2025-08-28 22:36:06.554972
4810,446,281.85,2025-06-20 17:51:20.125236
4811,521,3193.53,2025-07-29 18:21:11.829377
4812,333,253.73,2026-01-07 20:03:19.659486
4813,415,1048.53,2025-10-28 19:57:20.494695
4814,335,782.59,2026-03-01 02:12:34.962971
4815,577,1761.81,2025-12-09 12:53:21.873622
4816,914,717.68,2025-09-09 14:36:32.662146
4817,200,2028.43,2026-02-24 13:45:09.190562
4818,365,915.79,2025-08-17 13:02:54.827025
4819,160,3943.55,2025-07-19 23:16:44.129958
4820,567,2009.61,2025-07-23 20:28:00.795284
4821,711,484.9,2026-02-07 07:01:17.523454
4822,939,819.34,2025-10-12 05:52:11.703608
4823,229,3760.14,2025-12-03 07:09:29.172464
4824,963,977.08,2026-05-11 02:50:46.311814
4825,38,1534.88,2026-01-16 19:45:39.206983
4826,543,2093.61,2025-06-04 03:32:30.543998
4827,33,854.84,2025-09-22 05:52:53.313135
4828,905,696.22,2025-11-18 22:35:50.717152
4829,474,1289.69,2026-05-08 05:38:43.350094
4830,600,483.84,2025-10-01 09:53:50.362598
4831,802,668.74,2026-05-19 01:07:39.226415
4832,182,128.18,2025-11-27 13:26:04.996969
4833,11,724.73,2026-04-11 06:28:53.145652
4834,886,773.4,2026-04-02 13:06:06.068832
4835,282,6531.58,2025-09-03 14:36:01.435815
4836,135,1781.87,2026-05-06 09:28:57.322648
4837,415,3096.52,2025-10-02 03:12:27.256891
4838,540,92.88,2025-07-23 06:01:55.956618
4839,5,225.3,2026-02-07 06:56:22.443895
4840,229,3369.8,2025-06-04 10:45:07.733514
4841,5,1953.94,2025-07-22 08:41:34.792166
4842,379,423.87,2025-09-06 00:25:15.475682
4843,908,1037.7,2026-01-17 18:54:20.869081
4844,977,1547.29,2026-01-26 01:46:56.028459
4845,574,3710.8,2026-02-23 23:14:53.493908
4846,200,124.63,2025-11-09 23:27:41.467026
4847,916,1816.26,2025-07-20 11:58:00.468862
4848,457,2524.87,2026-04-19 01:18:51.231315
4849,189,7623.62,2025-12-03 15:19:35.726755
4850,936,3291.79,2025-06-02 11:53:12.921082
4851,733,646.56,2025-09-16 09:31:16.804607
4852,711,2472.85,2026-03-04 06:06:15.915331
4853,683,2881.74,2026-03-03 19:28:19.054047
4854,200,2616.71,2026-01-30 06:25:00.068584
4855,200,3431.2,2025-07-21 23:10:47.173998
4856,627,4681.2,2025-06-24 10:59:24.977782
4857,200,207.23,2026-04-02 12:22:41.941021
4858,402,221.34,2026-05-19 21:54:52.532150
4859,751,3183.2,2025-11-15 22:24:30.008576
4860,755,581.7,2026-03-01 02:45:28.511612
4861,415,120.65,2026-03-03 09:53:37.209078
4862,761,1025.75,2025-08-05 10:47:18.328906
4863,812,3428.23,2026-01-27 01:05:59.710768
4864,577,270.64,2025-10-24 17:15:26.258880
4865,200,2228.52,2025-10-05 00:00:25.141131
4866,229,7.24,2025-06-11 12:43:43.208881
4867,282,232.48,2025-07-29 20:35:35.748899
4868,114,864.18,2025-10-02 01:15:17.247411
4869,229,174.61,2026-05-12 18:26:19.352782
4870,200,3740.33,2025-10-27 12:29:17.706776
4871,415,3991.24,2026-04-18 03:24:28.393971
4872,922,2817.66,2026-02-25 19:33:55.404087
4873,97,555.41,2026-02-01 21:15:10.281696
4874,705,1481.51,2026-04-23 01:57:59.863055
4875,624,407.14,2025-12-30 21:17:08.895812
4876,77,660.56,2026-03-14 22:34:13.659050
4877,936,1451.36,2025-08-24 02:44:13.553962
4878,486,2656.16,2025-10-07 17:27:36.405410
4879,336,198.88,2025-12-04 14:47:44.015861
4880,733,,2025-11-11 01:21:08.386599
4881,210,5224.24,2025-08-28 19:37:11.439771
4882,640,1121.16,2025-06-06 07:21:51.933040
4883,12,5589.49,2025-11-10 19:28:31.413002
4884,815,9512.11,2026-04-22 15:14:00.356794
4885,415,1495.88,2025-08-06 14:26:54.511778
4886,573,679.48,2025-06-17 13:31:25.974594
4887,200,3128.71,2026-03-19 23:37:40.878894
4888,612,347.07,2025-12-24 05:57:25.107702
4889,746,580.83,2025-11-03 08:13:58.186027
4890,415,3073.12,2025-11-10 04:54:26.131246
4891,555,1137.07,2026-02-20 15:51:18.452383
4892,415,450.14,2026-01-23 23:21:53.092136
4893,906,2106.09,2025-08-28 15:32:19.914798
4894,424,2639.23,2025-11-09 19:53:28.207966
4895,819,267.23,2025-09-16 02:32:51.880361
4896,767,648.64,2025-07-28 13:15:23.896952
4897,369,500.2,2025-09-24 12:26:12.669390
4898,200,955.6,2026-01-06 02:00:17.459728
4899,365,2883.15,2026-05-05 22:49:12.796692
4900,793,2501.49,2025-07-14 11:50:18.284357
4901,200,2172.52,2025-08-30 19:07:40.132870
4902,462,12.61,2026-03-18 11:16:14.654463
4903,772,306.64,2025-11-01 08:31:53.298096
4904,330,505.4,2025-10-21 07:36:10.141160
4905,577,634.79,2026-03-20 15:11:46.747293
4906,200,316.65,2026-04-10 11:51:18.375361
4907,101,1056.34,2025-10-21 04:51:16.477278
4908,761,156.31,2026-02-22 03:30:54.943802
4909,81,2772.77,2025-12-27 00:26:35.541401
4910,229,,2025-10-27 07:18:14.055151
4911,829,1707.88,2026-05-18 08:22:02.078370
4912,314,187.97,2025-07-12 23:38:19.172866
4913,973,4416.06,2025-09-20 08:41:58.088345
4914,977,6741.48,2025-10-16 13:44:14.783126
4915,229,452.2,2025-06-23 16:59:03.650707
4916,12,2439.12,2025-10-13 08:26:06.616703
4917,669,3689.54,2025-12-27 22:17:30.347354
4918,415,1552.38,2025-12-10 20:54:22.834575
4919,87,781.12,2026-02-02 11:30:51.166559
4920,676,1302.32,2026-03-17 00:38:09.069034
4921,5,1435.98,2025-11-11 19:11:33.616855
4922,868,1023.78,2025-10-06 12:58:18.721993
4923,154,5314.02,2026-04-07 01:11:48.091218
4924,131,2724.24,2025-07-21 09:27:15.598760
4925,200,552.3,2025-06-15 17:22:30.206946
4926,965,1761.64,2025-09-12 05:57:43.023694
4927,639,2333.93,2026-05-01 16:30:27.745166
4928,767,302.01,2026-02-17 21:33:15.743022
4929,365,887.66,2025-07-19 10:39:39.994186
4930,296,4719.33,2026-02-16 03:57:33.079071
4931,200,1674.83,2026-03-31 07:08:48.408555
4932,415,489.24,2025-11-15 11:37:10.722938
4933,483,262.01,2025-06-27 14:36:34.195827
4934,570,1460.56,2026-05-23 00:49:56.114752
4935,209,1586.76,2025-06-11 12:45:00.616796
4936,963,814.18,2025-12-19 22:29:15.510701
4937,200,1990.75,2025-08-27 05:54:36.069846
4938,965,142.31,2026-04-04 03:30:08.495922
4939,1,313.63,2025-11-03 15:46:13.712749
4940,415,1580.52,2026-03-10 11:55:40.942652
4941,296,127.62,2025-07-07 07:38:37.686461
4942,415,4255.73,2026-03-07 17:00:11.356810
4943,491,306.64,2025-11-13 16:14:20.773996
4944,397,2241.22,2025-06-08 17:36:43.311842
4945,376,992.54,2025-06-24 18:50:41.560977
4946,711,1020.94,2025-06-02 11:06:05.641348
4947,619,2895.4,2026-05-29 18:41:58.713812
4948,807,1384.14,2025-06-26 07:28:19.491545
4949,200,2586.74,2025-11-29 06:32:05.206769
4950,543,1407.17,2026-05-06 06:14:21.248981
4951,521,1797.42,2026-05-09 16:00:42.088995
4952,347,2860.2,2025-06-16 06:06:37.878015
4953,415,1869.46,2025-12-09 23:09:50.020340
4954,281,1912.22,2026-02-12 12:08:32.120847
4955,162,3113.88,2025-12-04 14:34:05.632155
4956,200,5955.27,2025-06-14 08:03:16.662778
4957,98,945.51,2026-03-14 09:06:24.945115
4958,618,1721.32,2025-08-13 20:02:55.543526
4959,587,180.45,2026-05-04 02:07:21.554537
4960,963,888.84,2025-06-22 17:10:24.523687
4961,711,1062.22,2025-09-14 05:38:00.537701
4962,25,3606.5,2025-08-05 09:35:14.572506
4963,899,1440.59,2025-06-01 00:32:35.532128
4964,847,2626.58,2025-11-01 19:51:24.331017
4965,414,38.38,2026-04-02 05:50:18.537934
4966,521,1249.08,2025-07-11 23:13:09.706658
4967,975,,2025-11-18 02:41:11.904984
4968,474,,2025-07-02 23:10:31.716744
4969,916,64.06,2026-03-24 16:15:59.449482
4970,58,1136.23,2026-03-17 12:14:06.014991
4971,200,2437.71,2026-01-14 23:30:17.729867
4972,406,1211.97,2026-04-16 02:40:56.636516
4973,521,1232.29,2026-01-19 07:02:13.810685
4974,791,2216.14,2026-03-18 20:55:51.080384
4975,984,587.1,2025-07-23 22:41:50.732784
4976,365,2787.76,2025-06-08 22:46:22.236123
4977,20,332.38,2025-07-16 11:10:33.840339
4978,767,1007.54,2025-10-13 05:37:41.684741
4979,543,2134.27,2025-12-29 09:34:55.444217
4980,200,3524.82,2025-08-02 13:17:45.348542
4981,420,3135.93,2025-11-26 21:10:09.598191
4982,729,2558.01,2026-01-15 21:23:10.001359
4983,744,889.75,2025-10-16 13:47:26.485731
4984,431,260.91,2026-03-13 23:13:58.893340
4985,266,488.82,2026-05-07 03:57:25.506331
4986,973,4002.5,2025-11-23 01:09:24.681057
4987,591,3894.46,2025-10-21 21:47:11.680719
4988,366,6054.89,2025-07-22 19:41:20.169003
4989,229,158.06,2025-07-24 02:57:49.499650
4990,711,1539.23,2025-06-01 13:23:06.520341
4991,200,2092.13,2026-05-02 18:56:01.420259
4992,200,2480.29,2026-02-02 08:08:04.562861
4993,474,2064.88,2025-09-20 03:15:33.073407
4994,240,2939.45,2026-01-22 17:12:28.455602
4995,570,890.92,2026-05-01 13:54:05.314036
4996,117,395.52,2025-07-07 09:43:17.144603
4997,577,457.78,2025-12-09 08:05:13.592602
4998,231,24.1,2025-09-30 23:01:31.286311
4999,1,862.56,2025-06-11 17:54:42.489900
5000,131,192.46,2026-04-20 06:19:28.637892
5001,940,775.71,2025-08-22 09:02:01.786071
5002,860,1978.85,2025-09-19 07:12:08.864176
5003,200,4497.67,2025-09-18 06:13:16.443492
5004,751,3660.24,2026-02-26 11:44:34.201442
5005,543,582.51,2025-11-22 20:41:07.341802
5006,973,287.93,2025-11-12 22:42:57.370682
5007,352,429.04,2025-10-11 13:28:06.336650
5008,617,7080.0,2025-07-18 22:24:20.843543
5009,39,1594.68,2025-10-04 00:30:39.920555
5010,365,403.01,2026-02-14 09:21:54.270418
5011,965,3674.51,2025-10-09 03:24:14.660058
5012,483,1005.69,2025-12-29 11:01:39.494961
5013,240,4589.67,2025-07-04 12:08:54.826221
5014,122,604.04,2026-02-14 00:48:41.843708
5015,665,999.18,2026-02-20 04:10:09.770291
5016,577,1406.18,2025-12-10 17:17:26.618228
5017,353,4462.68,2025-12-18 06:07:25.652805
5018,963,4061.42,2026-02-25 06:53:16.168006
5019,1,1708.3,2025-12-26 01:40:05.837426
5020,262,501.48,2025-07-01 17:42:35.765713
5021,936,1032.87,2026-04-04 18:47:39.754001
5022,291,,2025-08-10 00:09:13.113159
5023,206,1871.83,2025-11-07 23:02:33.067753
5024,479,3038.26,2025-11-17 01:11:39.113829
5025,793,1195.18,2026-01-16 23:53:48.058339
5026,94,1518.61,2026-01-25 02:29:28.244956
5027,954,1120.57,2025-12-29 22:36:26.596287
5028,761,2427.51,2026-02-25 02:19:54.768842
5029,200,3813.95,2025-06-08 09:23:41.992204
5030,688,1415.97,2025-07-06 06:00:35.794384
5031,365,1311.19,2025-06-23 18:42:16.290789
5032,365,831.9,2026-03-31 05:35:32.414513
5033,752,389.83,2026-02-10 21:55:17.556392
5034,965,5601.9,2026-02-02 09:27:27.676982
5035,131,759.83,2026-05-04 16:17:28.131921
5036,379,3225.8,2026-03-21 13:49:22.646899
5037,415,2512.97,2026-01-10 15:01:00.669430
5038,357,3130.05,2026-02-28 10:30:54.712683
5039,334,5521.89,2026-02-03 21:29:15.442027
5040,25,1952.99,2025-11-22 16:44:20.142098
5041,619,4564.59,2026-02-19 15:27:55.117307
5042,399,367.12,2025-06-12 14:03:05.219566
5043,200,1970.81,2026-04-08 00:47:53.221787
5044,791,2959.24,2026-04-24 16:05:35.001555
5045,768,633.92,2025-06-28 00:37:20.286922
5046,415,2699.95,2025-12-23 14:24:01.435528
5047,249,3014.46,2026-03-20 23:36:03.275089
5048,576,3557.94,2026-01-19 21:14:17.498448
5049,240,750.5,2026-02-27 10:48:54.353353
5050,200,2288.94,2026-03-01 04:39:05.706958
5051,711,725.54,2026-01-22 19:34:07.184009
5052,12,2686.78,2025-12-27 21:16:28.692289
5053,74,,2025-08-16 21:49:00.819891
5054,1,1820.34,2025-12-12 19:53:53.632248
5055,186,1075.16,2026-03-21 18:50:36.130941
5056,42,353.43,2025-09-28 09:01:03.742837
5057,987,392.1,2026-01-05 14:49:39.675039
5058,240,161.49,2026-03-31 05:09:29.971880
5059,180,1925.05,2025-09-22 23:34:51.020601
5060,200,3776.17,2026-04-10 23:52:28.163781
5061,942,42.11,2026-03-31 13:52:05.996666
5062,457,137.07,2026-04-11 23:27:50.981471
5063,338,1223.01,2025-09-13 22:15:07.688837
5064,876,2676.69,2026-03-17 00:24:21.222989
5065,365,343.26,2025-08-02 20:10:30.738648
5066,296,633.95,2026-04-21 17:16:41.478833
5067,200,527.95,2026-05-22 23:15:28.062981
5068,360,1018.49,2025-10-05 02:29:07.307193
5069,285,509.78,2025-07-29 14:22:20.876054
5070,613,869.58,2025-09-17 03:49:59.640895
5071,240,2607.9,2025-12-15 15:12:00.898309
5072,506,1888.4,2026-03-16 05:12:47.437873
5073,39,169.33,2025-06-03 04:53:47.351096
5074,200,2030.82,2025-12-13 01:19:04.932706
5075,365,1296.64,2026-03-07 00:26:24.142869
5076,942,5453.41,2025-10-07 21:10:45.432766
5077,359,683.02,2025-06-15 21:30:44.833210
5078,591,2590.47,2025-11-14 14:27:33.174834
5079,206,2625.05,2025-07-10 15:32:34.575117
5080,131,500.77,2026-05-12 02:18:55.111337
5081,33,4670.7,2025-09-11 03:55:18.062833
5082,267,1351.33,2026-03-22 22:50:10.747452
5083,191,2271.9,2026-02-13 13:13:52.113715
5084,200,315.31,2025-08-05 22:03:12.517386
5085,739,596.28,2026-05-01 11:14:17.586401
5086,1,1764.3,2026-01-29 00:41:04.782768
5087,483,768.47,2025-08-12 14:15:18.363327
5088,365,1385.07,2025-10-23 09:41:36.446553
5089,442,936.83,2025-12-10 23:24:35.435143
5090,483,2046.38,2025-07-01 16:41:36.789023
5091,280,1335.53,2026-04-25 02:09:24.224461
5092,244,9.24,2026-05-25 14:54:52.072397
5093,711,2097.82,2025-11-17 22:19:46.541065
5094,871,1096.78,2026-01-30 15:04:02.718299
5095,200,,2025-10-01 16:10:43.385015
5096,81,197.76,2025-11-19 13:17:00.577272
5097,914,497.87,2025-07-05 02:35:50.469983
5098,323,506.62,2025-11-21 12:41:14.038025
5099,483,5478.14,2025-06-20 16:12:44.775738
5100,333,1133.07,2025-08-08 01:19:50.110291
5101,131,85.95,2026-04-11 06:41:23.466085
5102,523,298.9,2026-02-20 21:00:56.501545
5103,463,164.66,2025-10-18 20:16:49.721037
5104,200,1777.69,2026-03-17 22:51:46.047610
5105,415,413.12,2026-04-17 13:52:33.481426
5106,763,1380.53,2025-12-03 05:13:41.310188
5107,524,924.27,2026-02-10 13:22:32.065923
5108,81,3258.02,2025-10-01 20:28:39.000877
5109,483,772.77,2026-05-15 20:51:58.528856
5110,662,1225.96,2026-05-26 17:31:25.139690
5111,761,2555.13,2026-03-12 06:55:30.257244
5112,570,1136.03,2025-12-21 13:42:09.739117
5113,186,3152.16,2026-04-11 05:47:32.314255
5114,685,2167.55,2025-08-22 10:44:16.508670
5115,613,1057.06,2026-02-06 00:22:37.483176
5116,1,1402.29,2025-07-03 16:22:54.257201
5117,370,6834.86,2025-11-21 14:16:38.852226
5118,296,2167.12,2025-10-06 14:48:06.595741
5119,600,4707.66,2025-12-03 09:51:00.088254
5120,200,393.88,2025-10-02 22:37:30.136307
5121,525,1320.34,2025-09-17 11:26:40.674922
5122,929,4786.37,2026-04-19 18:58:02.596418
5123,766,779.02,2025-06-26 20:50:35.088281
5124,936,6863.16,2025-08-05 22:56:03.564543
5125,977,204.24,2026-03-20 19:58:19.857267
5126,1,4659.32,2026-03-11 12:46:51.880816
5127,563,1178.34,2026-03-08 06:38:17.341594
5128,373,153.21,2025-12-15 20:32:50.458965
5129,839,4232.57,2026-01-08 23:37:00.493663
5130,206,580.54,2026-02-15 00:53:23.972710
5131,977,45.0,2026-03-09 14:26:41.660105
5132,546,291.92,2026-05-27 08:29:51.360985
5133,761,2152.42,2025-12-21 06:47:41.789402
5134,60,7616.36,2026-04-15 02:07:10.542396
5135,200,236.36,2025-09-17 18:44:46.831423
5136,733,1239.6,2025-10-24 09:23:56.594087
5137,1,398.46,2026-01-03 03:54:25.778244
5138,791,2733.27,2026-04-21 10:10:08.676201
5139,1,251.26,2025-10-19 23:08:43.240104
5140,582,548.46,2025-12-25 06:47:19.682999
5141,339,437.32,2025-08-02 21:11:43.659465
5142,543,1608.25,2026-01-08 04:41:35.869927
5143,645,4130.04,2025-06-15 07:57:58.974625
5144,306,1431.15,2025-12-23 08:08:23.022432
5145,99,120.02,2025-10-15 22:47:56.125147
5146,44,1657.42,2026-03-23 11:33:06.017257
5147,523,3194.24,2025-10-24 21:10:27.403910
5148,457,283.49,2026-02-16 17:54:39.192092
5149,729,150.98,2025-06-10 07:21:41.155812
5150,446,416.04,2025-11-17 13:36:37.089923
5151,380,2741.52,2026-05-11 13:52:37.699526
5152,365,1791.41,2026-03-04 12:52:14.865644
5153,2,1555.64,2026-04-08 07:13:56.908616
5154,296,573.98,2025-12-05 01:40:21.853793
5155,975,807.64,2025-09-24 18:09:38.045056
5156,877,6756.04,2026-05-14 14:25:45.058308
5157,295,550.52,2025-12-21 23:46:12.940502
5158,522,4638.35,2025-09-01 23:17:37.832122
5159,829,1737.53,2025-09-23 15:47:04.505725
5160,408,263.17,2026-03-15 08:05:18.867260
5161,1,1259.64,2025-10-24 08:26:54.410499
5162,52,5934.24,2025-07-26 01:21:07.088850
5163,447,1084.51,2025-10-27 08:26:00.202337
5164,969,3981.2,2026-05-17 22:31:22.369179
5165,639,592.58,2025-12-09 14:14:02.631028
5166,47,1692.23,2025-10-26 22:41:14.419145
5167,200,3713.9,2026-02-19 00:17:27.735445
5168,744,5068.74,2025-08-14 07:11:34.986059
5169,819,1330.38,2026-03-15 23:09:40.253538
5170,555,2041.57,2025-10-09 12:46:16.207005
5171,577,5.97,2025-11-21 08:23:22.541166
5172,5,583.98,2025-07-30 23:57:56.143622
5173,795,653.43,2026-02-24 04:06:41.634254
5174,760,196.31,2026-03-28 07:56:50.344402
5175,216,656.16,2025-07-16 10:12:17.481424
5176,681,774.63,2025-12-01 11:15:24.475529
5177,200,6932.5,2025-06-05 16:28:07.850105
5178,12,2208.87,2025-09-13 00:10:36.421408
5179,200,1110.27,2025-07-18 09:56:39.141355
5180,200,8854.79,2025-11-16 14:29:21.114710
5181,297,332.66,2025-07-18 05:36:27.291209
5182,379,1292.72,2025-08-16 21:54:51.731602
5183,444,2082.93,2026-01-09 19:49:37.523111
5184,415,114.37,2025-06-17 09:50:50.412408
5185,229,2524.61,2025-11-22 15:01:18.131978
5186,5,210.43,2025-09-28 05:38:00.356437
5187,543,302.3,2026-04-08 19:09:36.025324
5188,365,347.97,2025-07-21 03:11:07.984937
5189,250,5287.05,2025-12-17 19:43:00.942586
5190,858,2299.19,2025-10-27 03:27:23.692228
5191,733,2130.9,2025-06-14 16:33:01.312524
5192,831,1621.58,2026-02-24 01:35:11.706931
5193,421,692.9,2025-06-04 07:39:29.268950
5194,136,1939.86,2025-10-11 07:22:25.681386
5195,645,1055.77,2026-05-02 15:00:55.864447
5196,200,314.28,2025-09-01 09:33:08.966114
5197,408,2339.77,2025-10-02 03:29:57.860189
5198,39,277.56,2026-02-18 11:21:14.592983
5199,793,423.09,2026-03-07 23:53:21.290538
5200,131,3404.2,2025-12-18 14:33:58.079882
5201,914,2158.31,2025-07-13 17:08:03.654228
5202,850,1993.87,2025-10-31 12:04:01.821412
5203,415,1083.27,2025-12-02 09:38:48.433567
5204,731,1009.29,2026-02-05 10:44:09.133403
5205,559,2344.06,2025-08-25 11:37:43.783954
5206,768,2694.19,2025-08-28 02:22:03.864743
5207,396,1427.57,2026-05-26 12:57:16.958405
5208,760,6964.98,2025-11-11 15:36:16.267152
5209,415,6233.52,2025-06-28 14:05:48.865417
5210,948,1063.52,2025-12-17 10:10:04.445192
5211,415,3436.52,2026-02-13 13:18:51.020971
5212,415,1567.32,2025-07-18 22:00:17.774646
5213,758,1433.88,2026-05-28 15:44:34.353801
5214,793,113.06,2025-08-05 18:57:05.692017
5215,483,1706.51,2025-10-13 23:34:16.948802
5216,200,4616.76,2025-12-18 04:07:50.034350
5217,415,3029.47,2025-08-04 14:57:09.779886
5218,965,3086.52,2026-01-22 09:37:06.784718
5219,733,348.54,2025-11-18 14:04:13.019985
5220,778,887.73,2026-01-22 19:51:37.275659
5221,5,531.07,2026-02-13 12:04:12.115595
5222,415,759.35,2025-09-28 17:33:27.610624
5223,577,1732.81,2025-08-26 22:04:50.021232
5224,798,907.58,2026-04-25 21:54:14.856404
5225,23,1645.14,2025-06-14 04:30:37.484184
5226,829,1154.29,2026-05-26 02:33:52.719795
5227,483,675.47,2026-03-24 08:40:26.421649
5228,200,200.53,2025-10-13 15:18:23.512070
5229,287,4448.26,2025-09-28 08:22:03.540189
5230,229,22.88,2026-01-01 04:49:14.654606
5231,474,,2025-07-31 19:43:04.018875
5232,24,3506.59,2026-02-05 10:43:04.985622
5233,193,11496.06,2025-07-06 17:41:51.288189
5234,782,2597.32,2025-09-02 05:38:26.003090
5235,139,30.78,2026-05-03 01:10:15.575961
5236,200,,2025-12-30 16:16:23.318783
5237,415,7138.48,2026-04-17 22:15:07.725990
5238,457,3306.82,2026-04-03 23:27:02.666392
5239,740,1673.11,2025-12-16 09:14:04.730310
5240,415,540.63,2025-11-27 10:12:23.380590
5241,760,28.95,2026-04-11 11:42:00.449222
5242,557,42.16,2026-02-23 18:25:48.885285
5243,105,1893.4,2026-04-28 04:08:13.109782
5244,191,44.15,2025-07-11 23:14:12.683689
5245,400,10112.36,2025-11-11 05:38:13.075407
5246,365,405.17,2025-06-23 02:26:55.323058
5247,730,2480.63,2025-08-01 06:30:05.842029
5248,515,336.98,2026-04-21 16:48:07.324105
5249,365,1553.46,2026-04-21 18:23:35.722344
5250,200,168.09,2025-11-07 04:43:52.125720
5251,200,,2026-03-15 00:51:10.546825
5252,504,1758.57,2025-06-01 07:14:02.686092
5253,382,180.21,2025-12-04 03:49:16.868155
5254,457,3775.48,2026-03-07 08:26:40.905220
5255,200,1583.81,2025-08-06 00:09:07.046074
5256,591,5091.67,2025-09-02 15:33:46.685281
5257,829,4968.77,2025-10-22 23:21:34.350656
5258,212,5064.19,2025-10-06 11:25:49.425719
5259,415,161.95,2025-11-07 11:43:04.024931
5260,973,257.84,2026-04-20 14:22:56.395026
5261,296,8797.26,2025-10-10 18:53:35.750574
5262,535,1337.3,2026-04-27 17:04:22.254613
5263,68,544.18,2026-05-04 07:27:18.417670
5264,543,2936.44,2026-05-21 18:13:20.303691
5265,68,613.83,2025-09-21 20:34:57.291989
5266,964,2598.15,2025-07-03 03:50:06.128979
5267,697,3631.52,2026-03-24 19:15:51.785071
5268,760,3067.39,2025-11-01 18:44:35.901416
5269,665,640.54,2026-02-25 04:59:17.970575
5270,524,1027.05,2025-10-28 20:22:19.838180
5271,415,1066.32,2026-03-26 01:42:25.954216
5272,834,1351.69,2025-10-06 22:39:01.086278
5273,963,366.34,2025-07-26 04:08:18.724475
5274,429,1204.68,2025-10-12 20:12:23.872082
5275,939,1429.9,2026-01-02 15:20:08.328538
5276,520,1517.33,2025-09-07 05:12:31.880894
5277,483,3428.49,2026-04-26 02:08:56.390255
5278,415,1456.86,2026-04-08 19:15:46.469888
5279,200,524.77,2025-10-13 21:15:44.038303
5280,1,2176.11,2025-08-21 21:33:08.764427
5281,200,3192.2,2026-01-23 07:49:05.540530
5282,446,769.48,2025-08-12 05:30:03.873225
5283,365,2073.0,2026-04-02 05:31:01.666580
5284,415,317.85,2025-08-07 18:05:23.278569
5285,977,836.88,2025-06-05 04:39:28.307948
5286,324,4798.72,2025-09-08 09:10:07.678048
5287,415,4845.17,2026-03-24 21:19:57.906677
5288,140,1712.86,2026-04-24 17:54:06.784592
5289,21,2423.68,2025-06-29 18:25:53.870023
5290,747,3848.51,2025-08-26 05:22:29.209945
5291,491,6366.69,2025-12-12 17:58:51.720572
5292,739,1346.24,2025-09-17 23:58:47.589416
5293,181,1649.14,2025-06-16 19:45:30.398848
5294,495,1074.48,2025-09-25 19:59:30.802922
5295,206,149.41,2025-10-01 12:19:13.625712
5296,200,1099.14,2026-03-25 03:03:30.459836
5297,1,3127.28,2025-06-13 20:31:52.470862
5298,136,3268.34,2025-06-08 04:29:17.064710
5299,271,4458.24,2025-10-20 18:51:34.283061
5300,114,105.68,2026-02-18 14:32:18.713187
5301,981,1497.97,2025-07-31 07:50:59.671608
5302,270,227.29,2025-10-20 11:03:58.551396
5303,136,448.14,2025-09-07 07:11:05.969270
5304,200,4609.5,2025-12-03 03:24:17.072466
5305,521,,2025-12-28 23:47:44.929687
5306,39,2842.14,2026-04-15 00:04:11.648927
5307,846,133.1,2025-10-20 22:11:04.009811
5308,965,1078.54,2026-02-12 16:02:48.755965
5309,200,2243.19,2025-10-24 00:34:48.166007
5310,415,286.37,2026-02-21 22:20:01.236996
5311,1,788.51,2025-06-29 20:18:53.129380
5312,577,133.45,2025-07-30 21:49:13.790719
5313,374,2107.32,2025-06-11 07:59:03.939198
5314,229,7073.43,2026-04-21 11:49:57.186368
5315,200,3509.45,2026-04-24 17:14:56.631254
5316,577,7347.83,2025-06-13 11:50:47.790134
5317,379,3736.48,2025-06-23 05:19:19.128216
5318,200,3864.75,2026-03-28 08:07:59.306923
5319,630,1721.6,2026-01-11 01:51:06.220797
5320,483,1460.67,2025-06-17 23:12:29.855089
5321,834,1042.61,2025-11-15 11:20:25.339970
5322,116,3408.54,2026-02-26 10:58:00.364049
5323,760,401.95,2025-07-02 14:14:22.194435
5324,605,115.73,2026-04-29 19:10:41.564049
5325,108,5908.94,2025-11-13 06:09:41.562219
5326,642,7.57,2025-12-15 13:06:30.825644
5327,409,7529.74,2025-07-26 17:00:42.511599
5328,959,2610.19,2025-09-18 21:31:13.759929
5329,161,796.48,2026-01-15 00:08:21.160604
5330,577,2393.46,2025-07-02 01:38:35.656396
5331,365,3406.13,2025-09-15 15:38:05.390226
5332,963,563.03,2025-12-23 15:42:43.088580
5333,296,2947.16,2025-11-25 06:19:57.841360
5334,965,3263.06,2025-11-02 18:24:49.221918
5335,914,573.64,2026-04-02 02:46:36.954902
5336,229,85.66,2026-05-24 02:08:19.113899
5337,768,456.62,2025-10-31 00:06:13.832124
5338,987,447.9,2026-05-20 14:10:36.542749
5339,206,134.93,2026-03-16 18:04:03.365695
5340,400,2589.31,2025-12-02 14:47:52.419011
5341,457,955.99,2026-03-01 17:41:29.886625
5342,244,4315.0,2025-06-17 06:36:11.417053
5343,1,581.16,2026-04-18 22:23:23.722191
5344,200,1207.46,2025-12-03 16:00:52.891654
5345,229,2037.85,2026-02-10 08:05:56.127395
5346,415,4198.72,2026-01-08 06:43:44.929637
5347,200,1487.29,2026-05-25 12:17:55.843572
5348,876,935.29,2026-05-26 12:37:09.443507
5349,668,4035.04,2025-06-30 11:20:24.312147
5350,60,742.84,2026-04-04 06:35:35.337533
5351,577,165.51,2025-12-20 01:31:05.825121
5352,577,1177.73,2025-12-08 03:55:25.375369
5353,963,3075.1,2026-04-19 05:16:25.627251
5354,1,62.53,2025-11-02 12:56:29.475073
5355,200,,2026-05-18 05:03:01.861376
5356,939,1805.09,2025-10-28 09:15:57.567358
5357,939,5277.28,2025-12-02 15:16:49.070205
5358,705,675.05,2026-01-24 20:36:16.983045
5359,740,653.78,2026-01-06 11:31:07.778422
5360,68,1161.37,2026-04-15 09:28:21.258119
5361,455,882.96,2026-01-25 03:01:31.075929
5362,200,2666.23,2025-11-09 13:38:04.622503
5363,200,2053.06,2026-01-10 06:09:31.290566
5364,777,2845.26,2025-09-15 04:51:17.754051
5365,143,3430.06,2025-10-26 03:13:53.094161
5366,415,5127.41,2025-07-08 15:57:14.925533
5367,944,1127.53,2025-07-18 16:16:30.245975
5368,200,8359.46,2025-11-11 23:57:57.366198
5369,977,485.83,2026-05-21 14:23:11.196519
5370,986,2506.08,2025-07-03 11:51:24.315911
5371,483,1527.18,2026-04-28 04:30:49.054872
5372,200,3395.45,2025-11-20 10:23:12.223215
5373,285,1295.47,2025-08-09 19:57:14.835705
5374,386,3064.39,2025-08-20 04:36:40.525598
5375,271,5323.35,2025-12-07 17:27:14.256939
5376,229,2635.73,2025-11-18 10:23:59.596110
5377,973,2993.06,2026-04-14 10:10:37.779576
5378,188,139.08,2025-11-20 18:12:24.614604
5379,711,458.72,2026-03-19 01:08:30.821605
5380,1,7322.82,2026-05-03 11:09:27.690378
5381,539,2363.03,2026-04-16 14:38:25.591029
5382,936,1648.56,2025-12-18 12:09:15.483546
5383,240,914.5,2026-04-07 19:52:54.471163
5384,200,90.81,2026-01-25 16:18:41.178865
5385,577,921.33,2026-04-11 23:36:32.570420
5386,690,1381.95,2025-10-13 02:03:26.205095
5387,626,475.14,2026-03-30 23:40:23.031083
5388,288,380.23,2026-02-05 22:13:47.915077
5389,206,1420.25,2026-01-09 17:45:06.486744
5390,963,1763.32,2026-04-13 07:14:15.113668
5391,936,548.66,2026-04-05 12:13:23.622620
5392,415,1770.5,2026-04-23 20:27:13.565997
5393,829,4611.98,2025-10-19 04:04:39.413177
5394,415,1281.77,2025-11-19 15:57:58.551762
5395,386,3895.29,2025-10-29 17:04:45.672570
5396,191,5242.04,2026-04-06 04:04:10.380735
5397,387,193.89,2025-07-06 06:12:34.174375
5398,483,201.44,2025-10-15 07:31:11.138391
5399,1,1292.7,2025-11-16 01:58:08.761600
5400,415,1773.96,2026-01-20 06:40:30.453676
5401,751,1109.85,2025-07-29 01:48:30.676165
5402,617,790.39,2025-12-16 02:23:29.637815
5403,571,2048.83,2025-07-10 07:34:14.197923
5404,925,,2025-09-06 23:29:13.881216
5405,1,6888.62,2025-09-19 09:52:31.136860
5406,483,528.14,2025-08-07 12:41:48.419706
5407,760,4980.21,2025-12-29 15:08:40.250576
5408,483,230.85,2025-12-03 11:31:34.598037
5409,291,543.85,2025-10-13 03:54:24.961395
5410,146,535.43,2026-02-26 08:35:51.222141
5411,901,11120.87,2026-01-13 10:03:45.364989
5412,415,9.22,2025-10-26 03:10:36.271077
5413,886,2041.29,2025-11-29 04:10:26.650450
5414,521,4075.63,2025-11-17 23:59:34.788098
5415,605,2231.15,2025-11-24 08:21:25.761447
5416,769,901.14,2025-08-04 06:14:42.930032
5417,587,6354.96,2025-06-14 23:49:25.148922
5418,365,4479.61,2025-07-11 04:13:58.410463
5419,455,1138.16,2026-04-25 15:25:43.294045
5420,768,1703.48,2025-12-12 15:56:26.814905
5421,352,6854.21,2025-06-21 10:20:53.346097
5422,365,8098.02,2026-05-10 12:00:59.978760
5423,77,1195.03,2026-01-07 13:03:17.272236
5424,933,3759.22,2025-12-13 05:21:59.726027
5425,68,719.02,2025-11-20 14:23:57.898319
5426,577,929.83,2025-10-04 02:39:56.098231
5427,373,360.22,2026-05-10 21:06:08.328797
5428,365,469.38,2025-10-16 05:02:01.424424
5429,616,2139.31,2025-08-17 06:31:31.263681
5430,40,1429.89,2025-10-13 13:27:53.453662
5431,534,525.67,2026-04-02 05:22:20.127689
5432,746,1031.37,2025-06-08 20:27:06.301878
5433,794,934.2,2025-12-20 23:14:19.747113
5434,200,8741.81,2026-04-13 07:37:45.614703
5435,914,3842.36,2026-01-07 18:47:02.717168
5436,580,981.94,2025-07-26 13:44:42.580085
5437,893,4904.88,2026-05-07 03:23:06.876015
5438,415,839.03,2026-02-04 13:50:19.443080
5439,483,2204.65,2025-10-29 05:24:22.667011
5440,936,6801.39,2026-02-14 01:00:29.700925
5441,914,989.51,2025-11-25 10:33:21.773139
5442,415,2278.15,2026-01-18 22:10:42.207695
5443,229,701.74,2025-06-16 07:36:40.520070
5444,365,619.34,2025-10-30 03:31:13.288299
5445,365,1707.37,2025-11-26 23:34:13.368681
5446,240,7751.83,2026-03-27 15:50:40.120222
5447,229,1207.1,2026-04-11 18:38:53.008947
5448,843,5549.57,2025-06-18 00:31:13.417947
5449,45,4915.29,2025-08-26 05:49:54.395016
5450,613,585.42,2025-11-29 17:01:38.969352
5451,200,1027.73,2025-06-07 16:39:43.769808
5452,309,2061.73,2026-05-18 17:11:33.984810
5453,34,1459.81,2025-10-23 11:23:20.806762
5454,229,,2025-11-30 03:47:59.198412
5455,743,10133.79,2025-11-14 05:43:55.652836
5456,899,2793.93,2026-04-04 01:45:42.945844
5457,200,1151.42,2025-06-14 12:52:04.770420
5458,415,1925.55,2025-06-25 03:41:15.215825
5459,415,183.29,2025-07-10 20:14:02.094999
5460,877,1367.59,2025-08-10 13:58:42.540931
5461,740,5342.45,2025-09-12 17:58:56.827604
5462,454,4538.32,2025-07-05 08:45:06.192910
5463,601,823.11,2025-11-21 18:11:10.868183
5464,829,1515.87,2026-05-14 22:59:06.637878
5465,1,2390.58,2025-06-19 22:14:19.950153
5466,365,831.06,2026-03-24 14:31:04.566458
5467,919,134.16,2025-12-23 06:50:44.848468
5468,728,1408.18,2026-03-17 13:09:12.548488
5469,483,1840.78,2025-07-22 03:25:30.200563
5470,474,11.72,2026-02-27 08:12:51.213141
5471,318,200.91,2025-12-13 19:22:46.649342
5472,457,464.6,2025-12-28 23:53:30.903055
5473,577,855.58,2025-08-26 23:13:45.832399
5474,379,1557.63,2025-12-18 05:18:51.577607
5475,692,695.84,2025-12-19 16:38:08.780538
5476,844,646.44,2025-11-21 02:48:36.031676
5477,191,4070.46,2026-02-03 16:04:52.915778
5478,415,313.43,2025-10-17 04:26:06.773373
5479,365,1368.22,2026-02-26 13:28:33.300860
5480,624,6107.77,2025-09-09 13:12:14.630747
5481,200,1961.73,2025-09-19 05:31:32.905327
5482,577,2526.07,2025-07-23 16:18:10.615143
5483,886,1128.58,2026-02-02 18:26:47.372747
5484,379,40.27,2026-03-04 11:20:24.044396
5485,928,2077.65,2025-09-12 14:55:49.167620
5486,986,1998.93,2025-12-14 17:43:00.946506
5487,98,234.03,2026-03-15 23:24:55.806693
5488,200,1240.39,2025-06-19 04:25:02.845169
5489,963,4937.96,2025-08-27 23:44:47.946613
5490,963,459.04,2026-01-31 10:01:07.841085
5491,81,1236.45,2025-10-13 13:00:28.551999
5492,1,1236.46,2026-03-25 20:03:47.065744
5493,200,3329.49,2025-07-06 16:11:05.340228
5494,987,3481.1,2026-03-18 08:02:19.323786
5495,200,2848.15,2025-10-17 13:58:49.594254
5496,436,909.69,2025-06-25 05:15:55.244654
5497,829,149.53,2025-08-20 00:41:19.257686
5498,1,859.98,2025-08-05 23:09:32.203349
5499,543,2277.56,2025-06-03 14:18:55.574311
5500,229,2426.34,2025-08-16 09:50:44.512747
5501,846,6704.83,2026-01-01 04:40:28.504254
5502,232,1208.96,2026-02-28 01:01:59.148084
5503,623,2001.71,2026-04-24 23:01:32.092953
5504,605,1549.54,2025-09-25 08:32:37.039640
5505,200,326.49,2025-09-29 20:40:38.762111
5506,6,1236.83,2025-06-23 20:19:24.831291
5507,369,1574.19,2026-02-07 02:10:51.795420
5508,240,6021.68,2025-11-19 22:28:15.713165
5509,776,913.11,2025-08-13 13:04:03.155523
5510,767,7833.98,2025-07-18 13:12:58.348212
5511,415,1563.08,2026-04-20 03:01:43.017791
5512,543,555.38,2026-02-07 02:43:15.554220
5513,543,425.56,2025-07-18 21:39:06.033875
5514,793,305.59,2025-06-30 19:59:10.113957
5515,386,1206.37,2025-11-26 23:11:48.880152
5516,229,44.34,2026-01-30 06:06:55.921791
5517,229,1177.74,2026-03-02 05:27:50.919934
5518,483,8914.31,2026-05-29 19:34:44.228107
5519,415,2217.97,2025-12-14 15:35:39.930860
5520,404,2852.45,2026-03-14 03:59:27.167674
5521,68,253.41,2025-08-09 17:39:41.872060
5522,705,1281.49,2025-07-30 05:31:45.132186
5523,200,674.37,2026-05-21 02:17:40.531694
5524,200,4490.47,2025-10-06 12:09:38.946103
5525,373,400.06,2026-04-14 18:43:12.355471
5526,200,1227.69,2025-09-18 03:27:28.207878
5527,521,1773.7,2025-09-30 13:32:20.799838
5528,350,1443.26,2025-06-03 01:36:27.815067
5529,415,3546.78,2025-12-22 09:00:32.882013
5530,483,,2025-11-01 13:14:19.724190
5531,200,947.67,2025-06-14 13:44:24.913795
5532,191,3141.25,2025-10-22 13:17:06.692151
5533,891,1501.86,2026-02-07 07:52:15.938208
5534,396,1028.72,2025-12-17 20:10:05.086820
5535,372,59.77,2026-03-24 05:07:24.940547
5536,7,2799.86,2026-05-09 06:00:16.741887
5537,425,7164.15,2026-02-16 09:18:36.331074
5538,483,1936.68,2026-02-18 12:15:18.609627
5539,483,3883.42,2025-09-05 01:43:03.911954
5540,674,1454.96,2026-01-21 23:50:07.998180
5541,200,527.1,2025-08-15 00:15:37.891504
5542,206,29.09,2026-04-04 04:44:31.290632
5543,778,2119.16,2025-06-06 07:04:00.736232
5544,963,1358.92,2025-12-25 10:10:19.612926
5545,145,3047.42,2025-06-17 16:20:09.077246
5546,423,2372.81,2026-04-11 12:03:44.871871
5547,200,8837.77,2025-10-23 16:41:13.552571
5548,33,1427.98,2026-01-07 13:16:23.743958
5549,293,1114.35,2025-08-04 17:15:58.759713
5550,168,675.82,2025-12-19 10:00:38.737861
5551,685,1295.82,2026-02-28 12:32:56.783671
5552,478,4125.11,2025-06-02 14:40:04.846898
5553,169,86.73,2025-10-30 15:07:18.183035
5554,1,7624.36,2026-02-10 01:44:58.060383
5555,775,10013.44,2025-09-12 12:59:03.510492
5556,200,1821.72,2025-07-02 08:19:51.793479
5557,543,805.57,2026-02-15 18:04:08.720767
5558,297,504.76,2025-12-21 20:50:27.643028
5559,521,647.28,2025-11-03 09:51:48.857849
5560,283,102.81,2026-05-17 14:59:34.205985
5561,64,1289.14,2025-07-28 09:40:46.656324
5562,200,118.07,2026-04-06 12:21:24.378623
5563,200,2535.06,2025-06-17 06:57:20.829083
5564,389,930.21,2026-01-11 08:11:07.965050
5565,585,444.7,2026-01-21 04:48:43.786510
5566,229,1574.27,2025-08-20 04:54:28.036490
5567,1,7280.89,2025-08-10 12:05:39.027308
5568,457,2375.75,2026-03-24 00:04:36.042648
5569,543,1353.55,2026-04-29 02:57:44.946089
5570,965,3000.4,2025-11-06 16:14:00.777412
5571,523,2674.83,2025-07-31 04:30:41.553008
5572,415,4446.36,2025-11-08 05:10:31.961751
5573,501,457.99,2026-04-12 00:26:23.769449
5574,939,3916.26,2026-04-20 00:55:42.713591
5575,794,716.28,2026-01-11 00:12:47.812413
5576,291,5660.4,2025-08-20 17:44:15.188699
5577,200,659.97,2025-12-09 08:37:14.749301
5578,226,5230.45,2025-11-10 14:32:11.072136
5579,441,6636.88,2025-06-02 23:58:24.354064
5580,731,314.46,2025-07-16 06:46:59.004297
5581,439,7338.14,2025-08-29 19:40:05.902156
5582,41,179.24,2025-06-19 05:57:15.223030
5583,705,493.25,2026-05-23 07:09:34.611926
5584,772,1174.58,2025-11-30 02:57:00.219816
5585,240,10102.09,2026-05-07 00:05:18.346696
5586,592,1341.06,2026-01-31 15:55:56.838279
5587,388,1598.84,2025-12-04 19:50:48.482512
5588,901,2371.12,2025-11-10 20:06:45.932179
5589,828,6902.47,2025-11-02 00:39:11.224606
5590,464,3058.96,2026-04-19 04:52:32.820073
5591,634,507.6,2026-05-27 14:07:12.436173
5592,897,721.91,2025-11-02 20:40:45.259941
5593,423,205.46,2025-11-11 15:31:38.397180
5594,280,2068.19,2026-02-05 12:37:18.214699
5595,733,398.71,2025-07-18 23:11:27.986772
5596,200,595.21,2025-09-24 09:37:22.179853
5597,365,4380.54,2025-09-13 19:15:56.756241
5598,855,791.29,2026-04-11 07:40:57.865648
5599,705,1672.4,2025-07-30 12:09:23.538568
5600,365,1013.55,2026-03-19 13:16:39.527609
5601,200,153.83,2025-10-03 13:57:45.785200
5602,332,901.54,2026-03-15 07:04:16.172884
5603,233,1048.73,2025-07-21 22:18:12.153378
5604,200,4520.99,2025-06-02 13:37:03.203698
5605,730,784.46,2026-02-06 07:46:40.345227
5606,206,953.63,2025-10-30 07:23:38.653589
5607,415,3054.76,2026-02-13 09:10:46.032107
5608,365,2845.56,2026-02-04 23:50:33.032074
5609,977,3201.8,2025-12-06 09:13:13.829675
5610,365,6148.28,2025-11-20 08:00:34.984647
5611,56,3174.94,2025-10-14 03:24:33.438127
5612,68,1047.17,2025-09-22 19:35:08.966934
5613,524,3446.43,2026-05-09 01:06:48.162664
5614,543,1421.3,2026-04-09 20:06:14.755450
5615,379,650.67,2025-08-31 22:12:22.352357
5616,396,721.7,2025-08-12 13:35:22.774014
5617,26,506.8,2026-01-31 17:42:08.737572
5618,457,313.29,2026-02-09 05:03:00.494785
5619,441,407.88,2025-08-12 03:42:16.343590
5620,181,130.52,2026-01-12 01:05:12.735529
5621,95,,2026-05-10 16:16:47.330418
5622,128,5347.52,2026-03-18 13:42:55.222539
5623,88,1767.5,2025-06-06 19:00:56.223552
5624,543,3671.29,2025-12-13 06:28:00.783813
5625,200,405.63,2025-12-16 01:43:41.185910
5626,204,4638.93,2026-03-31 23:56:11.822767
5627,200,1411.9,2025-08-10 21:42:13.410185
5628,963,139.05,2025-10-23 14:25:04.813004
5629,829,304.7,2025-07-25 03:48:54.093362
5630,200,739.16,2026-05-02 01:10:38.588486
5631,293,89.07,2026-02-22 11:30:44.090052
5632,200,740.08,2025-10-29 09:33:46.622067
5633,415,123.6,2025-10-30 07:48:27.846481
5634,1,538.45,2026-03-23 00:52:55.757769
5635,604,,2025-08-18 03:18:59.139133
5636,458,10358.93,2026-05-15 09:46:10.162450
5637,914,537.19,2025-10-16 08:55:42.712080
5638,200,546.73,2025-12-07 11:57:38.368877
5639,769,2321.76,2026-03-16 23:36:46.216257
5640,761,3923.07,2025-07-11 20:05:55.900924
5641,131,978.96,2026-02-23 01:41:18.007410
5642,365,4168.8,2025-12-31 21:06:17.436467
5643,200,831.46,2026-05-27 05:58:28.371108
5644,206,438.84,2025-08-08 07:15:03.420964
5645,228,799.88,2026-02-05 20:52:57.776089
5646,483,1879.92,2025-09-29 13:26:00.208417
5647,369,915.02,2026-04-14 19:28:03.498273
5648,963,2234.94,2025-09-11 13:07:39.754541
5649,131,540.83,2026-05-15 22:38:19.905964
5650,973,2414.58,2025-11-05 14:49:23.287251
5651,200,853.7,2025-08-21 00:03:16.047258
5652,746,1217.13,2025-10-01 18:04:01.710686
5653,298,1631.74,2026-02-16 10:29:28.789379
5654,167,2318.16,2026-02-19 13:30:45.271109
5655,832,545.49,2026-03-01 01:05:20.935311
5656,271,3615.11,2025-08-30 16:32:27.632082
5657,586,2559.14,2026-01-18 10:49:54.173297
5658,483,533.4,2025-10-11 14:21:53.655957
5659,415,7375.72,2025-11-25 17:53:04.306794
5660,423,2186.04,2025-09-10 21:06:36.687315
5661,711,1204.52,2025-09-22 11:20:57.696236
5662,66,342.83,2025-06-02 23:36:07.271100
5663,598,1523.8,2026-03-15 08:28:09.936798
5664,909,360.11,2026-02-06 14:49:53.395414
5665,33,1122.46,2025-12-25 01:24:07.673606
5666,159,1050.91,2025-09-16 17:44:23.400136
5667,700,2545.5,2026-02-09 23:51:53.748569
5668,401,427.34,2025-09-05 01:35:48.281801
5669,365,3450.5,2026-02-17 14:54:13.948957
5670,149,789.44,2025-12-19 19:17:55.674687
5671,442,1173.93,2026-04-15 10:50:28.554956
5672,131,2959.81,2025-10-26 03:34:45.200475
5673,415,1963.75,2025-10-05 01:21:16.624170
5674,740,736.41,2025-06-08 11:45:23.911573
5675,214,976.18,2026-04-04 18:44:41.406258
5676,415,729.95,2025-11-22 01:10:36.596136
5677,986,1806.6,2025-12-23 17:41:20.038662
5678,622,808.8,2025-09-07 18:31:10.849794
5679,819,2587.05,2025-09-17 20:46:27.671324
5680,376,1733.99,2026-01-16 14:11:40.808444
5681,743,314.96,2025-08-11 17:27:40.775215
5682,12,742.91,2026-02-25 13:32:23.320979
5683,128,500.64,2025-06-04 05:06:21.930286
5684,200,989.62,2026-01-03 23:07:42.619260
5685,365,1451.27,2025-11-06 19:55:08.073085
5686,829,1413.53,2026-02-12 13:57:37.870926
5687,313,2809.11,2026-02-27 19:10:48.349241
5688,577,419.4,2026-01-31 16:11:46.592674
5689,683,5855.13,2026-04-12 21:55:04.735000
5690,521,839.67,2025-12-31 07:54:40.203811
5691,332,714.06,2025-12-21 18:11:05.320765
5692,505,2311.5,2026-05-05 11:21:58.644786
5693,305,3274.82,2025-06-03 08:29:39.073229
5694,60,951.15,2025-08-15 15:39:38.111991
5695,986,2747.52,2026-04-04 14:44:06.505339
5696,131,4303.78,2025-10-23 01:11:58.587883
5697,47,2911.75,2025-10-09 19:24:45.996340
5698,886,69.59,2025-11-07 00:19:11.207360
5699,257,3513.2,2025-07-04 07:12:44.643110
5700,577,2978.7,2025-07-07 06:43:45.028898
5701,294,2213.03,2025-10-11 00:20:49.280518
5702,365,2854.42,2025-07-25 15:53:16.179040
5703,224,7767.4,2026-02-04 07:18:15.670824
5704,307,1128.15,2026-03-03 08:25:37.272110
5705,369,139.18,2025-07-02 21:45:40.618003
5706,705,1235.67,2025-10-19 08:27:22.019678
5707,450,95.09,2026-04-29 01:12:20.038090
5708,955,696.99,2025-12-30 09:27:01.556775
5709,13,1768.03,2026-01-03 21:52:22.544679
5710,438,741.03,2025-11-18 21:45:39.977553
5711,521,2312.88,2025-06-26 23:20:31.064508
5712,936,3451.79,2025-08-06 13:07:28.388043
5713,23,1090.97,2025-09-22 12:00:19.834227
5714,501,4607.93,2026-02-19 01:55:59.665663
5715,829,166.41,2026-01-28 22:38:41.062427
5716,200,3666.58,2026-04-11 04:10:04.118578
5717,886,3527.2,2025-12-05 12:23:16.105013
5718,1,777.2,2026-04-23 16:53:37.106831
5719,711,709.68,2026-05-03 13:24:42.778400
5720,939,727.96,2026-05-27 18:47:05.308907
5721,582,3336.19,2026-04-30 00:56:15.804311
5722,403,3563.46,2026-03-12 14:11:56.758487
5723,17,800.13,2025-12-01 22:01:26.384845
5724,936,1795.87,2026-02-16 14:13:32.689815
5725,415,299.17,2025-09-28 02:14:07.278111
5726,5,1265.15,2026-01-17 02:02:52.586995
5727,632,13438.99,2025-11-13 06:11:53.705695
5728,415,345.94,2026-03-10 06:52:41.457350
5729,130,5896.27,2026-05-03 21:20:52.982125
5730,200,3477.44,2025-12-14 22:23:28.322453
5731,39,7166.49,2025-09-17 02:30:57.796914
5732,503,395.87,2026-02-07 11:13:34.845241
5733,563,480.37,2025-08-11 01:22:32.448621
5734,442,34.02,2025-09-02 15:15:22.231488
5735,791,2579.8,2026-03-04 08:46:37.172866
5736,843,,2025-07-02 04:42:25.931440
5737,551,392.19,2025-07-01 17:04:41.501494
5738,1,3132.23,2026-02-17 23:06:41.052294
5739,643,711.05,2025-07-19 05:04:12.403737
5740,379,290.04,2026-05-27 04:58:29.563251
5741,483,1098.31,2025-09-04 03:05:15.234348
5742,577,190.75,2025-07-06 18:33:33.250960
5743,324,611.0,2025-06-24 15:48:18.367583
5744,936,928.31,2025-10-14 21:01:58.939187
5745,141,3819.25,2026-05-26 06:17:26.689158
5746,604,3145.72,2026-01-09 00:19:04.632087
5747,1,1169.5,2025-06-22 15:46:13.054479
5748,938,2578.88,2026-04-06 08:58:01.130509
5749,105,1681.67,2025-11-22 18:26:46.447402
5750,74,833.58,2025-09-07 07:17:30.323623
5751,296,2588.34,2026-05-18 02:22:01.883893
5752,352,2300.86,2025-06-29 17:13:12.845041
5753,200,,2025-10-11 14:52:22.750393
5754,521,1924.44,2026-02-12 01:36:31.198811
5755,413,,2025-11-25 13:54:23.653062
5756,5,970.79,2026-04-29 14:02:45.552488
5757,288,4066.27,2025-07-19 22:02:24.776682
5758,777,354.21,2026-02-06 04:04:28.753345
5759,632,4306.36,2026-04-28 21:28:37.349957
5760,706,837.96,2025-08-21 22:58:37.782223
5761,652,267.14,2026-05-11 07:50:42.183536
5762,273,1832.72,2025-12-30 07:48:35.239689
5763,84,943.17,2026-03-23 12:43:11.694635
5764,229,3380.21,2026-02-06 00:24:58.666524
5765,802,1127.0,2026-05-28 15:55:41.742966
5766,977,2208.63,2025-11-12 05:16:44.304374
5767,418,737.08,2026-05-21 17:48:11.791662
5768,1,,2026-04-29 09:09:29.651575
5769,157,982.21,2025-08-28 13:15:16.217556
5770,291,1866.91,2026-03-23 20:38:26.688296
5771,510,2139.74,2025-11-28 11:50:17.664469
5772,54,1726.48,2025-10-08 01:45:56.141498
5773,954,8855.01,2025-11-04 06:20:08.373896
5774,339,2349.41,2025-11-22 14:09:55.540366
5775,929,5362.42,2025-11-16 04:01:56.973679
5776,751,250.97,2026-04-04 13:13:35.315159
5777,733,126.67,2025-12-04 08:01:23.128371
5778,543,745.01,2026-03-05 13:25:10.278190
5779,567,293.73,2026-01-04 09:16:04.448294
5780,576,,2025-07-30 18:33:30.041602
5781,570,1463.7,2025-09-22 05:23:16.381003
5782,483,1711.55,2026-03-03 01:25:13.482797
5783,981,2734.77,2025-07-03 20:32:02.385356
5784,711,7103.79,2025-12-09 21:40:30.864239
5785,751,4211.71,2026-05-03 23:42:32.493617
5786,873,251.96,2025-11-25 20:59:27.716311
5787,200,826.53,2025-07-25 03:51:27.884705
5788,59,590.95,2025-08-21 23:56:07.308117
5789,415,389.15,2026-01-19 08:35:47.206133
5790,455,1573.71,2026-02-02 01:20:49.226470
5791,796,1611.58,2025-11-22 21:07:51.875726
5792,415,515.59,2026-01-27 03:41:08.236695
5793,492,2488.88,2026-04-19 15:15:52.920242
5794,470,2640.37,2026-03-04 22:35:50.455180
5795,9,42.41,2025-11-11 04:29:18.205590
5796,550,1007.56,2025-12-13 18:59:20.773001
5797,794,4417.11,2025-09-17 02:39:46.914162
5798,191,1469.27,2025-11-20 08:25:13.351425
5799,535,854.28,2026-05-18 12:51:01.854648
5800,534,585.19,2026-05-17 17:47:49.223556
5801,200,557.72,2026-05-28 01:32:51.039651
5802,128,210.21,2025-08-27 15:58:51.451682
5803,977,3399.01,2025-08-11 18:50:31.775832
5804,365,181.29,2025-09-04 17:40:35.627379
5805,200,691.46,2026-04-02 08:27:19.800334
5806,200,93.5,2025-07-07 21:10:07.076614
5807,597,3040.9,2026-03-03 02:17:49.054752
5808,543,,2026-02-27 09:36:26.993939
5809,577,737.21,2025-08-31 22:31:18.613507
5810,67,1703.34,2025-08-28 01:26:42.390090
5811,905,1053.78,2026-01-20 13:07:43.184332
5812,365,663.33,2025-06-11 18:41:40.935301
5813,280,643.69,2025-11-01 22:51:25.574088
5814,415,3196.9,2025-08-08 06:35:02.297109
5815,365,7297.63,2026-02-19 06:49:37.423597
5816,849,855.55,2025-11-14 23:28:52.951442
5817,939,79.86,2025-09-07 00:39:18.053845
5818,262,74.5,2025-10-09 13:43:19.455392
5819,849,2847.69,2026-03-16 05:14:25.530819
5820,751,1607.58,2025-07-04 14:04:20.485328
5821,939,3061.19,2026-03-09 18:39:21.245835
5822,200,2391.33,2026-01-14 09:35:49.568441
5823,505,4761.23,2026-03-15 18:34:55.808870
5824,229,4340.03,2026-04-21 02:25:07.119201
5825,793,3105.43,2025-11-25 11:17:04.804284
5826,1,1289.43,2025-10-10 18:25:18.585306
5827,483,736.7,2026-01-06 06:06:27.012109
5828,299,1414.6,2026-04-18 20:52:14.942697
5829,291,1394.6,2025-09-17 08:02:57.174465
5830,577,1884.63,2026-04-02 00:34:05.595933
5831,829,411.83,2025-12-10 07:01:23.346221
5832,543,2132.02,2025-07-04 00:57:29.255593
5833,829,1219.82,2025-08-18 07:11:11.582938
5834,229,1936.25,2025-09-16 01:43:06.658026
5835,457,547.83,2025-07-13 17:55:22.509614
5836,415,1139.72,2026-01-03 00:39:01.329702
5837,1,471.95,2026-05-09 19:01:02.013379
5838,483,4163.77,2025-06-07 15:24:49.976525
5839,588,1338.71,2025-08-21 11:26:51.465823
5840,529,509.74,2025-07-12 10:40:45.199550
5841,716,84.16,2026-01-21 00:55:35.467192
5842,494,,2025-10-10 13:28:37.622302
5843,39,483.24,2025-06-20 12:43:47.465161
5844,112,9128.48,2025-11-27 16:53:03.860291
5845,540,1525.85,2025-09-18 20:48:22.068243
5846,229,682.1,2025-09-26 01:10:23.243592
5847,56,2144.0,2025-06-27 11:25:08.754413
5848,395,643.77,2026-02-26 08:23:26.430780
5849,483,3432.65,2025-07-08 10:06:15.697134
5850,294,737.02,2025-09-15 07:12:25.407041
5851,705,8887.42,2025-11-06 23:52:57.732466
5852,577,1858.47,2025-12-28 10:49:03.141834
5853,296,3721.08,2025-08-19 13:18:00.572998
5854,733,151.21,2026-02-20 02:33:18.421346
5855,577,856.34,2025-12-21 09:39:37.265445
5856,575,2674.91,2025-09-11 08:47:00.678043
5857,483,2128.76,2025-08-21 09:39:27.225220
5858,1,431.95,2026-04-01 15:18:37.897719
5859,647,880.74,2026-05-17 22:48:07.140947
5860,357,611.54,2026-05-22 10:03:02.044077
5861,954,1900.58,2025-06-14 13:48:50.399701
5862,792,844.92,2025-06-18 22:11:21.865378
5863,521,739.39,2026-04-27 23:27:33.697002
5864,206,464.82,2025-09-10 14:46:57.927257
5865,200,1051.97,2026-03-14 04:39:28.253855
5866,301,435.08,2025-08-17 18:00:40.118258
5867,415,6570.54,2026-01-13 22:56:52.200140
5868,245,335.66,2025-06-03 20:00:45.491576
5869,457,4890.71,2025-08-13 08:21:41.204290
5870,200,1118.89,2025-11-24 15:34:18.346045
5871,977,949.2,2026-02-02 21:03:06.963553
5872,99,526.16,2025-07-14 13:47:46.757124
5873,939,2019.86,2025-06-20 11:18:16.853939
5874,929,2313.72,2025-11-21 12:58:44.707778
5875,464,1260.61,2025-09-22 22:05:18.610034
5876,706,114.64,2026-01-18 09:42:29.633723
5877,398,5014.55,2025-10-28 01:47:08.124757
5878,570,7857.23,2026-02-08 01:07:53.422365
5879,301,1127.9,2025-07-28 12:17:49.588825
5880,255,1902.08,2026-03-09 12:17:33.355655
5881,509,1196.76,2025-11-10 07:44:43.416983
5882,425,776.86,2025-06-29 16:30:09.347313
5883,513,160.94,2026-04-16 23:47:48.998600
5884,240,1217.86,2025-08-22 14:56:53.429798
5885,343,3411.73,2026-04-03 23:27:14.194581
5886,60,34.36,2025-12-16 13:23:06.994368
5887,25,1745.06,2026-01-07 05:15:35.389355
5888,206,4253.44,2026-04-29 13:29:30.527171
5889,51,490.65,2025-06-02 15:31:28.727947
5890,95,404.86,2026-04-19 08:22:28.072556
5891,783,2959.25,2026-04-17 09:41:13.644575
5892,11,588.97,2025-11-17 22:47:03.313344
5893,586,426.35,2026-04-16 18:19:46.991792
5894,229,949.6,2025-08-11 17:52:04.560437
5895,871,996.81,2025-06-26 06:43:18.136363
5896,415,4144.55,2025-07-29 18:49:05.475240
5897,267,1926.99,2025-07-31 13:30:39.554041
5898,457,1041.62,2025-09-27 12:46:24.973904
5899,365,1528.81,2025-12-27 11:58:25.761025
5900,483,6156.72,2026-03-14 10:10:49.380599
5901,108,240.3,2026-01-17 10:29:10.352394
5902,991,465.67,2025-10-04 06:49:47.253315
5903,386,6568.36,2026-03-04 10:42:55.506190
5904,318,6308.28,2026-05-18 08:32:50.337041
5905,685,390.0,2026-04-23 22:37:03.458768
5906,336,313.56,2026-04-10 05:55:37.520399
5907,807,1093.2,2026-03-11 23:29:21.179304
5908,415,101.99,2025-09-15 17:51:51.645821
5909,705,2127.86,2026-04-25 16:09:45.263523
5910,98,161.33,2026-03-07 23:53:55.347357
5911,829,119.56,2025-07-17 11:32:20.553723
5912,716,1327.9,2025-10-10 23:42:58.122723
5913,200,,2025-07-22 22:22:51.059471
5914,170,1113.03,2025-07-17 16:39:39.600924
5915,285,,2026-03-21 01:17:34.767708
5916,975,12386.39,2026-01-21 14:38:51.937866
5917,208,1518.44,2025-11-24 20:54:05.984814
5918,415,940.78,2026-04-19 10:15:26.494474
5919,5,975.07,2026-04-02 07:18:32.877974
5920,365,433.73,2025-10-20 03:09:25.873165
5921,494,1435.79,2026-03-15 05:47:26.949195
5922,963,1155.55,2025-12-25 17:18:51.789441
5923,457,631.6,2026-02-11 19:24:30.269084
5924,792,349.99,2025-12-29 14:48:59.904609
5925,483,745.72,2026-04-02 09:02:18.115773
5926,12,1421.33,2025-07-22 00:28:17.724427
5927,282,120.21,2025-10-29 19:54:38.772269
5928,504,333.87,2026-03-22 07:16:28.197466
5929,963,5899.88,2025-08-13 09:07:17.862587
5930,836,1565.51,2026-01-31 14:07:29.140656
5931,200,131.1,2025-11-26 07:54:21.138137
5932,200,2362.39,2025-10-05 04:51:50.091269
5933,200,127.59,2025-09-12 11:14:18.339598
5934,936,2685.51,2025-07-26 04:20:38.893476
5935,829,2772.29,2026-02-05 23:48:17.283809
5936,746,2105.82,2025-05-30 20:45:48.147949
5937,365,2635.06,2025-06-16 15:43:15.312733
5938,441,184.16,2025-06-02 10:59:40.018463
5939,415,,2025-10-14 11:50:34.290555
5940,206,293.96,2026-01-05 03:51:26.382348
5941,441,829.53,2025-11-12 20:57:49.262634
5942,5,5720.49,2025-09-01 19:22:24.858266
5943,137,1397.83,2026-02-08 04:14:04.144744
5944,901,6848.51,2026-03-08 21:40:59.695631
5945,733,186.25,2025-12-09 08:59:51.792195
5946,381,1298.48,2025-09-07 18:36:47.981562
5947,457,128.87,2026-04-25 00:46:19.326466
5948,347,1989.64,2026-02-01 22:03:13.261671
5949,728,163.95,2026-05-15 04:03:27.619103
5950,755,385.64,2026-02-12 14:12:53.753011
5951,740,599.05,2025-08-12 01:57:04.334377
5952,705,2762.56,2026-01-07 04:59:45.372243
5953,200,358.16,2025-09-18 01:54:51.508506
5954,297,3749.83,2026-04-28 00:35:27.246826
5955,415,282.91,2025-09-13 00:53:50.179610
5956,296,71.76,2026-01-16 03:53:53.131657
5957,733,1005.2,2026-02-07 02:09:29.447330
5958,295,7768.98,2025-07-21 08:54:51.212746
5959,152,233.84,2026-04-04 19:54:35.486022
5960,365,214.54,2025-08-21 15:47:37.176443
5961,977,2781.94,2025-12-03 15:11:51.728410
5962,200,748.4,2026-04-03 03:39:23.810629
5963,543,2526.61,2025-09-05 08:33:32.151887
5964,396,446.31,2025-11-22 07:55:31.854650
5965,47,1232.64,2025-07-30 15:50:21.879319
5966,415,616.56,2025-10-09 10:00:25.042677
5967,661,,2025-10-31 01:40:04.437119
5968,455,2931.52,2026-01-28 20:21:23.703849
5969,871,2871.05,2025-11-25 00:10:40.243120
5970,240,1450.4,2026-03-08 14:03:49.180381
5971,61,5272.53,2025-06-03 16:17:18.889600
5972,942,612.46,2025-06-29 21:16:51.154619
5973,362,549.69,2025-11-26 15:34:00.786689
5974,505,1902.83,2026-02-02 06:41:10.788881
5975,761,1942.01,2025-08-27 07:06:31.699247
5976,291,95.32,2026-02-07 15:38:40.414062
5977,699,1871.85,2026-03-17 12:27:41.973001
5978,143,938.2,2026-03-03 12:36:39.080279
5979,242,2752.23,2025-11-24 18:11:51.588368
5980,170,3301.62,2026-04-01 11:19:27.801336
5981,778,1606.61,2025-07-22 22:57:44.203402
5982,200,3.41,2025-10-20 07:20:01.617044
5983,703,2023.21,2026-05-08 07:05:11.166217
5984,954,2763.66,2025-10-20 21:51:34.995274
5985,471,572.65,2026-03-11 18:06:21.456033
5986,483,1249.65,2025-12-23 21:43:37.357532
5987,415,6746.77,2025-09-07 19:54:04.709106
5988,293,707.97,2026-05-03 07:32:12.488893
5989,415,505.02,2025-07-18 14:27:16.022292
5990,543,473.61,2026-02-23 20:53:50.816864
5991,981,1636.52,2025-06-13 19:23:38.989310
5992,944,5982.97,2026-02-04 14:12:49.240012
5993,846,1876.51,2025-07-21 01:03:28.026475
5994,901,722.87,2025-08-24 07:26:25.734134
5995,415,2035.37,2025-09-16 06:05:17.314772
5996,582,1960.82,2025-08-23 21:06:11.517613
5997,908,1817.27,2025-12-02 08:05:49.797523
5998,365,347.34,2026-02-18 00:10:18.107949
5999,965,2013.34,2025-10-18 22:14:44.379295
6000,377,1124.81,2025-12-16 20:37:25.134412
6001,543,37.53,2025-06-12 08:57:59.569567
6002,684,1552.03,2026-01-11 02:57:12.181059
6003,963,9068.82,2025-09-21 14:57:15.696737
6004,200,860.76,2026-01-21 20:55:52.918493
6005,733,6737.03,2026-01-11 20:13:02.739768
6006,457,202.31,2026-04-05 01:25:18.005764
6007,229,2636.9,2026-01-23 11:38:35.845784
6008,751,242.82,2025-10-04 01:53:58.220953
6009,483,639.23,2026-03-13 19:43:49.505429
6010,587,1691.85,2025-08-04 23:09:45.980445
6011,291,1796.8,2025-10-14 09:10:23.320268
6012,415,2985.19,2025-06-20 09:22:42.708404
6013,555,1910.64,2026-03-18 00:37:20.552229
6014,365,1800.91,2025-07-21 06:15:38.336830
6015,200,4868.88,2025-06-25 08:13:09.294738
6016,965,1203.55,2025-10-18 03:47:55.194005
6017,450,510.47,2025-11-07 00:38:32.196250
6018,711,352.97,2025-06-22 06:14:02.379793
6019,369,1021.63,2026-01-15 11:41:29.509818
6020,331,2494.82,2025-09-02 08:13:18.603651
6021,365,86.95,2026-02-17 21:50:19.036666
6022,368,276.35,2025-06-06 01:58:39.815251
6023,483,224.35,2025-08-05 10:38:15.453486
6024,483,1760.16,2025-12-02 05:54:47.237244
6025,423,556.43,2026-04-05 09:32:54.413814
6026,142,363.67,2026-05-15 07:45:17.811398
6027,423,1796.76,2025-11-16 15:29:32.747256
6028,200,2865.18,2025-11-22 07:45:51.688317
6029,131,807.4,2026-01-15 08:52:19.217517
6030,939,1726.47,2025-11-30 05:09:15.994679
6031,543,206.56,2026-02-07 22:27:35.247849
6032,587,5472.62,2026-04-23 21:53:33.690469
6033,365,821.65,2025-07-15 16:22:03.307155
6034,924,11987.49,2025-09-12 02:22:11.036609
6035,576,7687.58,2026-01-24 02:17:29.139059
6036,743,3017.59,2025-06-14 22:46:38.194653
6037,347,40.54,2025-10-23 00:41:55.636640
6038,965,1568.22,2025-12-12 11:47:39.201639
6039,792,181.68,2025-08-17 12:23:01.126596
6040,829,4510.22,2025-08-17 08:47:41.752790
6041,200,3117.83,2025-07-22 06:23:31.855273
6042,229,7175.56,2026-01-19 19:13:34.978093
6043,239,1874.94,2025-12-01 09:17:23.350238
6044,229,1477.01,2025-09-01 02:26:47.094023
6045,829,1463.67,2025-09-17 12:57:41.393701
6046,5,976.98,2026-04-02 18:37:44.978732
6047,56,1264.82,2025-12-08 14:17:27.637455
6048,229,2017.98,2026-02-07 05:46:21.402917
6049,200,5404.56,2025-07-01 04:27:27.948899
6050,200,1812.11,2026-03-11 06:47:39.261054
6051,767,3891.44,2025-09-02 13:57:47.897191
6052,483,3972.34,2026-04-14 21:16:07.138133
6053,1,1463.08,2025-10-21 11:36:05.319447
6054,394,853.8,2026-05-11 16:19:03.085681
6055,365,2040.94,2025-07-07 22:05:54.611642
6056,106,1180.74,2025-07-18 02:46:15.733563
6057,610,169.9,2025-10-08 17:46:39.894871
6058,661,949.02,2026-01-09 16:25:13.056572
6059,705,10256.18,2025-10-14 13:59:58.877759
6060,711,99.46,2026-01-21 07:07:42.365422
6061,1,2385.85,2025-08-09 18:57:33.967376
6062,963,3680.08,2025-10-21 02:53:22.231706
6063,787,2092.38,2025-07-28 16:34:30.558209
6064,914,1686.77,2025-11-25 06:51:56.005274
6065,1,2458.95,2025-07-29 16:40:24.450996
6066,940,1121.93,2025-06-19 12:27:56.077833
6067,776,191.62,2025-09-24 04:45:06.293583
6068,810,6560.0,2025-11-15 22:47:18.101655
6069,70,1132.33,2026-04-16 14:02:40.717574
6070,724,2189.57,2026-01-16 03:51:10.966799
6071,965,1515.63,2025-12-23 14:54:11.715142
6072,613,112.45,2025-12-09 05:38:23.022079
6073,491,6104.46,2025-09-27 11:11:09.026854
6074,961,3145.61,2026-01-23 06:01:42.022233
6075,413,322.92,2026-03-25 21:47:29.970431
6076,543,7996.13,2026-05-04 22:47:45.367078
6077,415,2670.45,2026-04-20 23:49:13.548775
6078,939,1278.54,2025-10-18 04:02:49.624382
6079,56,1890.26,2026-04-18 09:16:56.048054
6080,434,225.75,2025-10-24 10:23:50.769643
6081,623,1643.83,2026-02-06 18:44:47.096839
6082,761,153.03,2026-02-08 18:17:59.056676
6083,519,1574.28,2025-07-17 08:53:09.587692
6084,923,1609.03,2025-08-19 03:19:46.173625
6085,952,4149.92,2026-03-08 13:57:04.945252
6086,39,2582.39,2026-04-29 01:14:21.932440
6087,365,574.17,2025-12-21 00:56:08.703673
6088,1,4386.14,2026-04-11 11:07:15.104566
6089,295,1703.08,2025-08-04 21:39:09.470212
6090,483,1864.74,2025-08-03 10:14:01.657502
6091,928,370.21,2025-11-26 02:16:05.583898
6092,829,3900.67,2025-07-27 21:27:59.044334
6093,131,5346.29,2026-01-27 10:37:27.930643
6094,69,2983.23,2025-10-27 00:31:09.729637
6095,523,5652.06,2026-01-14 04:13:41.152597
6096,474,719.93,2026-01-11 17:40:56.807739
6097,229,3948.28,2026-04-09 08:58:25.399554
6098,914,1342.35,2026-03-10 05:15:47.458157
6099,939,358.06,2025-08-13 08:16:41.859582
6100,365,2210.07,2026-02-16 21:36:13.081159
6101,903,2304.79,2025-07-01 12:07:29.897433
6102,365,676.34,2025-09-05 20:14:30.724543
6103,717,55.76,2025-06-18 08:52:22.711502
6104,415,445.91,2026-01-11 20:00:08.809736
6105,128,,2025-12-24 16:09:08.772763
6106,939,366.8,2025-07-08 20:41:13.972642
6107,415,431.42,2025-07-19 11:12:01.007334
6108,713,993.16,2026-04-03 14:57:48.122414
6109,344,6529.14,2025-12-20 02:19:43.999274
6110,1,2889.91,2026-01-10 17:55:17.703768
6111,86,770.59,2025-11-15 05:25:45.061229
6112,423,6056.68,2025-10-20 10:16:06.058257
6113,632,2074.92,2026-04-15 04:12:55.724012
6114,296,1215.59,2025-12-31 20:16:15.274914
6115,644,1263.35,2025-07-10 08:48:43.922222
6116,654,,2025-06-09 01:27:38.480020
6117,665,530.52,2026-05-18 11:49:51.867949
6118,415,977.58,2025-10-20 05:46:20.551760
6119,933,1501.11,2025-09-11 04:40:37.959485
6120,415,1501.67,2025-10-08 13:07:18.403363
6121,415,2868.76,2025-09-27 21:36:34.009141
6122,200,888.82,2025-09-02 13:08:53.570711
6123,267,2523.19,2025-06-06 20:25:57.104701
6124,13,1725.94,2025-06-04 19:13:47.837667
6125,570,6532.22,2025-07-27 02:17:51.874992
6126,200,973.19,2026-03-31 04:17:41.014605
6127,263,4629.65,2025-08-05 08:05:00.854503
6128,744,3436.75,2026-05-17 20:16:52.888142
6129,293,2030.37,2026-04-04 21:58:46.436847
6130,200,2125.61,2025-09-21 19:29:22.261442
6131,200,176.9,2025-10-11 16:15:49.410161
6132,746,6000.47,2026-02-11 20:49:33.825795
6133,135,,2025-09-20 11:24:12.108584
6134,415,1656.71,2025-11-22 00:29:51.255827
6135,442,801.17,2025-12-14 18:39:23.379943
6136,624,1123.72,2025-08-26 12:24:56.265859
6137,570,1884.16,2025-09-14 17:30:33.485767
6138,778,4790.53,2026-02-04 07:51:53.913311
6139,17,1223.38,2025-12-24 08:01:55.464403
6140,245,8801.12,2025-08-20 18:16:57.091873
6141,229,1796.96,2026-05-19 05:36:59.515837
6142,170,350.03,2026-04-30 17:38:38.768304
6143,240,421.47,2026-02-28 20:09:43.713749
6144,271,2518.34,2025-12-23 14:31:35.036898
6145,457,103.42,2025-12-29 22:43:59.240665
6146,591,1309.17,2026-04-25 05:35:37.544406
6147,365,320.85,2025-08-29 06:06:39.210364
6148,705,1135.56,2025-06-23 15:42:41.628940
6149,296,2771.93,2026-04-13 23:31:22.671458
6150,241,1227.98,2025-11-23 02:02:00.605032
6151,483,356.94,2025-07-26 16:46:35.312427
6152,1,580.51,2025-09-09 14:37:41.105561
6153,56,916.28,2025-12-16 21:44:59.482036
6154,379,144.2,2025-05-31 16:25:55.259275
6155,954,1755.76,2026-01-28 22:31:26.852686
6156,705,1870.61,2026-02-06 10:14:33.806341
6157,67,128.33,2025-07-20 15:09:24.106461
6158,829,1029.37,2025-08-11 11:09:02.652744
6159,711,1068.87,2026-01-12 09:51:00.637676
6160,543,812.39,2025-08-05 10:04:11.724893
6161,792,1631.71,2025-06-19 01:41:52.268153
6162,365,849.17,2025-11-20 02:40:03.318907
6163,200,1077.11,2026-03-23 09:44:12.542766
6164,451,3194.26,2025-12-14 18:49:14.995235
6165,483,353.74,2026-02-26 08:21:55.873196
6166,483,1930.51,2026-05-27 11:40:00.759517
6167,483,1408.8,2025-10-12 06:39:15.931766
6168,963,727.89,2025-07-20 15:49:08.736140
6169,914,2600.49,2026-03-11 00:32:49.567865
6170,884,1602.3,2025-09-28 22:46:34.927615
6171,767,1297.73,2025-08-01 19:15:09.278814
6172,955,2203.25,2025-12-07 07:26:50.125292
6173,81,3241.91,2025-06-26 06:46:41.990108
6174,229,7199.45,2026-04-11 09:14:44.941128
6175,421,,2026-01-19 07:49:41.754987
6176,829,4149.94,2026-04-10 13:59:39.909030
6177,442,2.18,2025-09-14 21:25:46.563826
6178,733,1511.05,2025-06-20 04:07:43.465299
6179,155,483.25,2025-06-16 05:48:18.290225
6180,206,,2025-09-07 05:46:22.764612
6181,711,1518.45,2026-04-23 11:44:35.185269
6182,200,2747.36,2025-08-11 04:18:20.566742
6183,324,1062.98,2026-04-06 19:53:17.969904
6184,229,2217.98,2026-03-17 07:45:46.411559
6185,323,1345.59,2025-07-14 14:04:15.318456
6186,679,1149.26,2025-08-13 01:21:28.833747
6187,346,685.7,2026-03-16 03:29:09.026584
6188,483,964.46,2026-01-26 10:15:17.869692
6189,84,860.94,2025-06-18 19:41:35.007095
6190,771,2077.97,2026-02-25 20:58:06.049687
6191,347,246.64,2025-10-26 23:09:46.083900
6192,577,194.42,2025-06-19 04:24:15.195615
6193,708,2157.7,2025-06-21 19:02:18.974298
6194,200,1580.63,2026-03-17 19:36:37.231487
6195,899,1124.94,2026-02-12 11:03:05.096533
6196,552,330.79,2026-05-25 05:38:41.776725
6197,391,1058.75,2025-08-23 11:36:37.152358
6198,200,3118.74,2025-12-08 03:16:34.660140
6199,953,4407.68,2026-04-16 13:14:02.714357
6200,733,2425.2,2025-11-11 05:03:56.264219
6201,200,123.56,2026-03-23 21:52:40.365636
6202,297,2219.81,2026-04-18 14:37:07.438913
6203,776,551.47,2026-02-23 00:41:39.239779
6204,644,757.41,2025-11-07 18:38:09.465987
6205,740,436.0,2026-01-08 23:47:05.945696
6206,408,2990.04,2025-06-18 13:52:27.324175
6207,700,2091.67,2026-03-07 07:08:30.374213
6208,365,1892.65,2025-07-17 15:23:46.179175
6209,200,2205.08,2026-01-01 02:27:12.815656
6210,570,540.4,2026-02-10 23:55:37.242299
6211,975,1176.29,2025-08-01 15:04:18.076450
6212,272,2006.17,2026-01-28 12:47:52.664942
6213,415,,2026-01-09 12:07:04.441357
6214,605,3139.01,2025-08-03 13:14:55.338352
6215,483,676.84,2026-05-06 05:39:11.412135
6216,824,,2025-12-25 09:31:15.851009
6217,740,1160.3,2026-05-05 18:58:29.021748
6218,33,2218.37,2026-03-30 15:06:14.173496
6219,995,1216.58,2026-02-17 17:27:48.520802
6220,733,5936.63,2025-12-12 23:40:06.003331
6221,849,395.2,2026-03-10 21:53:33.744604
6222,577,2247.89,2025-10-10 21:05:42.883095
6223,830,1718.57,2025-09-17 05:49:08.043625
6224,105,379.25,2025-07-01 02:12:33.909962
6225,318,136.57,2026-01-06 00:35:36.106696
6226,886,3210.34,2026-02-08 09:48:55.465261
6227,200,342.65,2025-11-16 16:23:13.897238
6228,56,412.84,2025-11-06 04:18:45.620956
6229,760,7673.3,2026-01-31 07:57:20.846643
6230,809,2526.46,2025-09-27 18:19:40.370490
6231,200,576.66,2025-09-15 15:44:38.008025
6232,829,1787.83,2025-07-11 23:36:39.369831
6233,623,1527.62,2026-01-12 09:46:49.430217
6234,457,3721.88,2026-01-15 11:10:39.180819
6235,798,2613.64,2025-06-19 01:04:58.042868
6236,379,3564.27,2026-02-25 17:23:10.001071
6237,200,475.26,2026-01-11 12:36:28.555895
6238,236,2044.52,2025-07-22 16:41:27.098498
6239,442,,2026-05-19 23:04:54.553351
6240,474,142.86,2025-11-12 23:01:20.007972
6241,772,2500.22,2025-06-25 19:02:45.502964
6242,761,49.45,2025-06-01 09:09:41.305480
6243,517,1733.88,2026-01-06 16:37:28.253863
6244,751,,2026-05-04 08:13:36.800306
6245,200,955.88,2025-08-26 17:41:19.927907
6246,24,91.75,2025-07-16 17:31:28.708316
6247,877,2502.46,2025-12-28 03:37:58.327513
6248,55,5309.58,2025-10-05 04:48:23.013001
6249,200,2525.83,2025-08-23 11:42:04.603751
6250,643,1727.62,2025-11-16 13:10:57.202409
6251,369,522.8,2025-11-29 20:12:23.803123
6252,886,30.99,2025-08-18 09:58:38.751235
6253,247,2372.74,2026-01-04 06:50:52.772724
6254,1,525.4,2025-06-25 07:46:11.342038
6255,254,3906.15,2025-09-12 23:35:01.091449
6256,508,1256.08,2026-05-01 12:42:19.783567
6257,357,1512.75,2025-07-18 16:46:56.644220
6258,480,2804.33,2026-01-11 03:42:09.210239
6259,886,3023.09,2026-01-04 05:56:00.439739
6260,929,2058.08,2025-09-11 20:07:44.326679
6261,229,5575.22,2026-05-04 15:26:30.505152
6262,415,8068.2,2026-03-10 14:42:31.143530
6263,483,5870.61,2025-11-17 04:48:14.274517
6264,963,3476.58,2026-03-15 05:38:16.600649
6265,996,2445.8,2025-06-12 16:19:30.125493
6266,200,2177.28,2025-06-02 06:35:59.556123
6267,710,219.07,2025-08-23 22:49:18.277868
6268,361,633.49,2025-09-27 23:29:20.336394
6269,1,11.41,2025-11-02 09:46:16.081337
6270,1,295.63,2026-02-08 05:35:57.407917
6271,415,1156.89,2025-12-03 10:22:00.711798
6272,415,316.91,2025-10-02 09:01:31.562239
6273,1,4638.72,2025-06-05 03:34:16.365497
6274,623,3276.7,2025-06-04 10:22:12.748079
6275,244,148.61,2025-09-19 02:36:37.235144
6276,483,572.47,2025-09-22 16:22:34.117987
6277,255,3419.31,2025-10-25 10:11:32.413581
6278,200,3249.57,2025-08-29 04:46:53.472987
6279,365,5817.3,2026-01-17 01:09:13.673934
6280,200,12021.51,2026-03-04 05:15:42.728131
6281,480,7482.04,2026-01-17 21:00:39.473120
6282,200,1055.73,2026-02-07 21:01:28.827856
6283,444,576.24,2025-05-31 19:58:37.025814
6284,191,2841.03,2025-12-17 08:29:59.549099
6285,602,711.27,2025-11-13 21:03:48.789575
6286,733,3283.93,2026-02-05 01:02:24.146907
6287,103,1526.95,2026-03-30 02:51:37.043113
6288,415,3159.05,2026-02-02 10:40:31.184110
6289,47,645.6,2025-10-11 21:08:56.471184
6290,540,1418.66,2025-07-22 11:31:51.649298
6291,229,1660.34,2026-04-26 07:05:53.286537
6292,471,5733.2,2026-05-29 23:59:37.689852
6293,457,620.12,2025-12-12 07:10:26.439574
6294,937,5519.37,2025-10-26 00:25:46.767576
6295,483,3268.06,2026-05-20 22:19:42.052466
6296,519,2625.3,2025-11-19 04:06:31.534573
6297,365,3091.71,2025-07-21 07:40:32.733816
6298,963,1859.89,2025-06-24 09:18:06.003865
6299,751,559.64,2025-12-18 19:30:02.620902
6300,238,420.2,2025-06-27 19:41:13.760747
6301,826,4024.93,2025-06-15 19:15:19.245165
6302,396,2582.98,2026-01-20 00:43:19.418976
6303,795,,2026-05-05 10:13:04.676882
6304,793,1909.51,2026-05-04 04:11:09.195406
6305,200,1186.77,2025-12-18 11:05:46.015966
6306,661,345.51,2026-03-05 00:46:06.772702
6307,242,,2026-01-10 23:38:02.689766
6308,247,661.23,2026-02-26 13:27:30.519008
6309,245,202.39,2026-05-15 01:01:46.473764
6310,709,1258.31,2025-10-21 23:30:56.459445
6311,200,1783.73,2026-04-20 06:44:39.944777
6312,1,96.08,2025-07-09 22:55:45.451794
6313,696,1028.64,2026-02-06 06:18:14.582367
6314,200,595.9,2026-03-03 09:33:41.729470
6315,97,62.26,2026-05-08 00:42:51.022616
6316,200,268.58,2026-05-02 17:14:12.739384
6317,365,299.4,2026-01-13 03:14:59.563146
6318,415,403.92,2025-12-18 01:51:45.952078
6319,17,3252.94,2025-08-04 12:17:30.742638
6320,973,1157.82,2025-06-27 20:08:07.266778
6321,699,318.19,2026-04-30 05:43:25.599813
6322,291,211.38,2025-09-28 02:10:56.782876
6323,288,707.47,2026-03-13 17:04:15.078946
6324,415,3199.13,2025-07-31 18:41:21.169875
6325,567,906.56,2026-03-14 08:53:50.219783
6326,171,348.46,2025-11-12 00:20:49.065604
6327,200,1035.42,2025-11-21 19:25:42.629342
6328,837,1620.76,2026-01-28 18:38:27.182088
6329,207,60.06,2026-05-28 07:24:20.658848
6330,365,1975.8,2026-04-07 06:58:23.265884
6331,871,1005.39,2025-12-11 23:28:55.826437
6332,591,19.55,2025-12-25 21:33:01.037748
6333,305,2241.04,2025-09-18 23:21:14.215773
6334,618,2492.28,2025-12-16 08:32:40.652044
6335,1,1982.24,2026-03-13 17:09:20.874268
6336,716,836.89,2026-01-03 05:13:08.148337
6337,415,1508.36,2025-07-06 20:18:56.418196
6338,783,979.3,2026-02-12 19:13:20.237827
6339,963,2412.09,2026-01-19 00:30:11.486317
6340,939,1752.12,2025-09-17 00:31:07.681005
6341,924,170.68,2026-05-15 14:16:21.227323
6342,451,2060.56,2025-07-13 14:40:05.819490
6343,333,2324.63,2025-12-19 12:28:08.055103
6344,415,926.3,2025-08-22 13:01:54.240768
6345,632,4171.5,2025-06-17 17:33:26.835490
6346,899,3703.2,2026-03-25 04:59:09.869807
6347,200,385.15,2025-08-26 22:37:38.469452
6348,936,4692.37,2025-11-17 01:11:08.296921
6349,789,1162.76,2025-07-15 18:01:35.943675
6350,977,2572.9,2026-05-08 18:12:55.074486
6351,890,3365.06,2026-05-29 19:53:05.434549
6352,229,1406.85,2025-09-02 17:24:51.100352
6353,98,1018.66,2025-07-07 12:57:08.806669
6354,105,4940.86,2025-12-28 09:35:05.663551
6355,242,524.95,2026-04-03 22:54:00.551668
6356,547,,2026-04-29 23:40:37.272721
6357,770,897.64,2025-12-09 11:56:35.223968
6358,914,3924.61,2026-02-03 08:47:09.451190
6359,565,5586.83,2026-02-20 07:41:40.345065
6360,1,497.1,2025-10-10 16:20:00.447109
6361,200,3988.29,2026-03-31 12:12:59.119191
6362,84,597.36,2026-01-04 09:00:51.593522
6363,334,7056.33,2025-11-02 05:22:24.599665
6364,434,1819.66,2026-03-21 19:27:46.177938
6365,16,14.22,2025-06-06 08:56:58.393674
6366,319,69.45,2026-02-15 11:38:01.737768
6367,200,319.13,2025-09-29 15:35:48.719795
6368,577,415.46,2025-07-24 14:23:42.471348
6369,415,2918.76,2025-06-26 15:56:50.072971
6370,421,504.03,2026-01-25 00:47:13.151766
6371,389,6956.69,2025-06-07 21:40:57.255973
6372,963,2021.82,2026-02-05 01:09:27.988721
6373,200,2358.67,2025-09-10 07:10:46.373639
6374,457,491.33,2025-10-22 16:58:33.754397
6375,716,4464.37,2026-02-25 19:17:21.159631
6376,483,2204.12,2026-04-19 18:18:20.428971
6377,939,3996.17,2026-03-20 03:14:22.494797
6378,361,6269.12,2025-12-24 16:25:47.720302
6379,415,268.53,2026-04-22 13:35:41.856580
6380,68,203.15,2025-07-21 12:23:47.479669
6381,543,3253.25,2026-05-15 15:13:00.113559
6382,240,4021.71,2025-12-30 16:24:16.440710
6383,198,1752.99,2025-09-16 06:00:21.712842
6384,483,911.41,2026-02-12 14:42:53.294170
6385,474,2114.73,2026-05-19 14:40:41.753066
6386,55,729.6,2025-07-17 12:02:32.140061
6387,652,544.63,2026-02-05 22:51:21.234011
6388,565,1339.43,2026-02-02 13:35:08.557870
6389,200,487.08,2026-04-09 14:28:17.598018
6390,415,1322.15,2025-10-09 08:48:45.881454
6391,705,6274.89,2025-07-27 23:29:07.848126
6392,474,,2025-07-13 19:33:22.022565
6393,365,5681.94,2026-05-15 23:14:05.813945
6394,291,3283.19,2025-06-02 06:06:39.494020
6395,543,876.24,2025-11-15 00:43:44.185669
6396,945,3343.11,2026-04-26 18:10:26.305178
6397,604,5125.71,2025-11-28 10:23:59.262780
6398,53,5876.28,2025-07-20 03:35:10.114554
6399,415,2298.96,2025-12-26 09:03:12.262584
6400,903,474.91,2026-02-09 00:26:43.273754
6401,74,81.08,2026-01-16 07:57:40.566389
6402,986,318.46,2025-12-22 16:29:35.070955
6403,963,6736.31,2026-01-04 11:50:20.024643
6404,56,1240.15,2025-07-31 23:23:09.253726
6405,940,3861.85,2025-05-31 02:34:07.540315
6406,333,1251.14,2025-06-22 14:26:23.456425
6407,828,2162.43,2026-05-07 15:37:05.187682
6408,379,48.87,2026-02-07 11:40:53.624440
6409,407,575.0,2026-03-03 20:05:19.450491
6410,570,1146.36,2025-08-12 02:22:43.409410
6411,746,1991.92,2025-07-26 18:32:49.871691
6412,5,376.33,2025-10-14 07:40:19.316408
6413,534,2892.53,2026-04-26 16:02:34.709283
6414,200,906.39,2026-03-08 11:39:41.866431
6415,312,3401.3,2026-05-12 21:21:19.242869
6416,318,206.21,2026-05-13 02:00:35.358793
6417,415,2277.35,2026-01-11 05:44:22.167194
6418,296,694.38,2025-11-13 01:41:11.300207
6419,98,,2025-11-27 01:21:23.180124
6420,170,1028.9,2025-09-14 12:53:14.783050
6421,5,2189.34,2026-05-09 18:19:49.984340
6422,415,5445.47,2026-05-21 18:23:31.361191
6423,963,41.68,2026-03-22 23:41:15.976577
6424,109,22.36,2025-06-03 17:48:07.034166
6425,963,2941.78,2025-09-26 15:54:50.833800
6426,711,2079.14,2026-04-28 10:46:04.441301
6427,575,693.39,2025-06-25 02:37:53.144267
6428,577,1364.01,2026-05-05 09:26:20.282776
6429,793,85.68,2025-07-06 19:02:52.366149
6430,98,427.49,2025-10-21 23:20:33.390524
6431,441,1105.02,2025-07-16 08:27:12.909801
6432,649,3592.07,2025-08-31 12:37:59.346081
6433,521,1306.57,2025-10-01 11:32:40.522576
6434,805,1765.53,2026-02-12 14:39:25.939562
6435,47,4139.04,2025-12-16 16:49:10.503500
6436,633,738.71,2026-01-26 01:52:13.722454
6437,479,2412.61,2025-06-08 00:34:58.105260
6438,365,3956.19,2025-10-13 20:08:28.293594
6439,301,452.84,2025-10-06 07:39:24.521355
6440,562,,2026-03-03 09:20:37.448578
6441,903,7805.15,2025-08-01 14:17:36.199885
6442,423,8174.96,2025-09-23 11:10:06.786700
6443,793,505.22,2026-01-15 16:56:57.487172
6444,365,137.51,2026-03-04 11:11:59.406057
6445,92,631.95,2026-04-11 21:03:16.847744
6446,34,1014.11,2026-03-22 04:28:25.727596
6447,24,1163.23,2026-01-16 04:52:23.875671
6448,365,,2026-03-20 21:16:37.521101
6449,297,4595.25,2026-02-02 10:43:44.731260
6450,705,801.99,2025-12-05 14:09:51.796540
6451,730,,2026-04-24 15:37:55.075505
6452,24,196.28,2026-05-14 22:12:19.595547
6453,200,85.55,2026-01-10 21:26:32.635574
6454,229,1402.54,2026-01-16 20:24:37.549240
6455,483,123.03,2026-04-29 02:06:46.482605
6456,170,996.77,2026-05-24 07:30:33.426698
6457,141,4541.75,2025-11-12 15:06:25.978193
6458,956,552.78,2025-07-04 18:36:40.245501
6459,769,2448.19,2026-03-16 21:17:04.446138
6460,200,720.12,2026-04-17 01:03:54.282959
6461,365,91.92,2025-11-26 11:44:49.615715
6462,331,1626.97,2026-02-12 10:49:54.437645
6463,761,3601.84,2026-03-08 19:32:50.791377
6464,447,1053.46,2025-12-16 19:25:00.789169
6465,132,1920.98,2025-12-14 22:05:19.763319
6466,724,4605.64,2025-08-18 16:58:38.570595
6467,365,3118.39,2026-04-29 19:08:04.626985
6468,227,431.04,2026-05-26 19:00:30.421833
6469,357,2643.89,2025-07-17 22:14:17.033187
6470,424,1393.88,2026-02-01 21:28:09.041641
6471,307,2740.58,2025-12-21 08:54:26.889362
6472,200,1364.48,2025-07-14 01:11:38.759284
6473,365,273.84,2026-05-25 05:50:47.606475
6474,1,1687.52,2025-09-04 20:56:30.393848
6475,746,1355.08,2026-04-10 20:30:50.928735
6476,200,1459.3,2025-07-31 10:01:41.114631
6477,17,4222.32,2025-11-25 23:33:19.762883
6478,577,4504.49,2025-08-17 16:24:54.864461
6479,746,1208.58,2025-09-18 15:38:01.228358
6480,786,1216.63,2026-02-04 04:40:04.965897
6481,416,1447.98,2026-05-06 20:34:59.453078
6482,200,1466.23,2026-02-04 08:11:46.474778
6483,719,6007.01,2026-01-17 13:21:08.093306
6484,657,2096.22,2025-11-01 13:16:46.076082
6485,200,649.96,2026-03-20 01:47:30.491091
6486,914,1516.6,2025-08-03 14:54:58.959499
6487,96,1973.55,2025-12-30 15:00:05.513551
6488,977,2042.03,2025-07-30 19:37:39.812102
6489,840,1760.18,2026-03-24 10:39:31.688141
6490,626,391.39,2025-12-05 19:36:13.253503
6491,944,68.34,2025-08-11 13:51:36.535969
6492,705,824.51,2025-06-30 09:50:05.982754
6493,200,1115.56,2025-11-09 21:45:54.747781
6494,411,127.59,2026-04-27 07:00:24.815480
6495,47,3374.45,2026-05-21 03:29:40.792912
6496,365,843.43,2025-11-10 08:20:03.404662
6497,729,4898.29,2026-02-04 19:38:40.854499
6498,365,335.44,2026-03-08 11:05:06.608411
6499,296,117.24,2025-10-24 04:57:49.577422
6500,536,1316.78,2025-10-01 06:29:46.994464
6501,872,419.29,2026-03-22 07:25:59.360335
6502,21,5541.96,2026-02-28 01:54:01.835885
6503,365,20.71,2026-01-10 02:48:39.798139
6504,193,1064.17,2025-10-06 12:54:30.041266
6505,643,5227.69,2025-07-15 09:22:56.153213
6506,98,970.37,2025-06-13 13:11:34.296149
6507,593,195.47,2026-04-24 20:41:23.547385
6508,239,721.64,2025-10-03 13:05:31.162536
6509,200,1378.35,2025-09-27 10:54:41.015350
6510,942,409.51,2025-09-17 04:02:53.230327
6511,1,1256.82,2026-05-05 20:53:47.998238
6512,401,3619.97,2025-06-26 17:20:41.978895
6513,1,4121.13,2025-10-07 14:04:47.918445
6514,415,101.03,2026-03-18 16:49:50.860690
6515,434,350.86,2026-01-02 23:27:47.989948
6516,291,643.97,2026-01-04 02:50:14.386543
6517,138,1807.07,2025-11-02 01:08:07.441118
6518,357,895.69,2026-03-29 12:53:57.898541
6519,604,3716.32,2025-11-23 00:13:47.928201
6520,752,2522.3,2026-01-28 07:45:11.088046
6521,474,211.73,2025-06-14 23:08:59.117009
6522,524,1959.3,2025-08-16 04:37:52.499166
6523,200,239.85,2025-10-08 06:33:37.999143
6524,240,588.84,2025-07-24 11:27:12.620975
6525,200,391.72,2025-06-13 06:16:59.129418
6526,200,380.05,2025-06-23 04:47:28.068177
6527,200,1916.29,2025-10-16 18:28:31.456567
6528,457,1658.41,2025-11-25 18:17:37.536323
6529,483,387.24,2025-07-05 18:29:43.140571
6530,959,9245.2,2025-10-28 18:18:21.744718
6531,200,1095.8,2025-11-15 04:00:12.050138
6532,577,204.22,2025-09-27 06:18:13.939268
6533,791,256.96,2025-08-27 20:36:12.907045
6534,483,1753.63,2025-10-27 20:35:14.529616
6535,206,7733.09,2025-12-15 03:18:03.653891
6536,225,1697.04,2025-08-23 22:17:07.705274
6537,12,5953.49,2025-06-29 09:42:22.960176
6538,267,1174.45,2025-07-28 01:20:20.765627
6539,731,1144.84,2025-10-20 16:52:41.433885
6540,20,1386.32,2025-12-14 16:52:08.320081
6541,200,2390.86,2026-03-29 15:45:23.372586
6542,671,916.52,2025-11-29 21:59:07.483736
6543,752,3988.53,2026-05-03 17:14:30.293018
6544,415,59.44,2025-07-04 08:51:51.107621
6545,652,1158.8,2026-04-30 23:42:39.735910
6546,365,1430.75,2026-02-17 23:33:42.086277
6547,196,1868.06,2025-07-18 13:06:16.706214
6548,365,646.13,2026-03-26 04:15:47.661312
6549,513,1115.42,2025-10-12 16:16:02.152621
6550,963,1325.38,2026-04-14 04:20:37.395896
6551,42,2322.53,2026-03-11 17:56:43.974643
6552,442,2970.41,2026-03-01 12:29:55.165200
6553,294,2677.5,2026-05-03 06:40:19.655416
6554,444,835.83,2025-12-19 08:14:41.236326
6555,1,15013.09,2026-03-27 11:54:32.185693
6556,280,3776.52,2025-06-04 07:41:07.265620
6557,792,602.27,2025-06-02 04:55:58.073439
6558,483,,2025-11-30 00:50:37.754502
6559,415,753.82,2025-11-14 00:04:49.854098
6560,239,1204.22,2025-12-08 15:54:46.149531
6561,247,3804.93,2026-04-03 08:20:54.906789
6562,365,3013.42,2026-02-13 04:51:46.584437
6563,809,3810.92,2026-04-05 09:00:32.450681
6564,965,634.79,2025-06-05 06:38:11.556847
6565,402,1800.15,2026-04-18 18:46:28.125491
6566,365,666.05,2025-07-11 16:39:02.087093
6567,829,230.87,2025-07-19 01:04:49.705823
6568,388,2305.28,2026-02-03 12:54:07.815290
6569,483,308.63,2026-03-31 15:01:51.603262
6570,200,2203.42,2025-11-13 03:45:28.330634
6571,730,2088.05,2026-03-21 17:37:24.677460
6572,474,3324.08,2025-07-26 02:13:48.411716
6573,776,300.61,2026-03-11 20:10:14.080194
6574,751,3060.15,2025-10-29 08:39:54.441269
6575,200,14462.89,2026-03-29 21:32:52.416169
6576,697,3808.19,2026-02-20 13:44:39.367148
6577,767,2787.14,2025-12-11 16:47:13.573883
6578,312,2170.4,2026-01-16 17:17:17.912960
6579,200,1095.61,2025-06-04 09:13:41.132829
6580,1,2622.38,2026-03-13 00:08:03.773009
6581,415,2576.0,2025-12-24 22:40:37.546960
6582,327,1996.62,2025-06-04 03:16:37.333140
6583,483,3182.0,2025-08-06 12:05:22.395624
6584,200,1191.18,2025-09-19 14:30:18.531626
6585,838,258.52,2026-04-01 12:32:36.278765
6586,212,1637.73,2025-12-24 22:58:40.017876
6587,200,615.89,2026-01-20 19:09:38.930933
6588,415,970.42,2025-08-24 03:52:15.986806
6589,428,35.14,2025-12-09 08:23:02.547366
6590,200,965.09,2026-05-01 09:24:17.714302
6591,229,,2025-05-31 14:08:30.743413
6592,200,1564.93,2025-10-24 10:26:26.338096
6593,705,19.7,2025-08-25 13:24:24.136336
6594,744,1269.17,2026-02-05 13:31:58.056999
6595,415,689.07,2025-08-06 12:33:39.759980
6596,692,1298.45,2025-10-24 04:40:26.606282
6597,716,1037.36,2025-10-01 04:39:23.620772
6598,152,5375.88,2025-06-27 10:11:16.326883
6599,965,84.1,2026-01-04 11:03:18.725855
6600,793,2301.42,2025-10-06 18:15:47.049267
6601,200,,2025-09-23 01:47:00.400956
6602,200,6400.04,2025-10-26 08:18:22.194284
6603,131,391.14,2026-03-09 16:27:00.256094
6604,153,1515.61,2025-07-11 14:47:21.126305
6605,733,89.14,2026-05-17 08:17:16.099261
6606,415,1383.03,2026-04-23 22:13:04.695024
6607,752,268.11,2026-01-11 12:48:58.982683
6608,733,3639.04,2025-08-31 18:41:32.069275
6609,543,241.78,2026-05-15 18:19:29.934193
6610,621,1440.17,2026-03-30 09:13:31.733401
6611,1,1472.51,2026-04-13 04:07:01.309644
6612,275,7126.29,2025-12-26 17:06:28.876034
6613,576,2128.31,2025-10-14 02:28:54.319530
6614,1,678.91,2025-06-16 12:29:54.986943
6615,5,550.98,2025-09-12 15:04:28.282857
6616,829,274.5,2025-12-09 19:03:08.291185
6617,618,2825.4,2026-05-18 16:52:27.729388
6618,229,2347.25,2026-01-21 01:16:00.192128
6619,626,1882.59,2025-07-20 00:58:05.888049
6620,761,83.4,2025-10-30 22:47:43.143901
6621,267,2877.95,2025-07-04 09:22:39.748635
6622,8,2053.82,2026-05-09 11:37:16.716299
6623,939,6642.31,2026-02-28 22:31:04.563025
6624,312,1769.59,2025-08-30 11:44:01.325733
6625,98,724.67,2026-03-14 01:37:54.218256
6626,415,960.98,2026-05-08 11:15:58.584412
6627,743,386.78,2026-05-22 18:14:47.289914
6628,200,2566.86,2025-11-01 07:03:50.114448
6629,229,2460.1,2026-03-11 07:39:47.327438
6630,200,447.91,2025-06-05 01:27:26.275390
6631,986,345.11,2026-02-19 17:43:12.407650
6632,200,160.26,2026-05-02 10:37:22.859835
6633,504,4860.29,2026-02-20 03:44:38.113800
6634,938,530.72,2025-06-25 08:04:50.267616
6635,172,843.69,2025-12-15 12:20:38.911368
6636,973,658.41,2026-05-03 08:38:33.588646
6637,963,1067.59,2026-02-20 03:55:44.509067
6638,899,2503.87,2025-09-22 22:44:35.927667
6639,200,4089.63,2025-11-23 12:00:09.731766
6640,570,403.25,2026-04-01 08:32:40.071465
6641,740,2319.35,2026-05-01 18:35:18.221468
6642,981,869.46,2026-03-31 08:42:08.065647
6643,200,7877.47,2025-07-24 15:48:27.612299
6644,740,710.26,2026-03-02 20:29:05.240894
6645,298,14.44,2025-09-03 02:57:14.646805
6646,200,1449.85,2025-06-29 04:28:17.675237
6647,379,326.76,2025-12-13 18:46:03.088194
6648,761,91.03,2025-09-18 14:02:34.746307
6649,415,2396.44,2025-12-23 06:56:03.184541
6650,483,2635.47,2025-10-17 04:53:41.312611
6651,987,1234.96,2025-09-27 03:26:17.656807
6652,365,2259.5,2026-04-12 23:26:10.735659
6653,551,1545.42,2026-01-30 05:40:55.710939
6654,340,1987.43,2025-07-18 12:23:26.801688
6655,365,1816.17,2025-10-20 18:10:22.614039
6656,644,,2025-11-12 03:50:29.952739
6657,944,445.36,2026-04-14 07:57:26.128095
6658,483,625.88,2025-12-02 12:44:07.287288
6659,743,1159.51,2025-12-15 04:14:18.096190
6660,68,1181.64,2025-09-03 13:30:57.242443
6661,200,2978.09,2026-01-18 23:02:59.588186
6662,435,915.81,2025-07-20 05:50:13.938532
6663,1,354.68,2026-03-29 12:49:58.636559
6664,206,579.28,2025-06-25 17:39:42.347963
6665,457,483.46,2025-10-03 18:47:18.922058
6666,1,2631.0,2026-03-05 04:35:53.332306
6667,229,1271.04,2025-08-09 17:49:49.462469
6668,455,2466.33,2025-07-25 11:37:12.584171
6669,500,1076.46,2025-07-15 04:30:10.333678
6670,939,4409.75,2025-10-05 22:27:59.600887
6671,577,8211.25,2025-12-12 01:19:50.985170
6672,376,2216.37,2026-05-29 16:39:27.286783
6673,939,3987.45,2026-04-21 01:39:15.166606
6674,757,1418.28,2025-08-18 07:34:23.753328
6675,200,5455.1,2026-04-19 04:35:02.572455
6676,136,3562.67,2026-05-11 20:59:05.242357
6677,609,9602.02,2026-05-25 23:17:17.899214
6678,483,1951.52,2026-04-08 08:42:46.586993
6679,760,3021.06,2025-09-24 09:24:12.831333
6680,724,1565.57,2026-02-12 02:26:34.623666
6681,567,599.83,2026-01-25 00:41:18.616807
6682,981,876.25,2026-01-15 19:10:11.829580
6683,478,4488.73,2025-07-24 02:56:02.228261
6684,105,115.15,2026-03-09 08:31:29.989661
6685,794,1790.43,2025-10-25 19:57:12.663249
6686,206,931.97,2025-10-19 11:40:21.755677
6687,751,977.78,2026-05-16 18:56:50.677818
6688,963,4318.2,2026-02-09 16:24:20.333251
6689,648,3845.87,2025-11-07 20:45:13.203468
6690,539,1826.8,2026-02-08 16:20:26.083323
6691,415,637.43,2025-08-12 16:45:09.489013
6692,337,1290.45,2025-10-03 01:41:44.106312
6693,328,1049.49,2026-05-10 16:11:59.510757
6694,572,872.73,2025-11-30 10:08:26.072468
6695,733,216.92,2026-02-10 04:03:00.683351
6696,613,1566.64,2026-01-12 21:01:46.402759
6697,200,718.59,2025-07-23 00:26:49.232522
6698,418,2162.38,2025-11-21 01:22:34.500888
6699,761,768.98,2026-04-26 01:23:52.250844
6700,415,1128.32,2026-01-26 04:28:46.031207
6701,483,107.56,2026-01-20 08:02:08.026792
6702,744,9795.88,2026-02-18 17:39:20.653536
6703,587,1416.97,2025-07-20 08:38:45.308108
6704,369,49.07,2025-06-01 22:44:50.345386
6705,908,1558.42,2026-01-19 09:47:39.282265
6706,200,4085.9,2025-10-23 08:34:38.229084
6707,987,2961.67,2025-06-05 05:25:27.224309
6708,118,2414.0,2025-09-30 02:52:13.191603
6709,1,300.4,2026-05-19 03:32:10.245788
6710,903,2144.35,2025-06-07 13:07:02.936605
6711,200,2907.42,2025-07-03 14:20:39.684598
6712,711,1699.22,2025-12-30 04:36:38.071249
6713,778,,2025-10-02 16:09:06.374352
6714,835,648.66,2025-07-23 13:08:23.082453
6715,986,554.53,2025-11-21 23:47:28.245764
6716,244,4073.83,2025-09-17 02:05:02.070894
6717,685,1963.78,2026-01-23 01:43:57.129729
6718,109,2.9,2026-01-18 19:51:08.114106
6719,365,871.22,2025-08-01 01:16:24.802425
6720,829,3901.83,2025-08-10 01:30:57.886415
6721,346,55.4,2025-10-12 09:48:42.295579
6722,526,6.51,2026-01-20 12:43:17.591731
6723,441,660.51,2026-05-09 04:55:03.451508
6724,577,4906.82,2025-07-02 11:14:57.388533
6725,973,4634.94,2025-07-06 00:01:47.096029
6726,30,1462.79,2026-01-03 06:16:54.032810
6727,502,,2025-09-17 07:49:33.862989
6728,848,806.96,2025-09-13 17:56:39.553592
6729,415,558.73,2026-03-11 10:13:50.514122
6730,56,3377.2,2026-04-04 22:21:02.639370
6731,483,224.76,2025-06-24 10:52:58.760103
6732,296,1336.34,2025-07-16 18:24:48.973884
6733,191,2012.42,2025-10-08 08:32:50.120090
6734,829,218.92,2025-12-18 14:55:45.189507
6735,457,1466.3,2025-06-15 18:23:34.347281
6736,939,1723.23,2025-09-15 08:00:29.187114
6737,772,2713.44,2025-08-23 17:16:16.515107
6738,639,535.33,2025-12-19 17:33:34.549749
6739,1,694.38,2025-12-24 04:03:57.564609
6740,389,1685.71,2026-05-01 11:29:39.435745
6741,200,8164.01,2026-05-17 19:37:01.131995
6742,928,490.51,2025-08-02 05:45:50.430763
6743,200,8523.7,2026-04-15 09:44:16.969291
6744,239,2505.92,2026-05-29 20:08:52.289161
6745,457,3498.34,2025-09-30 05:00:56.316398
6746,228,187.83,2025-12-28 04:40:26.217344
6747,200,714.55,2025-07-14 03:39:29.675621
6748,543,118.94,2025-11-07 06:31:22.154147
6749,68,928.99,2025-11-22 00:04:41.267591
6750,33,,2025-06-19 08:44:07.322582
6751,350,222.47,2026-05-04 09:02:41.339568
6752,705,1652.78,2025-06-17 20:55:06.902233
6753,483,12.18,2025-08-12 17:39:19.852489
6754,381,2494.34,2025-06-10 01:40:50.471147
6755,483,439.28,2026-03-26 08:10:04.290240
6756,340,277.57,2026-03-18 18:26:13.327813
6757,942,822.01,2025-07-19 14:16:29.348312
6758,28,2948.45,2026-01-31 23:53:14.113867
6759,605,225.47,2026-04-26 13:27:59.520595
6760,903,522.31,2025-10-25 02:57:11.806158
6761,768,17.0,2026-05-06 13:08:26.581560
6762,200,6910.14,2026-02-04 10:40:09.426306
6763,245,1793.69,2025-07-08 02:16:08.459996
6764,701,2545.21,2025-12-15 01:23:26.672744
6765,60,2107.56,2026-03-19 03:27:16.904515
6766,779,311.82,2026-04-14 11:13:39.092970
6767,705,1807.44,2025-11-03 03:26:58.352190
6768,711,281.78,2025-08-29 18:35:24.970768
6769,85,1025.78,2025-11-02 10:27:19.450907
6770,704,1683.12,2025-11-26 23:22:20.216245
6771,617,1636.88,2025-08-28 11:35:23.731690
6772,800,253.56,2025-12-04 13:55:08.774030
6773,13,70.09,2025-12-06 00:57:54.139138
6774,1,3201.3,2026-04-30 06:07:04.901147
6775,350,2588.69,2026-05-11 05:48:52.430473
6776,179,170.72,2025-08-31 13:13:21.061158
6777,483,272.59,2026-02-19 00:17:36.621664
6778,936,4462.09,2025-10-02 08:37:44.528513
6779,365,2931.79,2026-01-31 14:26:36.365677
6780,828,11124.72,2026-03-21 01:44:59.318882
6781,1,586.03,2025-08-13 07:37:28.176311
6782,200,1338.09,2025-08-14 18:05:26.296452
6783,5,539.58,2026-05-04 03:54:43.442388
6784,293,1949.96,2025-11-28 03:48:38.257963
6785,921,245.27,2025-07-06 17:54:36.082913
6786,81,272.2,2025-11-24 01:11:46.499031
6787,543,149.21,2026-05-14 05:54:12.638520
6788,415,2365.64,2026-02-08 08:22:07.547590
6789,944,1362.72,2026-01-18 06:33:44.284008
6790,128,1923.26,2025-08-22 13:42:22.713512
6791,200,4228.91,2025-12-25 17:47:28.495768
6792,5,2696.68,2026-02-19 22:06:38.316414
6793,396,1238.76,2026-01-10 15:02:37.567851
6794,229,8315.33,2025-11-13 22:42:56.656448
6795,868,1218.55,2026-03-05 14:27:29.458723
6796,543,238.58,2025-08-14 23:55:01.650317
6797,547,9827.4,2026-01-10 10:21:36.420135
6798,474,46.17,2026-03-31 01:13:12.542057
6799,68,1596.5,2025-07-18 18:02:14.082788
6800,415,739.51,2025-07-25 19:07:31.140516
6801,1000,1400.55,2025-09-17 19:25:29.361045
6802,809,1636.12,2026-04-22 00:17:19.694722
6803,905,549.13,2026-02-14 19:42:17.761640
6804,793,1627.73,2025-08-14 23:23:10.723076
6805,93,2821.68,2026-03-14 05:59:19.738179
6806,200,619.88,2025-11-27 12:32:07.780102
6807,1,967.15,2026-01-27 01:29:35.793940
6808,262,624.61,2025-07-20 15:11:38.531496
6809,101,3435.83,2026-01-17 06:20:24.471267
6810,415,2581.84,2025-12-11 02:58:57.083149
6811,612,4098.93,2026-02-26 03:29:16.485132
6812,880,372.78,2026-01-11 12:24:10.784455
6813,733,152.85,2026-05-10 11:59:14.615437
6814,944,254.27,2026-02-11 03:24:19.995906
6815,26,351.13,2025-09-03 13:31:48.242164
6816,1,1523.21,2025-09-23 08:36:33.059297
6817,588,7074.86,2025-12-31 05:45:55.554356
6818,240,883.95,2025-10-19 13:47:19.788866
6819,206,6364.52,2026-02-17 04:23:46.139884
6820,296,77.9,2025-12-03 17:48:30.531934
6821,229,5231.09,2026-02-06 03:56:58.646796
6822,450,399.72,2025-08-24 06:25:42.965458
6823,404,4871.66,2026-04-17 06:13:06.370421
6824,452,115.74,2025-10-11 02:07:37.960801
6825,604,5921.48,2026-03-30 01:30:12.629537
6826,365,448.28,2025-11-30 11:17:58.210853
6827,204,721.12,2026-01-21 16:45:33.793321
6828,200,1350.39,2025-10-02 20:30:29.160177
6829,322,958.4,2025-06-10 00:01:53.086733
6830,729,2202.4,2025-09-21 08:49:54.504329
6831,733,7362.44,2025-10-15 22:30:18.503853
6832,595,1864.97,2026-03-04 17:16:52.887630
6833,200,2556.57,2025-09-27 03:32:48.632718
6834,523,184.24,2025-06-10 10:42:04.010051
6835,491,1976.71,2025-06-25 18:53:23.084851
6836,415,1209.72,2025-10-06 22:36:17.561696
6837,483,4339.3,2025-06-23 20:11:13.128075
6838,415,982.74,2025-10-01 23:33:34.387709
6839,483,2275.46,2025-09-21 02:53:17.680229
6840,697,517.94,2025-09-12 01:46:02.217183
6841,101,600.52,2025-07-02 08:47:02.908842
6842,733,943.6,2026-02-09 07:28:21.362161
6843,145,724.99,2025-09-03 20:15:43.103536
6844,39,,2026-04-20 17:37:46.863785
6845,975,101.89,2026-03-08 01:13:02.649611
6846,963,3624.9,2025-12-23 16:00:13.358677
6847,33,132.92,2026-01-20 05:58:51.061998
6848,414,4367.21,2025-12-14 13:21:35.287739
6849,200,268.13,2026-02-10 01:01:07.061869
6850,415,134.98,2026-03-02 12:49:01.947260
6851,798,1655.67,2026-01-21 20:24:08.247078
6852,963,1396.09,2025-11-08 12:14:21.846372
6853,570,1351.54,2025-06-21 12:28:14.824516
6854,331,1709.0,2025-11-06 23:19:20.043334
6855,543,676.71,2025-12-23 23:46:20.835051
6856,276,2175.04,2025-06-11 21:47:34.677268
6857,926,1395.93,2026-02-04 09:52:54.124966
6858,869,,2025-06-05 16:20:38.989416
6859,483,3503.16,2025-10-23 17:41:58.344257
6860,292,2601.86,2025-06-30 17:14:22.760114
6861,244,1000.46,2026-03-11 19:01:13.138006
6862,5,3762.73,2025-06-27 08:56:54.067768
6863,791,5057.92,2026-05-08 22:06:19.739469
6864,415,1539.48,2026-05-17 20:57:56.155850
6865,293,484.02,2025-06-15 22:51:41.617463
6866,415,4948.93,2026-02-18 00:47:22.444757
6867,792,420.16,2026-05-24 20:36:37.812535
6868,131,99.27,2025-09-03 22:36:43.180198
6869,831,793.47,2026-02-09 20:48:17.907144
6870,914,2596.32,2026-05-05 21:04:27.315117
6871,963,5135.03,2025-11-10 15:39:10.313402
6872,365,2028.28,2026-02-10 12:09:47.968338
6873,200,6066.39,2026-04-19 08:18:50.169140
6874,352,193.84,2026-05-02 22:20:25.788345
6875,296,125.36,2026-05-16 23:49:37.443676
6876,200,1853.65,2025-12-06 12:42:13.205981
6877,543,6769.64,2026-05-10 07:46:17.970209
6878,415,1397.21,2025-10-26 16:40:20.956486
6879,855,105.78,2025-10-23 13:36:03.346916
6880,5,500.05,2025-09-25 04:23:43.972723
6881,577,561.53,2025-12-31 06:06:05.060019
6882,740,824.55,2026-03-20 03:29:23.321393
6883,737,89.17,2025-07-11 20:08:19.576439
6884,901,4705.5,2026-04-08 12:23:53.816416
6885,711,1449.54,2025-08-26 21:03:30.455124
6886,939,2222.97,2025-08-02 10:57:56.852435
6887,296,139.07,2026-04-26 00:34:48.751667
6888,439,111.27,2025-06-08 10:41:33.040637
6889,1,1766.04,2026-01-04 11:42:37.279096
6890,1,4365.98,2025-06-24 00:39:54.098839
6891,200,1503.6,2025-10-02 13:22:02.612693
6892,87,,2025-11-20 07:07:35.441083
6893,220,3331.92,2026-05-27 18:53:37.773822
6894,200,157.77,2026-01-27 07:23:34.582391
6895,5,451.19,2025-06-25 21:39:15.970313
6896,924,2144.2,2025-11-28 08:18:18.449459
6897,1,1172.18,2025-10-03 23:27:41.190542
6898,716,686.95,2025-07-19 10:05:11.829251
6899,185,1084.75,2025-11-21 06:50:07.089987
6900,928,1178.29,2025-09-04 20:51:02.400035
6901,905,4828.2,2026-02-21 06:17:05.072251
6902,577,218.42,2025-12-31 07:53:57.784090
6903,604,656.26,2025-07-12 00:37:34.457277
6904,1,1542.5,2025-12-13 21:03:04.692820
6905,981,2396.56,2026-05-02 03:44:04.242148
6906,886,1991.95,2025-07-03 11:13:30.131966
6907,908,5682.34,2025-09-07 11:26:35.424376
6908,587,3175.44,2025-07-06 01:55:55.420844
6909,310,1628.72,2025-10-31 17:20:27.028161
6910,905,,2026-03-28 05:20:25.077412
6911,242,1198.86,2026-03-28 03:49:24.145581
6912,483,2364.31,2026-01-03 14:46:51.993961
6913,84,3639.85,2025-06-08 20:30:55.751313
6914,936,6424.61,2025-06-19 05:02:14.864979
6915,160,1860.03,2025-08-26 09:48:14.628268
6916,200,1496.98,2026-03-15 01:58:29.267326
6917,483,35.7,2025-07-15 15:50:31.571738
6918,740,149.66,2026-05-29 12:11:28.747081
6919,559,339.45,2025-05-31 01:56:27.064285
6920,200,112.63,2025-09-17 06:56:55.264835
6921,1,1024.53,2026-04-20 18:19:02.037756
6922,733,821.59,2025-07-13 21:29:36.336954
6923,981,2028.66,2026-05-29 11:15:58.269147
6924,776,1534.3,2025-12-04 20:25:14.141935
6925,415,1812.54,2025-09-14 12:53:24.087105
6926,914,1277.23,2026-04-05 08:15:36.247913
6927,369,650.73,2025-08-06 14:37:59.098664
6928,463,6107.8,2025-08-28 17:33:48.583073
6929,415,180.74,2026-04-09 11:49:05.794325
6930,415,5590.19,2025-09-14 11:12:05.026658
6931,746,745.72,2025-12-10 04:08:54.497260
6932,469,1437.59,2026-05-11 11:29:46.478786
6933,285,230.47,2026-01-02 22:39:28.019027
6934,213,147.14,2025-10-22 01:30:20.057694
6935,9,1122.64,2025-07-30 04:23:12.967486
6936,520,2707.25,2025-07-07 11:18:04.846566
6937,200,627.68,2025-09-30 00:19:56.135054
6938,176,1652.66,2025-11-06 17:19:00.523246
6939,577,653.26,2026-05-29 23:58:18.422218
6940,617,984.05,2026-03-08 19:12:06.207444
6941,733,4738.44,2025-08-22 17:58:22.937660
6942,440,3873.66,2026-03-07 00:48:45.791198
6943,906,1451.41,2025-10-06 13:35:30.422232
6944,942,543.89,2025-06-02 11:28:12.578933
6945,773,429.32,2025-07-14 21:19:50.231754
6946,572,6162.03,2026-02-09 17:14:01.048215
6947,262,453.09,2025-08-28 08:54:35.255507
6948,977,3302.27,2026-02-06 16:55:08.517032
6949,229,920.8,2025-08-18 14:32:12.197196
6950,200,8489.38,2025-06-24 04:53:47.854817
6951,411,918.22,2025-08-09 04:28:11.430630
6952,33,,2026-03-02 20:24:25.938902
6953,977,2029.26,2025-10-01 12:19:02.960936
6954,523,6515.07,2025-12-28 04:37:27.564228
6955,483,7476.95,2025-07-11 08:54:50.185166
6956,578,2456.57,2025-09-16 07:22:54.010645
6957,423,2809.78,2026-05-22 00:03:18.564186
6958,5,1657.49,2026-05-01 02:32:50.389681
6959,543,2819.34,2026-03-24 21:32:24.543321
6960,699,3929.08,2025-10-30 05:47:29.628319
6961,379,1331.43,2025-10-22 01:10:21.176323
6962,733,1934.44,2026-05-05 12:50:29.447642
6963,200,1541.42,2025-06-16 21:04:21.330212
6964,200,1653.22,2026-04-22 13:09:51.797128
6965,200,4415.42,2025-09-27 12:37:03.023737
6966,350,878.92,2026-03-13 12:09:18.129785
6967,829,466.85,2025-10-09 14:42:43.707435
6968,794,1218.64,2025-10-01 09:36:25.873799
6969,365,466.6,2026-05-18 11:11:37.841956
6970,523,1379.91,2025-07-21 22:09:59.135535
6971,705,4676.59,2025-11-23 08:33:21.566737
6972,200,1921.71,2025-11-15 12:23:41.664302
6973,200,3868.02,2025-09-03 04:12:24.461193
6974,973,363.5,2025-07-25 15:12:33.429678
6975,555,4622.72,2025-09-30 03:09:12.031642
6976,977,1841.54,2025-08-02 08:14:47.439620
6977,297,64.55,2025-06-14 22:40:07.815238
6978,663,2005.44,2026-03-17 13:31:15.284496
6979,200,6048.14,2026-05-10 02:11:56.868238
6980,222,164.95,2026-03-10 01:58:06.647330
6981,451,1746.73,2026-01-29 16:34:22.446886
6982,288,4941.5,2025-08-30 23:45:47.975454
6983,200,,2025-07-22 21:04:36.440330
6984,227,1993.45,2025-11-20 14:54:53.752866
6985,7,1288.34,2025-09-12 22:26:37.914260
6986,666,852.32,2025-11-17 15:58:54.679637
6987,415,1975.23,2025-09-22 05:37:03.499618
6988,73,108.28,2025-07-15 16:44:55.099613
6989,200,2797.24,2025-07-16 04:12:15.682935
6990,92,8.98,2026-04-05 08:28:26.380222
6991,543,733.27,2025-10-14 08:07:49.375731
6992,73,1402.19,2026-02-12 02:53:05.554517
6993,733,946.49,2025-12-21 14:05:10.679609
6994,1,734.82,2025-06-09 03:06:01.606378
6995,200,3553.76,2026-03-21 20:03:49.086370
6996,903,5461.59,2026-04-14 07:56:13.777283
6997,705,4138.39,2026-01-06 21:53:41.368353
6998,47,1478.09,2025-09-19 07:49:22.895279
6999,793,4311.16,2026-05-07 16:33:00.330631
7000,415,5073.11,2025-07-19 04:36:37.196486
7001,829,1052.69,2026-04-25 09:12:26.802770
7002,543,666.6,2025-06-04 04:28:46.082083
7003,617,206.87,2026-02-07 00:35:12.632869
7004,986,1304.36,2025-11-17 13:28:09.488761
7005,200,5848.57,2025-11-16 23:15:55.333958
7006,565,1646.09,2025-08-11 22:17:08.707536
7007,415,2202.6,2026-05-21 08:09:01.836653
7008,12,239.56,2025-11-22 05:30:52.200307
7009,1,309.85,2025-09-03 02:35:18.167988
7010,119,1249.01,2026-05-30 12:46:19.913658
7011,577,6042.71,2026-02-28 21:48:29.608653
7012,483,895.03,2025-07-28 00:16:02.685555
7013,483,4199.03,2025-06-28 13:15:53.171410
7014,5,256.32,2025-06-27 15:59:55.409168
7015,415,1919.53,2026-03-27 01:54:03.854423
7016,938,1835.65,2025-10-18 16:24:37.901493
7017,365,3930.44,2025-12-21 23:30:51.305374
7018,567,,2025-06-22 22:29:00.960137
7019,751,421.27,2026-04-30 11:35:53.380667
7020,754,496.12,2025-11-29 23:01:12.982659
7021,457,5990.11,2025-10-28 22:31:45.750005
7022,832,333.75,2025-11-10 05:52:59.198642
7023,365,,2026-03-14 13:50:15.712089
7024,901,1529.12,2026-05-12 06:02:14.895133
7025,200,1503.92,2025-09-11 12:27:24.461408
7026,229,3716.4,2025-11-21 08:12:57.583020
7027,26,5946.36,2026-05-18 02:42:01.411840
7028,761,1546.74,2025-10-27 18:06:35.834066
7029,379,5318.35,2025-06-24 20:55:11.477995
7030,200,2583.13,2026-05-10 09:08:02.616965
7031,200,614.57,2026-01-10 19:30:26.168887
7032,914,5273.9,2026-04-20 20:15:12.715843
7033,807,2201.89,2026-03-16 23:28:16.089266
7034,483,1069.2,2026-03-28 13:41:00.954504
7035,552,2280.38,2025-11-11 22:16:01.544137
7036,415,1026.03,2025-11-30 09:53:47.466030
7037,365,242.49,2026-01-09 20:52:52.331145
7038,935,2538.65,2025-09-17 23:48:38.238275
7039,131,3475.54,2025-09-19 16:06:18.867804
7040,379,2609.84,2025-12-23 19:56:32.624883
7041,309,520.43,2025-06-19 16:22:27.472759
7042,425,6276.21,2026-01-06 05:59:31.041025
7043,415,51.16,2025-12-09 06:00:10.935960
7044,457,808.99,2025-09-13 23:09:19.862532
7045,157,602.46,2025-09-27 07:35:48.938912
7046,455,98.65,2025-06-06 18:12:51.818335
7047,200,1040.84,2026-02-25 21:39:48.336741
7048,200,1951.63,2025-08-08 17:54:01.233446
7049,39,4283.53,2025-09-19 14:29:27.222021
7050,740,9149.23,2025-06-26 02:04:26.741751
7051,388,3301.45,2025-12-17 10:46:35.318201
7052,567,1264.78,2025-07-16 09:10:57.181112
7053,710,2572.57,2026-04-04 19:41:45.542669
7054,615,3710.98,2026-05-03 13:29:46.945941
7055,415,1252.13,2025-06-28 00:55:06.430879
7056,365,3074.74,2026-03-29 20:46:41.962897
7057,357,1318.08,2025-08-27 16:28:55.547125
7058,576,977.14,2026-04-28 13:01:40.655574
7059,420,1493.48,2025-06-17 21:42:01.008798
7060,829,2253.13,2025-10-22 20:35:51.750356
7061,880,,2025-11-12 20:18:04.790205
7062,200,882.4,2026-03-24 14:55:16.934626
7063,146,1694.09,2025-06-28 17:55:06.221127
7064,570,4813.02,2026-05-22 07:23:56.298895
7065,255,7485.65,2025-10-27 05:04:16.064105
7066,1,515.59,2025-07-06 15:51:18.782862
7067,901,428.44,2025-11-01 02:10:29.068740
7068,200,2258.26,2025-08-28 16:48:09.427214
7069,939,1071.21,2025-06-06 13:40:59.680074
7070,703,49.04,2026-05-08 12:39:04.121735
7071,740,851.93,2026-05-12 23:53:37.957634
7072,200,3287.49,2025-07-19 19:30:45.678463
7073,200,3193.31,2025-07-01 13:18:46.964888
7074,457,1365.15,2025-12-19 15:52:47.762697
7075,200,1279.51,2025-12-07 01:46:20.998848
7076,267,1732.66,2025-10-24 07:26:46.055916
7077,291,495.38,2026-04-28 05:24:43.384553
7078,195,1493.28,2026-02-16 14:30:30.653707
7079,200,22.22,2025-11-05 16:47:52.817771
7080,760,1290.85,2025-10-22 01:20:15.093778
7081,200,819.1,2025-09-16 23:45:01.031420
7082,5,2247.06,2025-09-19 17:14:28.191628
7083,570,2034.18,2026-03-05 21:39:51.406665
7084,975,958.77,2025-07-27 01:42:31.454578
7085,296,14.6,2026-02-02 19:38:45.338173
7086,118,581.44,2025-09-07 18:32:55.969880
7087,490,2006.68,2025-06-05 13:23:36.955572
7088,916,150.25,2026-03-19 09:21:26.868218
7089,755,227.78,2026-01-09 17:30:47.260744
7090,563,2082.77,2026-03-02 21:39:58.981910
7091,282,2819.27,2026-01-17 19:09:45.162738
7092,483,775.89,2026-04-30 04:40:28.901896
7093,68,1345.41,2026-05-21 12:34:45.938994
7094,613,5826.88,2025-12-23 14:44:55.935092
7095,707,5820.71,2025-09-15 14:00:37.853830
7096,965,734.9,2025-05-31 08:10:22.732029
7097,221,3321.33,2026-02-24 14:09:26.325602
7098,1,1802.53,2026-02-12 02:24:29.950034
7099,483,7416.9,2025-12-10 16:01:10.174243
7100,674,1298.7,2025-10-25 21:26:10.096835
7101,761,2980.71,2026-03-02 14:08:24.042077
7102,200,2923.22,2025-11-08 11:40:35.118153
7103,222,1376.05,2025-09-30 18:42:32.710766
7104,452,3175.65,2026-02-04 03:27:23.928767
7105,296,605.02,2025-11-09 01:13:46.996264
7106,841,260.79,2026-05-14 01:37:15.245273
7107,415,1107.34,2026-04-23 18:09:41.355430
7108,767,5751.66,2026-05-03 18:04:53.186429
7109,515,1389.28,2025-12-27 09:57:50.525737
7110,746,2017.14,2025-10-28 02:13:53.552404
7111,296,1957.2,2026-03-24 03:39:15.781560
7112,801,284.45,2026-03-11 23:42:43.004269
7113,229,989.57,2026-03-02 04:54:36.991372
7114,483,2454.75,2026-05-16 08:01:30.711504
7115,200,7150.39,2026-01-07 20:36:18.631893
7116,415,367.89,2026-05-25 11:13:11.217197
7117,287,1056.76,2025-10-11 11:57:46.155083
7118,229,199.85,2025-07-08 17:59:44.039741
7119,965,555.14,2025-06-03 00:17:31.825132
7120,197,945.65,2026-03-19 07:41:35.697427
7121,760,1555.86,2026-04-09 21:35:35.699435
7122,978,524.2,2026-05-16 04:24:27.268330
7123,1,516.41,2026-01-08 12:47:15.966885
7124,655,3008.62,2026-02-16 18:49:15.795355
7125,206,6574.4,2026-04-04 13:00:14.737135
7126,12,781.98,2026-05-14 22:54:12.992888
7127,365,2329.45,2025-11-23 11:33:16.453011
7128,941,597.03,2026-03-23 09:14:31.324340
7129,1,5260.85,2025-10-05 23:04:08.701166
7130,522,2234.99,2026-01-19 04:31:19.626119
7131,434,3245.83,2025-08-08 01:13:19.436080
7132,876,101.23,2025-10-06 22:35:18.165956
7133,60,1825.13,2025-10-15 07:11:00.856947
7134,617,1499.91,2025-08-29 18:17:46.085687
7135,617,693.44,2026-02-17 12:48:52.272645
7136,600,608.79,2026-04-24 08:02:12.306878
7137,953,1735.12,2026-04-01 09:36:24.660719
7138,793,2451.66,2025-10-13 17:20:42.550529
7139,13,67.47,2025-09-06 00:35:53.235320
7140,415,1675.89,2026-03-07 00:01:53.965561
7141,365,,2025-06-13 03:02:10.797476
7142,271,302.49,2025-08-29 05:36:17.077791
7143,415,1951.65,2025-12-10 20:17:59.588677
7144,365,744.65,2026-01-19 13:34:29.540818
7145,396,1162.78,2025-06-22 09:11:31.327566
7146,977,892.57,2025-07-29 08:07:06.878859
7147,68,2090.16,2026-03-08 08:43:46.736699
7148,936,1270.21,2026-01-04 06:36:23.149805
7149,415,6618.62,2026-02-11 01:19:19.051306
7150,565,868.91,2026-04-17 22:51:01.578418
7151,798,2696.34,2026-01-25 18:03:37.113555
7152,333,594.91,2025-12-19 11:35:14.081833
7153,395,1421.62,2025-06-13 23:55:09.007150
7154,369,1608.47,2025-06-22 21:53:44.835083
7155,356,798.3,2026-01-30 08:29:18.926622
7156,938,1276.49,2025-07-03 04:14:13.957693
7157,796,655.01,2026-05-11 19:06:39.314151
7158,101,12.04,2025-12-26 06:47:13.382788
7159,100,485.8,2026-01-28 18:22:21.057732
7160,389,2408.37,2025-08-22 00:02:52.562654
7161,81,2947.74,2026-02-27 14:37:19.458587
7162,559,657.57,2025-10-13 08:42:47.404896
7163,168,1048.64,2026-04-16 14:53:29.408051
7164,457,76.16,2025-09-21 00:26:21.617384
7165,1,541.16,2026-01-18 16:50:23.181960
7166,285,3021.17,2025-09-15 08:20:09.334801
7167,612,1862.74,2025-09-28 10:53:11.511439
7168,415,460.77,2026-05-26 11:46:47.602933
7169,977,595.31,2025-12-19 03:08:39.931700
7170,878,3394.38,2026-03-02 02:54:10.851653
7171,332,469.13,2026-04-28 19:26:20.294341
7172,17,813.4,2026-03-25 14:08:58.046405
7173,828,2183.42,2026-01-26 04:39:31.929162
7174,928,1647.02,2025-11-30 07:37:54.501256
7175,792,1235.6,2025-12-11 17:51:46.846008
7176,132,4600.0,2025-09-15 00:07:35.264168
7177,993,496.18,2026-01-07 13:54:12.498565
7178,215,2705.1,2025-09-12 17:05:45.054241
7179,705,346.48,2026-03-17 00:58:37.141631
7180,921,1912.84,2025-06-08 03:12:25.661597
7181,200,4090.06,2025-09-15 00:09:00.364156
7182,921,1224.62,2026-02-03 02:38:52.628047
7183,271,2576.84,2026-01-05 04:44:05.771865
7184,976,3433.97,2025-11-26 07:39:01.996435
7185,229,292.43,2025-11-19 20:36:44.595764
7186,963,2447.17,2025-08-29 17:01:57.459342
7187,26,5047.49,2025-09-01 12:54:31.770888
7188,683,1717.79,2026-04-15 19:25:43.782380
7189,474,411.89,2025-12-03 13:48:15.491050
7190,415,271.51,2026-04-01 15:01:46.258632
7191,200,601.49,2025-12-15 04:08:31.558781
7192,670,218.54,2026-01-18 01:05:46.933525
7193,200,1440.6,2026-05-28 08:13:55.312671
7194,483,144.51,2025-08-25 22:45:33.513913
7195,206,505.67,2025-11-18 02:58:29.457932
7196,963,1159.32,2026-01-21 15:33:56.327620
7197,5,1284.58,2025-07-14 05:45:54.060532
7198,200,1666.65,2025-11-04 01:24:23.379213
7199,200,2445.73,2025-07-31 15:38:08.716029
7200,374,96.76,2025-07-23 06:42:56.268806
7201,200,168.11,2025-08-22 02:25:51.088831
7202,415,125.58,2025-09-10 04:29:10.710428
7203,873,1100.35,2026-01-09 20:31:38.140658
7204,688,85.5,2025-08-12 20:34:19.314961
7205,513,2741.48,2026-02-16 21:35:17.389989
7206,68,504.63,2025-07-09 19:14:42.665917
7207,640,5600.74,2025-12-24 19:48:53.199467
7208,200,1332.64,2025-10-08 05:06:04.339090
7209,760,1182.36,2025-07-06 15:36:49.086357
7210,201,3033.16,2025-09-08 04:19:10.456820
7211,379,2497.62,2026-03-13 11:02:51.332412
7212,324,1869.46,2025-10-08 04:54:16.387724
7213,835,5471.26,2026-03-17 20:40:08.927862
7214,131,1097.26,2026-01-13 02:31:50.533875
7215,483,3306.07,2025-11-22 17:05:13.958279
7216,163,956.37,2025-06-16 21:49:33.780586
7217,668,3644.59,2025-06-10 10:41:28.787058
7218,915,600.79,2026-05-16 10:59:00.998065
7219,396,682.92,2026-04-16 12:10:49.685916
7220,415,,2025-12-28 14:41:24.538685
7221,939,478.33,2026-05-29 13:18:38.640934
7222,457,520.53,2025-11-15 19:40:09.998537
7223,415,728.44,2025-10-24 07:49:49.816385
7224,509,2272.18,2026-04-13 18:11:01.108761
7225,630,4403.46,2025-11-01 01:14:40.152254
7226,98,2245.2,2025-08-12 12:16:54.388646
7227,793,3518.36,2026-05-22 22:28:46.796214
7228,397,1568.6,2025-11-24 23:35:10.370430
7229,47,142.83,2025-07-15 00:43:16.754459
7230,760,211.76,2026-04-17 09:34:16.787801
7231,359,1616.63,2025-07-26 04:27:33.508583
7232,86,794.4,2025-10-29 02:24:02.124881
7233,570,498.38,2026-02-03 06:23:39.927219
7234,889,1255.68,2026-01-18 13:27:32.138030
7235,901,2196.21,2026-04-05 17:38:46.761371
7236,963,972.24,2025-12-27 07:50:59.246236
7237,861,3244.46,2025-08-26 00:15:18.550152
7238,1,2682.82,2026-02-24 16:14:41.377654
7239,365,2655.41,2026-01-10 23:02:15.348761
7240,792,8424.86,2026-02-01 02:56:40.400356
7241,341,699.77,2026-05-24 11:53:05.476622
7242,543,2069.73,2026-04-16 21:26:47.856029
7243,543,3868.65,2026-05-12 17:08:04.694413
7244,339,1732.74,2025-09-27 16:45:53.051029
7245,914,3116.56,2025-08-14 15:34:00.349420
7246,439,1070.41,2025-12-29 11:54:17.923547
7247,415,1785.59,2026-04-01 19:38:26.173419
7248,993,114.55,2025-07-07 20:28:22.200883
7249,416,8504.47,2025-08-30 14:01:07.388562
7250,200,3219.06,2025-09-17 03:15:20.634670
7251,454,4062.2,2026-02-12 11:45:01.677631
7252,786,2370.26,2025-12-09 08:17:45.704324
7253,751,411.71,2025-12-18 08:20:14.005382
7254,760,63.04,2025-07-28 20:51:15.049528
7255,678,3999.88,2026-01-27 21:08:40.541533
7256,206,1009.46,2025-12-15 21:53:14.098463
7257,846,612.68,2025-08-20 03:27:43.827135
7258,905,1649.58,2025-08-06 12:23:52.989210
7259,200,1092.56,2026-03-03 23:03:22.463115
7260,136,2109.19,2025-10-20 14:15:59.604553
7261,974,,2026-05-20 10:27:40.111113
7262,864,2389.58,2025-08-27 01:50:55.570423
7263,905,3840.41,2025-09-16 09:27:34.822624
7264,901,435.21,2025-12-06 06:10:16.513162
7265,483,799.26,2026-04-14 16:31:59.515342
7266,577,1148.3,2026-05-20 12:13:09.774427
7267,483,6543.42,2025-09-21 18:25:33.404723
7268,24,909.31,2025-06-13 14:22:51.437861
7269,733,959.62,2026-04-11 02:05:03.472300
7270,442,2119.59,2026-04-13 03:31:22.824189
7271,577,1086.7,2025-12-30 10:05:29.764854
7272,437,6041.02,2025-10-19 15:57:04.137342
7273,415,4497.5,2026-02-25 17:09:59.269787
7274,200,1440.66,2025-10-29 05:08:23.281118
7275,229,2070.01,2025-12-16 21:19:02.472436
7276,194,119.56,2025-10-10 03:48:50.406075
7277,200,2379.68,2026-03-26 00:09:53.393374
7278,973,,2026-05-30 01:35:11.513923
7279,187,890.07,2025-07-07 08:40:50.784490
7280,229,496.11,2025-07-05 02:53:42.379963
7281,524,4932.05,2025-12-11 17:53:34.652125
7282,543,1112.71,2025-11-04 02:38:51.960647
7283,190,2120.93,2025-11-05 23:58:13.666650
7284,761,67.79,2025-10-22 12:44:08.499135
7285,758,1069.1,2025-12-02 06:59:45.229724
7286,200,3399.37,2025-08-02 12:24:11.871964
7287,240,980.66,2026-02-10 18:27:18.957412
7288,944,1848.45,2026-01-07 04:59:24.178593
7289,793,471.08,2025-09-25 07:51:11.783418
7290,652,1077.51,2025-07-24 12:36:58.139900
7291,56,5252.14,2026-03-25 16:29:49.003639
7292,379,1671.5,2026-01-02 13:00:03.559665
7293,483,4644.18,2026-02-25 12:18:50.320346
7294,200,4645.97,2025-07-27 05:40:30.729416
7295,415,5770.09,2025-10-31 19:35:33.938358
7296,543,4515.06,2026-02-18 00:14:38.735052
7297,293,6.57,2026-01-03 09:00:30.998698
7298,751,5436.65,2025-12-25 22:19:34.939229
7299,818,295.75,2026-01-10 13:22:42.156087
7300,291,81.49,2026-01-05 21:26:45.866859
7301,812,113.96,2025-07-15 18:39:51.259439
7302,94,858.23,2025-06-21 23:24:45.798943
7303,810,1939.4,2025-10-20 23:08:01.656274
7304,186,1029.37,2026-02-27 05:08:53.061225
7305,58,51.77,2026-05-17 13:21:57.005729
7306,577,1294.37,2025-09-20 06:05:21.643845
7307,415,1167.26,2025-08-20 09:15:15.609288
7308,920,2828.15,2025-08-19 05:14:18.977380
7309,334,,2025-07-24 19:12:43.924315
7310,240,490.6,2026-02-14 00:49:33.812826
7311,434,591.26,2025-08-27 20:11:40.081556
7312,415,724.06,2025-09-12 08:10:26.841280
7313,309,1828.41,2026-03-05 00:05:21.973423
7314,640,1275.52,2025-10-15 10:07:14.565120
7315,738,821.64,2025-10-19 00:15:08.258437
7316,829,937.81,2025-08-14 06:25:36.102465
7317,973,927.01,2025-11-28 13:17:27.573116
7318,229,7180.36,2026-02-16 04:10:09.424062
7319,699,530.53,2026-04-14 03:36:13.704746
7320,365,3408.17,2026-02-26 13:09:25.005619
7321,612,2463.45,2026-01-27 19:29:23.091480
7322,415,11.17,2026-05-16 06:29:36.032235
7323,986,9974.68,2026-02-27 07:07:21.507628
7324,711,2824.78,2025-07-10 04:00:51.009067
7325,963,2294.24,2025-10-29 09:42:49.236967
7326,808,1039.48,2025-09-27 06:28:11.563846
7327,914,1620.27,2026-03-18 18:56:09.885359
7328,787,584.11,2026-03-08 05:50:17.549164
7329,415,72.26,2026-01-24 13:56:57.880440
7330,205,3616.04,2025-12-16 21:43:08.935331
7331,348,4536.07,2025-09-01 19:57:40.650934
7332,1,354.6,2026-01-24 23:42:04.199200
7333,461,3093.45,2026-02-05 05:33:40.090172
7334,441,2703.03,2025-12-15 04:38:46.833914
7335,464,392.94,2026-02-14 08:08:05.349426
7336,973,1095.77,2025-08-25 05:30:55.845881
7337,928,1098.99,2026-03-01 09:43:03.105751
7338,200,2853.93,2025-08-24 10:47:45.307755
7339,347,3636.14,2025-11-08 18:46:28.029076
7340,384,199.14,2025-09-09 14:33:46.198893
7341,333,1655.5,2026-01-30 12:40:18.769689
7342,767,2868.86,2025-10-24 17:04:46.272287
7343,461,3085.34,2026-03-27 10:33:22.494064
7344,496,320.32,2026-05-01 06:04:45.712958
7345,829,1491.01,2026-01-09 01:34:38.624968
7346,772,3897.65,2025-10-17 03:00:45.843586
7347,139,766.97,2025-10-12 07:13:59.344827
7348,692,1107.18,2025-11-22 22:25:31.821165
7349,397,3262.94,2026-03-11 18:48:23.648686
7350,244,187.13,2026-01-27 05:17:50.810249
7351,24,3925.0,2025-06-13 01:28:20.219998
7352,415,745.48,2026-05-17 20:39:05.011518
7353,331,2.9,2025-10-26 19:23:01.934526
7354,204,533.56,2025-06-28 17:32:10.390665
7355,641,187.52,2026-02-23 21:32:53.165653
7356,744,193.87,2025-08-03 10:30:03.184684
7357,200,2360.75,2026-03-22 09:58:07.835928
7358,23,,2026-04-01 09:09:28.482621
7359,829,5458.82,2025-10-15 05:30:30.296532
7360,1,1453.18,2026-04-06 10:43:33.822397
7361,943,1232.74,2025-09-30 21:26:34.819969
7362,569,1139.32,2025-10-28 00:08:25.130255
7363,291,2359.13,2025-09-03 13:31:12.470194
7364,200,1203.92,2026-02-27 22:54:55.739195
7365,1,275.31,2025-08-14 10:41:04.176559
7366,200,4243.4,2026-03-07 06:06:20.478983
7367,150,1118.62,2026-05-12 03:50:48.381096
7368,543,153.77,2026-01-31 21:09:38.840227
7369,200,1507.35,2026-05-16 11:56:45.234388
7370,474,2084.54,2025-12-21 16:16:21.974326
7371,524,,2025-07-02 08:13:26.471309
7372,247,3222.28,2026-03-12 23:12:54.995751
7373,7,2215.97,2026-02-02 08:19:30.572137
7374,8,2101.59,2025-11-28 17:31:14.904411
7375,2,1092.3,2025-08-16 18:22:45.643436
7376,724,6535.89,2026-01-26 03:27:49.644556
7377,287,640.93,2026-05-18 18:43:21.786919
7378,763,1724.1,2025-09-20 05:35:52.952662
7379,396,739.39,2026-05-14 09:27:01.054051
7380,415,2731.45,2025-11-25 03:31:36.812151
7381,454,97.94,2025-09-24 10:06:47.787928
7382,691,93.96,2025-06-23 01:44:22.717187
7383,229,3330.55,2025-07-13 02:42:36.069418
7384,125,1139.27,2026-03-14 19:11:55.405846
7385,483,834.61,2025-09-11 21:12:17.577534
7386,293,1870.57,2025-08-07 23:06:56.482781
7387,412,2420.65,2025-09-09 18:35:47.983526
7388,577,449.29,2026-03-10 22:38:39.262787
7389,419,410.19,2025-10-10 14:38:06.715871
7390,560,6347.36,2026-03-06 07:50:52.209874
7391,483,1781.56,2026-02-22 21:13:45.780354
7392,727,988.97,2026-03-07 08:59:42.642371
7393,670,3233.34,2025-11-17 17:33:46.994359
7394,479,1489.55,2026-02-20 14:36:44.256423
7395,613,553.25,2025-10-11 10:32:51.430923
7396,877,463.2,2026-03-19 09:12:08.668725
7397,396,1011.21,2026-01-02 19:19:46.804574
7398,373,3930.74,2026-02-22 07:46:20.407911
7399,740,,2025-11-26 04:06:28.134678
7400,519,493.15,2025-12-19 14:53:04.467427
7401,47,4472.69,2025-07-06 02:13:02.169720
7402,905,259.61,2025-11-07 23:18:20.299830
7403,5,1986.48,2026-04-09 20:21:26.996788
7404,733,480.35,2026-01-29 18:28:04.428175
7405,735,1862.13,2026-04-21 08:57:27.725382
7406,963,966.11,2025-08-26 21:26:33.349040
7407,26,214.45,2025-10-24 07:22:51.304208
7408,540,1746.82,2025-10-17 21:30:15.832821
7409,389,2297.98,2026-01-06 22:09:08.583117
7410,296,2280.57,2026-05-04 06:59:36.290189
7411,68,2026.89,2026-02-23 12:12:06.380665
7412,483,1387.19,2026-01-13 13:03:50.423898
7413,415,1465.74,2025-07-23 19:21:56.422228
7414,97,2019.23,2026-05-29 23:28:00.388430
7415,543,2344.04,2025-10-19 00:18:33.867985
7416,722,2127.71,2025-08-24 21:06:52.333535
7417,743,1768.35,2026-05-28 16:43:30.690250
7418,916,338.82,2026-04-14 23:04:29.088273
7419,369,473.01,2026-05-25 14:56:27.442872
7420,963,602.82,2025-09-04 09:01:41.103766
7421,854,5043.02,2025-09-14 06:48:02.658193
7422,245,2849.2,2026-05-25 18:46:32.838868
7423,195,1609.8,2025-09-14 21:42:05.269542
7424,397,580.86,2026-04-05 23:40:33.930342
7425,365,235.07,2026-03-23 03:15:10.009780
7426,504,4580.51,2025-11-18 06:38:08.450584
7427,520,4463.62,2025-07-25 08:26:04.545040
7428,733,234.63,2025-09-03 01:43:42.564770
7429,446,3191.23,2025-09-18 05:11:27.868922
7430,98,1183.51,2025-09-15 07:21:25.543349
7431,834,783.03,2026-03-24 19:29:44.060119
7432,271,2687.27,2026-05-29 18:41:39.691462
7433,973,1905.54,2026-04-14 13:34:31.780422
7434,117,3028.53,2026-03-20 13:18:14.130342
7435,963,154.47,2025-05-30 22:18:19.197285
7436,68,767.17,2025-08-22 01:45:59.577988
7437,200,769.32,2026-05-30 03:02:15.706421
7438,20,800.22,2026-05-29 19:50:09.465959
7439,669,1396.24,2025-09-08 12:10:02.806177
7440,829,665.4,2025-10-17 07:46:29.211528
7441,396,1175.35,2025-07-31 20:44:06.188882
7442,939,917.03,2025-09-05 23:12:05.324901
7443,524,2658.29,2025-09-13 21:23:53.090195
7444,570,1850.16,2026-04-16 00:50:47.685062
7445,828,2120.49,2026-04-19 10:32:09.721149
7446,245,472.92,2025-06-26 12:29:16.937994
7447,331,787.57,2025-11-04 08:31:51.372404
7448,916,42.79,2025-09-08 23:38:21.574744
7449,914,229.42,2025-09-28 08:55:31.843583
7450,976,615.92,2025-11-03 14:25:24.715221
7451,914,135.41,2026-04-22 01:19:46.636986
7452,131,1845.79,2026-03-01 00:15:35.516178
7453,793,12563.76,2025-06-16 09:36:10.688685
7454,369,212.53,2025-09-12 19:30:42.855066
7455,986,3443.31,2025-07-14 22:06:03.465650
7456,415,252.98,2025-08-21 19:22:01.539487
7457,483,2216.8,2026-03-27 09:03:10.074388
7458,474,2060.92,2025-09-05 13:35:39.673672
7459,291,4660.26,2026-01-08 01:12:09.766107
7460,54,241.95,2026-02-15 11:51:50.624635
7461,909,757.97,2025-07-22 08:48:10.171470
7462,768,190.34,2025-06-10 13:55:42.281344
7463,155,1046.42,2025-10-01 12:01:47.361708
7464,751,4851.61,2026-01-23 00:55:20.862803
7465,567,3042.15,2025-09-21 20:41:47.947529
7466,368,2566.75,2025-06-29 22:07:26.408756
7467,206,1522.97,2026-05-27 18:53:06.604089
7468,838,4299.48,2026-01-10 14:56:38.387172
7469,659,1193.65,2026-05-03 12:41:23.427350
7470,483,324.3,2026-02-12 15:07:26.410792
7471,543,3635.2,2025-11-10 23:13:11.384783
7472,68,656.0,2025-06-30 02:18:30.820878
7473,415,110.25,2025-07-26 17:07:19.673982
7474,200,269.44,2025-11-14 12:26:22.191798
7475,200,1878.4,2026-02-19 09:47:38.971458
7476,588,1868.31,2025-11-14 23:34:07.796044
7477,928,602.71,2026-05-14 06:19:31.034922
7478,365,2597.89,2026-01-21 05:29:25.263408
7479,200,2971.26,2026-01-12 00:01:52.547981
7480,577,5064.06,2025-06-24 01:46:24.766998
7481,871,1758.65,2026-02-28 02:32:03.572865
7482,733,3023.02,2025-06-21 17:16:17.829768
7483,865,2797.54,2026-05-07 12:51:49.007997
7484,483,596.3,2025-09-27 04:26:33.475293
7485,733,742.78,2025-10-03 09:01:57.809453
7486,157,1302.02,2025-11-08 10:48:31.551805
7487,319,38.45,2025-10-03 12:49:28.237475
7488,365,705.93,2026-04-24 11:09:07.005740
7489,449,1284.46,2026-03-04 15:08:21.118759
7490,939,228.73,2025-11-21 06:07:45.314023
7491,879,269.98,2025-08-05 03:18:39.471876
7492,142,1244.4,2026-01-25 04:41:05.882010
7493,200,2625.83,2025-12-24 09:08:42.049284
7494,332,3588.51,2026-01-08 03:57:30.107271
7495,242,1580.7,2025-10-16 02:55:40.601925
7496,549,,2026-05-07 01:19:36.752120
7497,914,969.93,2025-08-12 00:33:44.801090
7498,965,428.74,2026-03-08 12:09:34.763040
7499,577,316.96,2025-08-18 01:07:59.044057
7500,811,3139.44,2025-07-03 06:58:59.031254
7501,463,1251.0,2025-09-03 21:15:37.381397
7502,200,3124.35,2025-11-26 18:37:09.827055
7503,462,2435.35,2025-09-20 09:52:43.254125
7504,483,431.08,2025-08-28 10:05:16.008332
7505,729,1427.95,2025-11-02 18:44:16.496123
7506,200,1174.03,2026-05-01 08:09:45.098506
7507,347,1102.86,2025-09-13 04:37:18.049518
7508,337,1564.27,2026-01-07 04:28:05.897486
7509,965,8043.89,2025-08-22 04:45:07.370618
7510,415,3352.23,2025-11-23 22:52:18.988693
7511,733,4680.83,2025-09-25 01:09:06.772709
7512,733,60.18,2026-04-16 19:51:45.358055
7513,229,302.43,2025-09-23 12:34:05.814384
7514,495,177.15,2026-03-15 20:16:44.053983
7515,907,610.96,2025-11-28 04:09:27.813444
7516,415,1166.41,2025-12-17 06:40:15.816154
7517,959,2054.74,2025-09-05 01:43:14.291815
7518,200,1389.62,2025-11-20 17:46:05.701954
7519,51,4669.88,2025-11-05 08:33:42.384201
7520,903,5622.03,2026-05-08 23:35:04.181497
7521,829,357.11,2025-11-29 10:23:04.354362
7522,986,3833.46,2025-12-16 12:49:57.995137
7523,615,1314.49,2026-01-28 11:13:27.591723
7524,942,1207.82,2026-05-11 22:43:36.402571
7525,793,3073.67,2026-04-10 00:14:19.063893
7526,827,195.54,2025-10-24 00:08:24.402066
7527,488,4282.52,2026-03-22 05:59:10.416279
7528,365,2222.56,2026-02-02 23:52:18.529927
7529,941,4163.07,2026-03-14 04:25:21.927355
7530,396,10397.88,2025-09-03 01:09:48.905566
7531,483,1459.64,2025-09-23 16:55:11.004694
7532,415,195.8,2025-12-21 09:39:27.017529
7533,483,364.3,2025-09-07 15:20:12.644861
7534,415,782.0,2025-12-25 13:48:47.330642
7535,21,218.63,2025-08-14 15:11:11.974827
7536,893,3378.5,2025-12-21 23:08:03.456564
7537,415,704.42,2026-01-19 12:36:18.864146
7538,523,7449.94,2025-06-07 00:51:31.852377
7539,155,2425.3,2025-11-17 01:40:22.517339
7540,1,380.94,2025-10-18 10:04:52.022615
7541,200,1292.69,2026-05-07 03:05:11.488378
7542,667,1258.03,2026-01-31 05:29:10.860012
7543,82,1356.56,2026-01-01 15:19:13.157862
7544,923,1534.41,2026-03-10 20:48:41.584773
7545,200,63.34,2025-09-08 05:40:47.326022
7546,200,2318.64,2025-11-30 16:38:34.229755
7547,200,,2026-03-16 17:43:00.883866
7548,1,3130.51,2025-09-14 18:01:38.304106
7549,745,3378.58,2025-10-27 09:56:31.290564
7550,882,524.12,2025-06-13 05:16:38.302201
7551,547,99.27,2025-06-09 12:08:37.338348
7552,200,2429.62,2025-07-05 09:57:00.763867
7553,238,7611.98,2026-01-11 10:19:27.414713
7554,415,1183.56,2025-06-24 18:49:09.547894
7555,963,601.16,2025-07-16 14:24:19.961755
7556,200,340.8,2025-11-02 09:03:00.811536
7557,711,677.8,2026-04-06 01:02:01.178268
7558,403,794.75,2025-11-25 13:25:10.732020
7559,247,1102.86,2026-02-27 11:08:25.077662
7560,415,2130.78,2025-10-20 18:38:22.553238
7561,47,638.11,2025-08-17 17:01:50.376130
7562,767,104.64,2025-09-08 09:03:32.148129
7563,200,934.51,2026-05-18 03:46:40.648710
7564,708,3870.75,2026-02-26 09:31:24.775823
7565,41,1379.71,2025-07-02 22:29:21.149965
7566,963,6692.5,2025-12-16 20:32:23.512668
7567,200,1400.83,2026-04-12 05:58:29.370051
7568,895,645.65,2025-11-25 17:15:03.953338
7569,776,429.64,2025-07-14 17:06:53.807750
7570,965,2371.77,2026-01-12 07:36:54.695806
7571,415,1537.39,2025-07-27 06:55:58.838846
7572,710,1852.68,2026-01-23 16:44:48.244503
7573,350,2814.03,2025-06-16 07:57:19.521433
7574,200,2588.55,2025-07-01 15:47:15.885076
7575,413,88.66,2026-03-09 15:51:46.132527
7576,200,3244.76,2026-04-20 13:59:19.180851
7577,977,1521.58,2026-03-08 02:03:50.403354
7578,79,994.2,2026-05-28 02:43:38.331757
7579,523,1542.3,2025-08-03 18:07:54.803276
7580,567,1895.83,2026-01-11 04:31:10.681934
7581,483,323.88,2025-07-11 10:29:14.350622
7582,589,1080.56,2026-02-11 23:54:08.635997
7583,111,817.7,2025-09-14 10:35:09.463329
7584,483,862.82,2026-05-03 22:09:32.066876
7585,240,191.56,2026-02-06 23:34:43.000602
7586,946,348.33,2026-01-20 17:01:39.186555
7587,740,353.07,2026-04-20 05:01:42.638375
7588,973,934.33,2025-07-23 04:47:10.592149
7589,9,4497.93,2026-03-20 00:36:07.219557
7590,237,461.41,2025-08-18 13:16:05.724580
7591,200,1076.37,2025-11-18 19:26:45.576340
7592,1,746.8,2026-03-08 09:02:04.480128
7593,200,3096.53,2025-08-03 10:53:11.823732
7594,613,102.85,2025-08-28 23:48:48.019097
7595,200,437.66,2025-12-06 17:11:07.874330
7596,445,473.07,2025-06-01 11:08:02.063399
7597,901,9913.09,2025-09-05 12:23:10.558589
7598,640,1691.55,2025-08-02 02:43:08.735792
7599,365,299.22,2025-06-11 09:26:07.153065
7600,350,635.46,2025-06-01 07:07:08.266760
7601,415,367.42,2025-10-06 20:48:48.511913
7602,200,266.16,2025-09-21 06:35:43.884366
7603,570,3190.89,2025-10-30 15:45:46.977998
7604,337,1369.38,2026-05-05 06:44:09.076731
7605,829,1995.06,2025-06-26 22:23:18.055653
7606,733,804.69,2025-11-15 04:55:50.891691
7607,543,1613.51,2025-12-01 05:08:00.641094
7608,337,595.65,2025-10-27 12:10:22.991899
7609,200,736.44,2025-06-04 14:30:37.638690
7610,750,2112.47,2026-05-12 12:50:28.344780
7611,415,325.86,2026-01-10 00:13:10.433937
7612,200,1920.6,2025-07-19 05:42:33.184665
7613,200,3824.26,2025-11-26 19:41:35.301612
7614,200,,2025-06-17 21:09:33.510129
7615,751,4555.03,2026-04-30 15:11:23.756747
7616,200,165.56,2026-04-11 10:11:38.086003
7617,468,858.21,2026-01-09 09:48:32.050894
7618,415,1885.83,2025-10-07 00:04:03.835972
7619,513,1639.3,2025-08-17 16:59:34.271025
7620,886,202.72,2026-05-23 11:37:39.466989
7621,861,3208.04,2025-12-26 03:01:19.182234
7622,415,7235.22,2026-05-28 08:08:38.431925
7623,1,399.9,2026-05-08 23:56:23.731914
7624,388,4510.09,2025-06-22 13:36:43.790513
7625,543,1627.51,2026-03-21 05:38:06.787663
7626,483,5495.68,2026-05-27 18:00:38.585972
7627,577,387.38,2025-10-31 03:40:04.879610
7628,191,3140.64,2026-01-01 11:05:51.525892
7629,577,123.29,2025-08-05 06:37:34.764792
7630,200,4294.52,2025-10-15 14:23:10.080683
7631,733,2242.69,2026-03-31 13:14:30.831787
7632,299,924.88,2025-09-02 13:12:59.086702
7633,685,422.6,2026-04-14 09:18:31.130365
7634,21,3391.44,2025-11-01 23:28:16.208051
7635,365,1848.85,2026-03-10 08:42:30.098128
7636,669,893.87,2026-05-08 15:58:14.712328
7637,200,1173.38,2025-10-10 15:17:25.440714
7638,761,3503.65,2026-02-11 21:20:15.354814
7639,570,827.78,2025-12-16 10:35:48.632728
7640,521,187.81,2026-04-26 15:33:45.991174
7641,330,4844.59,2026-05-28 16:48:55.377019
7642,415,979.9,2025-09-08 11:16:16.561515
7643,540,856.61,2025-11-10 04:30:34.224055
7644,415,457.32,2025-11-29 21:41:50.324701
7645,653,4554.27,2025-08-29 05:45:28.393439
7646,396,490.54,2026-03-20 18:51:30.755916
7647,200,2024.9,2025-09-30 15:22:03.693918
7648,200,4253.32,2025-11-13 05:43:23.207912
7649,1,71.08,2026-05-04 15:26:09.375973
7650,255,3529.75,2025-07-24 01:14:29.144912
7651,733,1057.3,2025-12-30 20:42:53.704198
7652,761,2145.74,2026-05-14 19:38:45.127034
7653,200,931.72,2025-07-09 16:57:14.975060
7654,964,2378.28,2025-12-03 00:26:38.106327
7655,436,586.85,2025-12-21 01:20:17.469147
7656,936,44.35,2025-10-07 15:41:38.335520
7657,673,5904.87,2026-03-05 23:03:15.877456
7658,705,33.01,2025-10-23 22:37:14.087928
7659,60,,2025-08-27 00:51:01.472275
7660,200,370.58,2026-04-11 05:11:54.917554
7661,1,995.89,2026-05-17 06:32:09.836683
7662,699,3457.48,2025-09-13 14:49:51.871287
7663,309,461.17,2025-06-10 17:49:22.517519
7664,760,4015.47,2026-01-16 01:40:38.597347
7665,298,1377.35,2026-04-22 12:59:31.514615
7666,792,911.9,2026-04-15 13:54:15.036038
7667,136,2172.01,2025-10-23 13:51:23.579139
7668,200,835.25,2025-07-24 15:05:39.076783
7669,302,853.24,2026-02-05 07:31:50.033638
7670,367,2644.96,2026-02-02 01:51:03.743855
7671,320,741.64,2025-09-29 13:52:17.840813
7672,740,448.22,2026-03-25 00:16:27.488388
7673,81,3296.84,2025-10-25 20:38:35.630641
7674,324,3273.32,2026-02-13 18:06:42.813311
7675,810,1376.66,2025-07-03 11:46:43.236187
7676,39,1495.86,2026-03-02 03:50:39.773842
7677,953,2381.96,2025-11-12 21:37:08.711112
7678,981,1423.74,2026-01-07 02:22:31.686754
7679,68,1079.27,2026-01-26 09:17:24.923541
7680,242,10554.75,2025-07-15 05:27:15.482870
7681,350,319.49,2025-08-21 11:13:09.994772
7682,751,1796.55,2025-08-07 21:25:22.874998
7683,538,4340.71,2026-05-21 09:35:58.233309
7684,577,2324.48,2025-06-30 01:31:05.242307
7685,733,4255.97,2025-07-25 03:57:38.198566
7686,117,819.95,2026-03-14 12:29:28.812421
7687,807,634.89,2026-03-16 18:52:51.152699
7688,670,3811.28,2026-01-04 09:32:29.334607
7689,506,1002.13,2025-11-17 23:23:17.667356
7690,902,2473.56,2025-06-04 09:42:27.311157
7691,659,319.75,2026-01-11 19:50:13.402888
7692,200,2819.85,2025-12-04 11:31:58.846813
7693,395,1592.5,2026-03-18 12:26:32.336504
7694,418,625.62,2025-08-20 17:20:59.843555
7695,29,1364.43,2025-10-24 01:56:39.209320
7696,963,2387.67,2026-02-21 00:30:29.848985
7697,134,23.92,2025-09-02 16:42:28.539702
7698,650,2029.28,2025-12-11 22:12:35.150333
7699,442,1559.99,2026-03-31 19:45:36.886363
7700,2,497.66,2026-03-01 14:56:45.642861
7701,938,2796.58,2025-12-07 11:05:18.038195
7702,829,723.26,2025-08-02 08:17:24.458284
7703,461,648.31,2025-12-31 09:03:56.366002
7704,200,,2026-01-13 06:48:36.841340
7705,125,2254.95,2025-08-27 08:10:27.787674
7706,334,5285.82,2026-05-23 01:18:20.001277
7707,206,304.8,2026-04-17 09:44:52.637581
7708,442,1009.91,2026-04-02 07:18:07.672148
7709,965,138.68,2025-08-26 21:38:55.927860
7710,504,2842.19,2026-04-05 02:10:52.481094
7711,903,1187.45,2026-01-13 16:45:59.946992
7712,577,2454.68,2025-08-12 17:15:24.378742
7713,415,777.79,2026-01-02 16:30:42.542018
7714,829,3719.87,2025-08-18 03:18:54.868832
7715,415,1530.7,2025-11-22 10:10:03.171019
7716,865,5750.85,2025-12-31 09:46:55.686358
7717,242,164.19,2026-03-03 21:12:08.601202
7718,135,1444.23,2025-07-15 01:13:33.278568
7719,829,2908.76,2025-07-26 08:28:26.104753
7720,521,1833.34,2026-01-26 16:15:57.429805
7721,901,46.93,2025-12-05 10:43:58.717098
7722,944,7175.44,2026-04-21 03:25:34.210330
7723,26,708.4,2026-03-03 07:53:08.556060
7724,434,573.44,2026-04-24 16:32:15.323159
7725,357,1329.74,2025-08-02 00:51:43.387952
7726,567,1562.46,2025-11-02 23:47:48.963506
7727,761,2907.33,2025-06-08 09:33:20.415146
7728,229,999.35,2025-07-05 18:29:30.725104
7729,483,1159.5,2025-09-19 00:45:58.786692
7730,681,1531.26,2026-01-24 07:17:42.611270
7731,142,1003.03,2026-01-20 12:59:53.890841
7732,787,4919.6,2026-04-19 15:14:49.910988
7733,543,3811.0,2026-01-29 10:01:09.162661
7734,963,1213.84,2025-12-04 20:08:05.819867
7735,299,0.39,2026-01-12 09:24:51.201412
7736,100,4623.95,2026-04-24 22:55:01.025476
7737,442,265.55,2025-11-27 10:37:21.907327
7738,60,560.78,2025-10-12 10:34:43.609486
7739,969,330.6,2026-04-20 11:28:49.979818
7740,11,396.45,2025-10-12 21:05:23.519464
7741,733,3247.86,2025-12-11 16:26:45.794564
7742,463,1732.63,2026-01-03 04:14:56.448642
7743,347,6251.46,2025-11-22 02:48:10.065223
7744,39,526.51,2025-12-16 13:12:12.337478
7745,563,1329.64,2025-07-08 03:49:23.481806
7746,521,7582.12,2026-01-25 23:38:00.410433
7747,229,3502.5,2025-10-09 19:26:58.945038
7748,926,2608.44,2025-10-22 23:24:10.324479
7749,263,418.91,2025-09-16 07:50:46.434696
7750,415,2934.19,2026-03-20 13:19:42.224094
7751,483,854.09,2026-04-22 21:03:23.948320
7752,85,,2026-01-21 20:18:54.937807
7753,939,1878.92,2025-12-22 20:12:22.715725
7754,356,1879.96,2025-10-07 08:23:31.749695
7755,56,2593.08,2026-02-05 00:30:59.620526
7756,365,2167.66,2025-10-30 14:34:48.515800
7757,543,141.64,2026-01-15 01:34:02.868675
7758,455,1222.57,2026-04-11 11:26:41.551759
7759,641,2181.42,2025-08-16 22:45:25.927536
7760,29,701.93,2025-12-04 08:43:40.834389
7761,235,751.01,2026-03-01 19:07:04.818579
7762,792,266.07,2025-07-01 13:48:00.125976
7763,56,1084.68,2026-03-03 11:24:21.486864
7764,829,8659.69,2025-06-28 14:21:50.268066
7765,68,671.84,2026-01-31 10:23:25.244092
7766,807,1516.17,2025-07-16 00:07:54.259873
7767,333,2719.21,2025-08-26 07:02:20.422949
7768,543,,2026-03-03 10:31:14.549797
7769,186,4613.98,2025-07-30 09:06:27.863538
7770,39,977.31,2026-04-01 08:45:46.758723
7771,200,4066.89,2026-05-07 14:12:10.850504
7772,132,79.45,2026-04-21 05:45:49.497371
7773,277,314.86,2026-02-05 09:28:07.918670
7774,456,778.78,2025-11-03 15:45:39.014665
7775,523,847.65,2025-07-19 14:34:13.412041
7776,760,3765.04,2025-09-15 03:35:00.496494
7777,580,,2025-10-29 23:32:45.075644
7778,543,2049.49,2026-05-19 05:18:15.401750
7779,371,281.54,2025-07-09 12:17:03.477912
7780,415,3465.65,2025-07-11 20:42:13.942474
7781,375,3015.33,2026-01-02 13:00:41.905721
7782,820,1385.98,2025-12-21 06:12:38.900606
7783,200,478.26,2026-02-02 03:34:02.177958
7784,1,2012.95,2025-11-17 19:44:03.865577
7785,577,339.82,2026-05-25 21:52:22.407471
7786,200,421.5,2026-03-07 16:24:28.862123
7787,903,1970.69,2026-03-31 14:26:33.298104
7788,835,9472.48,2025-08-24 20:20:10.153627
7789,56,4433.93,2026-04-20 08:20:13.897412
7790,98,1798.41,2025-09-18 14:51:52.532897
7791,421,1546.71,2025-12-16 19:56:08.615011
7792,543,12856.69,2026-05-02 04:41:59.645996
7793,229,1585.48,2025-12-06 10:20:16.711805
7794,700,1089.86,2026-02-27 20:31:41.536730
7795,535,4806.04,2026-03-14 13:19:06.847568
7796,292,533.63,2025-09-05 03:43:57.670139
7797,1,205.23,2025-08-03 21:07:36.053836
7798,733,2010.74,2026-01-14 17:51:10.584302
7799,200,201.52,2026-01-04 11:31:20.973239
7800,807,934.09,2025-08-26 03:29:38.063820
7801,379,1101.83,2025-09-15 04:03:33.939524
7802,505,,2026-05-15 12:12:28.506596
7803,875,9573.28,2025-09-24 15:02:34.607337
7804,849,499.44,2025-12-04 16:58:02.872751
7805,350,942.43,2025-10-15 04:51:38.716540
7806,200,283.68,2026-04-26 06:19:19.865961
7807,746,1871.02,2026-05-01 08:35:54.423271
7808,396,2601.5,2026-01-14 08:14:31.524384
7809,200,1315.86,2025-08-23 09:53:43.016053
7810,914,564.28,2025-10-18 14:15:10.715901
7811,200,1939.85,2026-05-03 06:18:38.923265
7812,2,1549.4,2025-10-20 02:43:17.448097
7813,1,375.52,2026-05-25 20:48:19.119557
7814,563,1040.68,2026-05-29 03:13:32.375813
7815,588,1142.56,2025-08-09 01:17:04.544760
7816,273,8104.61,2025-09-04 08:34:00.659438
7817,288,3784.74,2025-07-06 04:10:41.390345
7818,299,2651.31,2025-11-28 12:34:29.122620
7819,617,4392.44,2026-04-27 03:13:08.177603
7820,33,2659.71,2025-07-27 03:05:46.701148
7821,939,4674.39,2026-04-30 19:39:20.213288
7822,200,112.2,2026-05-12 06:01:29.438647
7823,1000,1217.86,2026-04-08 12:03:08.604446
7824,200,2747.93,2025-10-12 01:58:51.155602
7825,745,1750.76,2026-02-13 10:19:45.774276
7826,200,385.15,2025-12-17 00:42:53.043926
7827,56,832.52,2025-07-02 21:58:26.319660
7828,881,764.79,2025-06-09 09:56:26.261881
7829,834,605.85,2026-01-29 02:36:53.488683
7830,365,840.56,2026-02-19 15:14:01.586954
7831,661,1446.61,2025-07-28 00:13:23.233229
7832,483,3860.24,2025-10-24 08:39:24.007715
7833,829,2709.84,2025-11-02 15:27:53.755871
7834,282,3606.65,2026-03-28 09:09:55.108950
7835,460,4301.51,2025-07-28 04:32:41.249780
7836,415,1076.22,2025-06-12 08:52:56.310503
7837,331,849.38,2025-08-21 22:05:34.094698
7838,903,118.7,2026-01-24 15:21:43.583370
7839,200,,2026-04-23 23:28:15.480687
7840,181,136.18,2026-04-21 10:53:43.810719
7841,505,2702.9,2026-05-03 00:26:17.674224
7842,582,949.98,2025-06-02 04:21:41.720336
7843,200,5943.28,2025-07-19 06:26:09.688787
7844,365,1088.08,2026-04-03 20:27:05.606520
7845,963,3392.26,2025-12-20 09:46:17.054472
7846,200,664.4,2025-11-14 23:06:32.130826
7847,598,710.75,2026-01-25 16:56:49.622149
7848,727,1810.3,2025-07-17 11:27:33.325661
7849,415,12411.92,2026-01-16 08:07:12.660096
7850,944,1457.85,2026-01-20 18:59:44.315532
7851,717,5507.41,2026-05-13 03:20:03.583972
7852,415,3085.89,2026-03-09 03:46:30.774383
7853,488,3177.94,2025-06-19 04:56:30.930353
7854,637,1145.26,2026-05-28 02:22:12.119298
7855,530,977.29,2026-02-12 03:22:42.323334
7856,886,426.19,2025-06-04 09:22:14.110796
7857,332,6645.21,2026-05-20 20:43:03.715035
7858,253,6407.66,2025-10-01 16:58:42.808275
7859,200,2749.27,2026-03-27 08:05:18.909018
7860,9,702.67,2026-01-22 04:39:04.524948
7861,16,562.55,2025-08-14 18:19:24.152533
7862,868,8950.08,2026-05-14 14:08:51.002856
7863,613,137.72,2025-08-12 09:32:25.434718
7864,587,3710.22,2025-09-19 03:19:30.866883
7865,549,878.43,2026-02-01 20:16:19.411269
7866,829,1085.56,2025-12-27 02:50:54.454811
7867,415,3567.32,2025-10-31 17:40:28.717697
7868,869,189.95,2025-08-02 13:32:52.168315
7869,333,874.44,2025-12-26 01:57:44.600734
7870,939,6074.12,2026-05-04 10:15:53.453202
7871,654,2401.73,2025-06-04 05:40:12.315969
7872,209,2812.5,2025-11-19 14:57:13.755104
7873,483,2833.55,2026-03-31 22:01:56.651992
7874,477,124.96,2026-02-25 03:14:53.988656
7875,151,454.32,2026-01-20 22:51:37.805490
7876,526,1351.65,2025-11-23 16:59:22.470924
7877,281,918.21,2026-01-09 20:24:52.196431
7878,25,,2026-04-29 00:30:28.971625
7879,963,3041.46,2025-09-27 23:37:07.469115
7880,577,,2025-11-23 15:15:01.846192
7881,886,2160.52,2025-12-15 03:49:02.312163
7882,610,0.22,2026-04-01 07:28:40.200225
7883,332,130.27,2025-12-05 19:22:41.465295
7884,453,1049.46,2025-08-27 07:16:31.075491
7885,609,3677.05,2025-12-13 04:24:56.338264
7886,965,313.3,2025-06-29 02:47:35.971898
7887,206,1617.66,2026-05-22 00:20:06.257830
7888,881,2269.55,2026-03-17 13:40:36.669529
7889,936,521.52,2025-11-26 21:30:49.823281
7890,600,1436.23,2025-11-30 08:46:50.257120
7891,939,4847.41,2026-03-20 19:58:34.318863
7892,365,1435.82,2025-07-12 12:18:14.152526
7893,963,342.34,2025-07-17 22:09:56.521553
7894,662,1976.72,2026-05-21 22:53:59.334595
7895,13,1793.96,2025-12-25 22:55:12.026104
7896,917,54.65,2026-01-26 23:55:57.047531
7897,415,189.93,2025-06-13 04:03:47.634994
7898,415,341.06,2026-04-13 02:55:24.682654
7899,483,293.03,2025-11-12 14:49:30.735108
7900,180,600.77,2025-12-03 12:48:38.348317
7901,415,,2026-04-23 20:44:40.312998
7902,800,929.53,2026-02-25 14:12:28.145146
7903,1,4426.4,2025-11-21 14:40:35.208002
7904,229,1894.06,2026-02-07 23:08:04.257299
7905,1,4177.28,2026-05-28 20:04:17.444365
7906,377,1497.49,2025-06-22 11:10:53.996689
7907,710,188.34,2025-06-27 08:56:00.187831
7908,767,1244.59,2026-01-07 04:23:22.852653
7909,959,3452.31,2025-12-23 02:05:58.708806
7910,543,431.6,2025-07-28 08:14:56.359805
7911,206,191.29,2025-09-09 01:40:25.184605
7912,937,799.27,2025-09-28 05:48:42.839226
7913,747,984.98,2025-06-23 13:24:03.474652
7914,503,731.31,2025-10-10 06:16:54.013084
7915,644,290.61,2026-03-05 18:54:15.256462
7916,937,577.61,2026-02-07 20:41:34.448903
7917,689,2293.18,2025-09-23 18:53:55.987026
7918,347,975.29,2026-02-27 12:03:37.599895
7919,691,2002.33,2026-02-24 21:30:39.307836
7920,12,1537.05,2025-11-26 00:07:19.965242
7921,365,1592.81,2026-03-16 19:43:28.841224
7922,365,571.5,2026-02-08 20:00:11.841521
7923,200,1474.38,2025-07-28 10:11:15.352976
7924,1,47.76,2026-02-01 05:50:26.792280
7925,140,1130.37,2025-12-26 06:19:43.735072
7926,577,1700.18,2025-07-04 15:59:47.952776
7927,768,401.78,2026-05-15 19:20:03.915726
7928,984,592.93,2025-07-11 12:39:30.045740
7929,313,495.72,2025-11-03 11:11:21.421623
7930,543,146.34,2025-09-18 06:26:23.729347
7931,943,,2025-11-26 04:14:17.863525
7932,200,7723.21,2025-11-30 04:29:06.418206
7933,704,873.54,2025-08-21 04:35:33.657942
7934,733,1234.36,2026-01-12 17:42:23.498221
7935,68,2117.36,2025-06-18 21:02:43.924766
7936,844,2091.08,2025-11-28 03:32:56.595918
7937,783,5987.27,2025-12-31 02:06:20.688284
7938,5,3897.73,2026-03-24 01:32:03.315162
7939,68,3159.28,2026-02-25 08:57:01.383329
7940,23,6057.64,2025-08-08 09:05:08.801655
7941,296,524.72,2026-05-10 06:50:58.435284
7942,446,1919.72,2025-07-01 15:42:47.432373
7943,474,4364.22,2025-09-05 20:26:21.439800
7944,229,1957.07,2025-09-12 11:17:44.213455
7945,928,7581.42,2025-12-17 08:03:34.597897
7946,347,211.5,2025-10-02 12:58:33.987285
7947,17,1157.25,2026-01-17 04:56:44.057805
7948,254,7576.33,2026-03-07 22:16:15.882483
7949,474,954.68,2025-08-01 05:20:20.193378
7950,366,2690.74,2025-08-19 13:15:16.592687
7951,229,61.75,2025-08-04 13:43:30.186254
7952,136,2373.82,2026-04-05 14:23:35.321488
7953,792,5455.28,2025-06-11 21:02:10.938463
7954,988,964.82,2025-10-11 08:45:45.937047
7955,296,43.06,2026-01-19 22:03:10.375370
7956,365,56.61,2025-06-18 00:34:35.065183
7957,555,4451.68,2026-02-10 10:16:38.922837
7958,705,2563.98,2026-04-09 01:53:30.135336
7959,365,225.64,2026-05-27 15:57:33.333890
7960,915,112.27,2026-02-18 08:35:44.057010
7961,483,3267.72,2026-02-17 12:33:08.561969
7962,415,3320.0,2026-05-09 18:05:01.429897
7963,577,256.85,2025-07-11 22:45:41.004004
7964,963,717.7,2026-01-11 20:54:39.611475
7965,761,3028.49,2025-09-01 02:14:39.533198
7966,12,,2026-02-04 07:04:27.308896
7967,296,6273.89,2026-03-23 03:45:23.938970
7968,415,1311.94,2026-05-02 15:33:04.690145
7969,281,2259.95,2025-06-18 10:51:34.712817
7970,659,1425.82,2026-01-19 21:28:15.542359
7971,793,5728.2,2025-07-22 08:43:06.690453
7972,711,1017.19,2025-07-13 23:18:57.127166
7973,986,522.2,2025-06-07 07:32:28.429641
7974,229,790.93,2025-08-01 15:44:26.714267
7975,881,3831.59,2025-09-24 04:28:49.235862
7976,741,1378.07,2025-10-12 15:05:06.694899
7977,333,874.69,2025-10-27 20:24:40.940123
7978,712,1571.67,2025-06-10 04:17:10.382313
7979,96,285.96,2025-09-21 16:51:35.367655
7980,760,10.75,2026-02-10 11:02:55.159797
7981,474,658.63,2026-01-14 18:24:22.485805
7982,243,1857.77,2025-11-17 06:06:33.377453
7983,578,2487.37,2025-12-18 12:11:32.714574
7984,577,,2025-06-07 17:44:48.823268
7985,200,5225.4,2026-03-28 13:10:08.905788
7986,5,1062.44,2026-03-24 16:21:18.331133
7987,396,2698.13,2026-05-17 04:36:20.739033
7988,488,155.22,2025-12-28 05:42:17.881829
7989,886,118.5,2025-12-26 09:09:02.908148
7990,939,266.6,2025-11-16 12:59:49.989804
7991,474,1190.48,2025-12-21 02:12:53.686911
7992,733,474.69,2025-12-16 04:40:57.005722
7993,403,676.34,2025-06-17 11:46:45.812615
7994,733,2087.57,2025-10-11 05:58:40.531412
7995,200,887.96,2026-04-16 21:25:41.456518
7996,350,1630.05,2026-03-18 23:37:22.059702
7997,570,1063.43,2025-07-05 16:11:05.843997
7998,1,370.18,2026-01-22 07:53:34.099311
7999,705,153.81,2025-10-31 03:56:34.872984
8000,809,538.98,2025-07-27 01:53:28.262832
8001,365,118.86,2025-10-09 20:15:21.993712
8002,415,1927.88,2025-08-04 07:57:12.027854
8003,829,3176.5,2025-10-30 00:54:47.404922
8004,748,830.25,2025-11-24 08:23:07.322178
8005,240,979.14,2026-05-12 07:15:10.231677
8006,291,3387.72,2026-03-12 23:33:36.156259
8007,613,503.63,2025-10-02 22:02:09.178605
8008,483,253.76,2026-05-23 02:46:23.908210
8009,200,1390.77,2026-05-18 06:52:50.289744
8010,271,2077.99,2025-11-30 05:39:15.807887
8011,914,1830.85,2025-09-09 12:22:36.537972
8012,626,2502.64,2025-12-12 12:37:59.778863
8013,981,116.85,2025-11-16 04:05:32.870995
8014,743,1117.94,2025-07-10 01:57:01.259779
8015,952,545.12,2026-05-16 02:04:53.427398
8016,200,2846.92,2025-07-23 08:48:27.107163
8017,745,4122.9,2025-07-18 03:49:42.781313
8018,1,660.72,2026-01-09 06:53:51.857128
8019,601,200.12,2025-08-12 01:43:56.608500
8020,415,584.53,2026-01-06 18:31:42.617026
8021,315,219.65,2026-01-25 08:14:41.974910
8022,846,778.46,2025-12-30 16:37:31.786429
8023,829,1545.24,2025-12-25 23:06:41.048812
8024,1,7274.92,2025-10-12 15:38:12.855675
8025,543,1019.55,2025-10-22 17:04:58.045891
8026,346,497.03,2026-01-23 11:10:47.169010
8027,377,364.97,2025-11-04 12:32:57.255131
8028,802,380.0,2026-03-07 07:55:20.389457
8029,271,427.87,2025-08-29 00:33:57.752466
8030,954,2873.21,2025-11-13 01:50:21.281757
8031,200,125.94,2025-08-05 08:44:48.632341
8032,590,11906.57,2025-09-12 02:13:53.022434
8033,604,1479.16,2026-02-27 20:02:29.227888
8034,206,1571.72,2026-02-11 02:52:29.211011
8035,292,884.98,2026-01-26 18:15:42.377669
8036,808,2344.01,2025-12-29 06:36:16.709441
8037,740,1275.26,2026-01-06 03:29:05.470110
8038,294,798.15,2025-09-08 02:58:57.535908
8039,479,616.15,2025-07-28 15:39:32.011764
8040,34,5197.98,2025-08-10 23:39:01.896871
8041,200,687.77,2025-12-18 22:52:08.933107
8042,415,1146.8,2025-09-26 01:52:37.057560
8043,60,862.62,2026-02-17 11:40:36.560752
8044,824,180.24,2026-04-14 06:35:08.773849
8045,705,411.43,2026-01-27 04:58:58.771049
8046,955,420.21,2026-04-12 17:06:01.487827
8047,640,2366.05,2026-05-22 22:10:47.307295
8048,947,1043.72,2026-05-15 11:50:08.173324
8049,483,3046.22,2025-07-22 04:48:52.559873
8050,543,2468.53,2025-06-18 03:28:52.012935
8051,977,426.51,2026-01-31 21:24:49.677104
8052,577,1655.26,2025-09-14 05:07:40.909452
8053,5,2716.65,2026-02-16 20:47:08.247726
8054,705,2005.02,2025-06-03 21:58:22.235562
8055,916,1832.66,2025-06-21 21:42:16.064306
8056,761,2691.16,2026-03-01 01:52:08.559483
8057,521,116.91,2026-05-07 22:42:41.985531
8058,604,2629.23,2026-02-15 08:46:35.388479
8059,986,636.71,2026-01-31 08:10:49.665584
8060,68,1696.67,2025-12-07 02:11:04.958434
8061,596,554.95,2026-02-19 06:01:19.914748
8062,231,3650.44,2025-10-04 16:53:37.315316
8063,576,1310.01,2025-12-15 07:31:42.255449
8064,543,2059.71,2025-07-29 00:58:57.156111
8065,188,3160.55,2025-10-25 01:06:42.508135
8066,200,4513.6,2025-07-19 10:18:40.041115
8067,563,2634.0,2026-03-09 03:24:14.069242
8068,133,322.14,2025-07-06 09:41:08.349174
8069,229,3855.6,2025-12-08 22:57:09.942278
8070,809,1927.7,2026-01-04 15:40:57.111546
8071,293,1880.4,2025-10-14 02:35:50.200177
8072,415,5085.26,2026-02-08 19:13:11.516260
8073,949,572.25,2025-07-14 05:36:12.439960
8074,200,547.79,2025-07-25 08:54:06.899473
8075,365,1439.78,2026-05-24 18:33:08.558442
8076,543,2779.51,2025-11-10 19:58:56.297253
8077,733,1185.67,2025-06-07 10:45:18.461495
8078,914,,2026-01-06 05:33:58.376025
8079,935,1204.88,2026-03-31 09:59:43.394069
8080,751,1885.2,2026-04-16 13:39:40.628567
8081,200,3454.89,2025-07-08 16:58:17.571426
8082,1,398.06,2025-10-09 19:26:59.523850
8083,365,2377.37,2025-11-29 06:46:34.924476
8084,161,3096.93,2025-06-11 19:21:26.150931
8085,685,1185.2,2026-03-03 05:15:36.091889
8086,587,780.86,2025-12-02 17:38:24.586157
8087,17,27.27,2026-05-13 22:20:18.122221
8088,809,3190.13,2025-10-30 22:06:35.732349
8089,200,794.81,2025-08-15 03:40:37.700680
8090,396,884.18,2025-10-30 15:50:46.419785
8091,598,818.96,2026-03-18 23:05:57.930318
8092,394,1381.26,2026-01-21 07:36:24.618088
8093,408,2424.68,2025-11-11 13:53:48.215194
8094,39,2955.62,2026-03-17 07:57:10.269750
8095,365,997.04,2026-05-04 04:44:28.268501
8096,740,2175.95,2025-12-17 07:13:46.923848
8097,934,2550.82,2025-12-09 05:26:03.019650
8098,373,704.56,2026-01-12 11:03:48.936213
8099,382,203.23,2025-09-28 04:13:18.566905
8100,661,4501.23,2025-12-08 22:34:13.536757
8101,954,2260.92,2025-06-17 21:02:01.296451
8102,229,2088.88,2026-05-27 06:52:23.578296
8103,404,121.42,2026-05-12 13:02:12.999572
8104,761,3406.1,2025-10-02 16:27:49.417243
8105,543,1669.67,2026-02-28 01:18:07.326073
8106,103,3766.23,2025-09-05 10:07:26.712259
8107,569,7342.96,2026-03-31 00:07:09.663950
8108,200,6297.78,2026-05-03 15:18:38.456369
8109,447,3877.13,2025-06-17 22:48:46.476880
8110,474,22.02,2025-08-30 02:24:57.495222
8111,886,4338.33,2025-08-17 03:32:54.989748
8112,415,156.06,2025-09-13 10:46:19.259012
8113,229,3810.22,2025-09-25 23:35:08.642924
8114,200,657.49,2025-11-06 20:37:24.609031
8115,879,1883.57,2026-04-20 10:36:04.445827
8116,200,77.62,2025-07-09 04:22:02.013429
8117,386,2949.65,2026-04-22 18:58:30.890451
8118,200,236.91,2026-02-08 17:14:54.891014
8119,746,1057.6,2026-01-26 04:38:28.566653
8120,415,3401.42,2026-01-03 18:10:38.434095
8121,324,2377.18,2025-10-08 08:51:29.320546
8122,333,12.12,2025-06-19 13:31:39.702942
8123,829,1031.78,2025-06-01 01:27:14.654247
8124,483,85.66,2025-06-18 03:45:55.418663
8125,705,2238.65,2026-01-04 23:48:50.177409
8126,914,6944.22,2025-12-31 21:42:33.885466
8127,914,2129.94,2025-06-29 10:37:48.336752
8128,293,508.17,2026-01-13 05:07:41.305140
8129,963,877.73,2025-12-23 10:00:18.782186
8130,1,7514.36,2025-06-15 01:38:54.480875
8131,359,507.34,2026-01-11 13:02:26.838924
8132,909,1648.92,2025-08-03 07:08:15.811746
8133,229,1023.16,2025-10-26 20:00:41.140658
8134,229,2924.76,2026-02-26 06:06:03.538062
8135,260,4040.67,2025-09-16 04:12:35.298709
8136,543,833.57,2026-03-28 16:36:55.775524
8137,401,2159.95,2026-01-28 15:01:48.741261
8138,710,1592.79,2025-09-15 03:04:25.478476
8139,908,652.69,2026-03-07 14:45:40.330473
8140,605,634.75,2025-07-13 07:51:55.780292
8141,200,1547.12,2025-10-08 22:15:45.085335
8142,939,334.48,2026-05-03 06:23:02.209342
8143,229,3330.01,2025-09-19 19:00:24.750971
8144,181,143.0,2026-04-17 19:17:52.844147
8145,68,198.7,2025-11-02 14:51:34.187433
8146,483,,2025-07-15 02:30:56.106557
8147,105,251.33,2025-05-30 14:47:19.254331
8148,154,1291.38,2025-09-28 17:34:03.827261
8149,253,1020.57,2026-04-10 23:45:27.117091
8150,229,2558.9,2026-05-10 06:03:01.023120
8151,543,6115.39,2025-11-07 20:39:27.367002
8152,791,2801.26,2026-01-15 17:30:43.625277
8153,740,395.56,2025-12-06 16:53:17.244251
8154,225,5482.84,2026-02-25 15:24:41.754530
8155,200,995.6,2026-01-31 22:01:26.570226
8156,965,1285.63,2025-09-20 17:28:42.908122
8157,1,1094.9,2026-04-24 18:52:32.431943
8158,888,658.53,2026-02-02 14:26:20.799732
8159,200,4508.43,2026-02-20 02:48:48.040632
8160,963,807.65,2025-10-12 07:10:32.020229
8161,305,1728.33,2025-08-18 14:06:22.040588
8162,405,548.96,2025-09-01 19:10:24.167985
8163,675,3192.8,2026-01-20 02:47:27.936848
8164,521,2976.2,2025-08-29 11:53:42.457483
8165,287,702.84,2026-01-21 19:10:53.955797
8166,483,,2025-10-30 21:03:17.286365
8167,711,2433.94,2025-11-23 18:42:04.361391
8168,13,1653.41,2025-08-06 05:07:48.079013
8169,1,1835.58,2026-03-04 16:57:18.669491
8170,415,1708.77,2026-01-12 21:00:20.406695
8171,137,170.82,2026-05-30 07:13:09.639732
8172,592,2218.93,2025-10-22 20:42:22.789950
8173,200,1268.91,2025-10-29 17:03:49.577098
8174,396,1154.13,2025-06-28 22:05:00.777001
8175,200,3932.21,2025-12-20 19:51:34.943384
8176,483,47.0,2026-04-13 13:14:52.897211
8177,111,578.87,2025-07-05 15:19:20.220137
8178,1,258.86,2026-03-15 10:53:00.596541
8179,24,71.96,2026-05-05 18:58:08.941068
8180,963,645.04,2026-01-14 07:27:30.368862
8181,164,8926.69,2025-07-31 23:27:53.548432
8182,680,630.05,2026-05-30 07:01:44.518499
8183,41,,2025-12-07 20:59:24.667919
8184,100,251.8,2025-10-14 06:57:43.405550
8185,445,,2025-07-31 09:29:41.680277
8186,415,8331.44,2025-08-29 10:26:29.462445
8187,963,690.16,2025-10-11 20:08:45.693385
8188,959,3768.74,2025-06-27 10:40:40.392367
8189,751,12040.86,2025-12-29 15:41:05.061869
8190,543,1776.16,2025-08-10 20:39:55.136676
8191,415,740.39,2026-03-13 18:01:54.148498
8192,332,2238.84,2025-08-23 14:36:47.639074
8193,963,3726.7,2026-01-21 05:45:25.790524
8194,543,375.92,2025-09-21 02:26:12.437900
8195,512,1204.84,2026-05-18 13:44:18.387091
8196,200,768.94,2025-12-18 14:41:28.824663
8197,20,666.36,2025-12-21 03:09:17.344111
8198,959,3943.99,2025-07-25 18:29:52.682720
8199,281,1095.17,2026-04-08 06:43:30.693694
8200,412,828.23,2026-05-19 13:19:10.157303
8201,108,1850.21,2025-11-21 08:22:29.804641
8202,809,495.39,2025-08-05 22:19:28.623352
8203,5,522.45,2026-05-13 15:22:33.184057
8204,807,1469.14,2025-05-30 19:40:19.068998
8205,158,1052.8,2025-08-06 15:27:34.320845
8206,901,699.06,2026-02-17 22:08:46.814252
8207,711,110.92,2026-03-11 10:19:04.397942
8208,200,1471.17,2025-07-30 23:52:19.587228
8209,483,3392.27,2025-12-16 08:56:28.485817
8210,278,3812.69,2025-11-06 08:27:31.007936
8211,200,536.91,2025-07-04 14:42:14.207174
8212,836,1830.79,2025-07-20 10:19:15.933181
8213,365,3874.24,2026-02-15 12:31:07.368919
8214,365,1050.95,2025-06-02 02:25:24.360148
8215,200,5380.52,2025-08-02 11:24:21.988113
8216,365,4665.65,2025-08-14 05:26:48.793385
8217,871,466.73,2026-01-30 11:40:31.683984
8218,333,599.41,2026-04-05 06:17:55.940853
8219,963,397.98,2026-02-22 20:05:50.064689
8220,963,436.45,2025-09-20 19:02:48.998478
8221,170,4768.94,2025-08-20 23:58:52.736164
8222,200,5351.3,2026-05-17 09:30:05.461888
8223,847,106.58,2026-01-08 22:34:32.443143
8224,365,1800.85,2026-05-26 06:05:29.308920
8225,1,1661.29,2025-08-15 16:45:41.432632
8226,229,990.39,2025-10-16 12:21:12.499224
8227,540,1997.7,2026-03-05 01:41:31.723991
8228,767,5888.86,2025-06-26 08:14:56.182927
8229,140,373.27,2026-03-25 22:24:59.444245
8230,103,256.6,2026-03-14 21:47:08.670031
8231,936,67.92,2025-10-19 23:26:24.155998
8232,733,904.59,2026-02-01 13:14:20.640242
8233,524,823.86,2026-01-30 08:17:26.103368
8234,743,1127.12,2025-06-06 06:59:55.878256
8235,392,1399.58,2025-11-14 11:15:43.264748
8236,733,2836.18,2026-03-07 11:25:51.291862
8237,350,995.53,2025-07-04 22:52:47.792974
8238,200,,2026-01-04 04:29:01.909399
8239,711,3507.53,2026-03-26 04:38:59.150980
8240,379,3791.53,2025-07-24 18:02:54.713397
8241,977,529.93,2026-02-27 20:09:46.179889
8242,322,755.71,2026-01-27 15:23:09.705159
8243,936,3487.27,2026-01-15 08:07:25.847947
8244,939,165.48,2025-09-05 15:13:02.027465
8245,200,788.6,2026-02-27 19:12:55.604485
8246,767,1189.68,2026-05-06 08:59:48.810860
8247,396,414.22,2025-08-01 00:29:59.333257
8248,936,396.69,2025-11-30 11:27:19.317003
8249,415,1106.29,2025-10-22 10:29:09.184196
8250,731,,2026-02-15 22:11:59.171389
8251,415,3668.08,2026-04-30 12:26:27.804829
8252,200,7748.98,2025-06-27 06:23:33.126077
8253,200,153.73,2025-06-03 00:56:21.483337
8254,386,488.43,2025-09-08 05:19:26.549863
8255,733,2826.34,2026-01-14 17:57:13.470315
8256,543,1555.66,2025-09-12 20:03:08.194033
8257,628,794.04,2026-01-21 00:46:05.268348
8258,229,460.31,2025-07-17 05:57:37.483022
8259,415,658.34,2026-04-10 03:08:46.197437
8260,17,1121.74,2025-08-06 17:57:55.940226
8261,791,389.97,2025-08-01 11:50:13.836110
8262,986,6661.07,2025-12-07 04:53:42.355213
8263,365,227.66,2026-05-03 19:37:42.150724
8264,1,8477.92,2025-11-10 06:03:35.855193
8265,200,3688.97,2026-05-13 14:42:34.702595
8266,577,1100.35,2026-04-18 17:07:35.934042
8267,543,2692.73,2026-05-20 00:49:02.893819
8268,760,2226.53,2026-05-10 05:12:44.938138
8269,206,479.78,2026-02-04 05:45:36.266384
8270,740,828.21,2025-11-15 05:21:39.914663
8271,626,1439.49,2025-07-01 08:13:26.377854
8272,291,2031.36,2025-06-21 04:50:58.745866
8273,483,1565.68,2026-01-15 03:48:05.027609
8274,173,1281.06,2025-12-03 21:38:37.756140
8275,415,1170.93,2025-08-06 23:59:07.718921
8276,892,1379.36,2025-10-06 14:25:59.470123
8277,379,1139.56,2025-12-19 00:30:05.103819
8278,816,1558.85,2026-05-20 15:42:18.331964
8279,524,4378.25,2025-06-22 06:28:25.050825
8280,200,2003.86,2026-05-21 09:44:16.231403
8281,516,2564.74,2025-08-18 01:22:48.834157
8282,442,1820.04,2025-08-27 04:26:38.287408
8283,365,2060.14,2025-06-19 03:03:58.307003
8284,121,1727.16,2025-07-19 16:28:00.121530
8285,379,54.47,2025-07-18 23:14:02.174531
8286,47,15640.02,2025-09-13 08:44:11.568955
8287,81,68.37,2025-08-08 05:46:31.108937
8288,378,,2026-05-28 23:12:59.199428
8289,267,222.12,2026-03-12 02:08:38.908088
8290,938,203.91,2025-12-27 08:58:58.256318
8291,357,3155.17,2025-08-12 00:00:18.852184
8292,733,1109.99,2026-01-16 21:01:00.567380
8293,474,3230.3,2025-12-10 01:56:47.429499
8294,665,637.07,2025-11-01 14:52:52.207804
8295,220,592.67,2026-04-11 07:50:22.154480
8296,952,578.65,2026-03-20 00:26:57.609201
8297,474,1914.98,2025-06-03 15:10:42.546991
8298,801,3374.79,2025-10-25 14:41:44.782320
8299,339,1203.91,2025-10-06 12:57:21.453337
8300,85,953.65,2026-03-28 00:21:47.598593
8301,605,7267.23,2025-09-04 16:23:06.802922
8302,1,248.3,2025-09-06 14:59:14.528333
8303,415,1333.53,2025-07-30 09:39:49.966752
8304,200,1050.15,2026-02-26 04:19:54.046585
8305,568,206.56,2026-02-02 17:54:15.932658
8306,977,624.5,2025-10-24 07:17:10.134985
8307,415,57.71,2025-07-11 17:25:14.610958
8308,791,4190.4,2025-12-25 20:37:21.109620
8309,443,1872.22,2025-10-03 05:04:09.489545
8310,423,3375.0,2025-06-08 02:15:20.730500
8311,939,1474.43,2025-09-05 08:46:11.492620
8312,903,1830.13,2026-03-06 08:47:29.750551
8313,760,2413.65,2026-04-12 00:31:31.506936
8314,245,4772.19,2025-08-10 23:17:33.990920
8315,483,192.48,2025-10-02 20:09:09.915236
8316,200,803.79,2026-04-12 15:17:44.630433
8317,415,2469.04,2025-09-07 03:20:34.402799
8318,415,6356.93,2025-08-03 00:39:42.889841
8319,802,7906.46,2026-05-29 12:07:08.135081
8320,910,2032.79,2026-03-25 15:36:36.675881
8321,376,430.35,2025-10-31 11:52:35.001814
8322,1,253.87,2025-07-18 06:09:45.170171
8323,846,5839.16,2025-12-03 02:57:30.634499
8324,200,,2026-01-01 22:25:39.420321
8325,563,433.37,2026-01-04 00:01:17.390630
8326,1,5432.95,2026-02-15 13:03:31.636510
8327,365,220.8,2025-09-26 15:38:26.724048
8328,981,2615.49,2026-02-01 23:39:11.104936
8329,87,1963.06,2026-03-21 11:52:54.293311
8330,383,183.65,2026-05-04 22:21:11.021833
8331,267,827.24,2025-12-04 10:44:36.416274
8332,915,324.87,2026-01-26 13:38:57.902648
8333,866,1855.2,2026-03-03 19:27:54.160045
8334,200,,2026-01-26 14:54:54.079367
8335,56,8.57,2025-07-04 09:04:24.854945
8336,567,7435.43,2026-01-22 08:54:29.510255
8337,296,860.29,2026-03-25 18:01:37.499765
8338,604,597.36,2025-10-13 21:43:48.886674
8339,5,503.2,2025-11-21 06:23:19.883080
8340,140,345.89,2025-09-21 08:08:55.599165
8341,621,14110.37,2026-05-25 07:24:23.584618
8342,200,699.43,2026-05-01 12:17:56.608002
8343,831,1040.11,2025-06-25 23:19:32.368390
8344,33,4101.41,2025-09-14 09:39:05.019698
8345,200,2053.82,2025-09-07 13:34:56.207909
8346,996,919.93,2025-07-04 08:15:33.348812
8347,396,4572.02,2026-03-15 19:06:35.969894
8348,663,,2025-12-14 03:07:58.218906
8349,200,,2025-12-13 18:55:45.269763
8350,543,2064.18,2026-01-12 18:15:31.614265
8351,710,5112.34,2025-11-21 14:16:31.850427
8352,281,1372.19,2026-03-15 02:51:04.209426
8353,796,2645.61,2026-05-30 15:37:44.401983
8354,543,7088.09,2025-08-15 15:33:44.630670
8355,365,2345.04,2025-10-25 08:09:38.738003
8356,483,216.15,2025-07-07 02:53:32.701875
8357,505,560.91,2025-07-12 06:56:32.426821
8358,200,1808.21,2025-07-04 13:06:40.308529
8359,365,644.7,2025-09-29 17:39:25.485180
8360,307,6318.47,2026-02-27 14:19:01.856676
8361,365,1039.57,2025-10-22 03:53:53.641447
8362,740,1222.14,2026-02-12 02:04:10.186189
8363,415,2418.65,2025-08-29 06:12:54.984286
8364,946,1485.72,2025-09-30 11:46:52.455666
8365,244,963.01,2026-04-19 14:02:31.435097
8366,377,159.47,2025-10-15 10:37:16.308145
8367,760,1814.89,2026-03-22 16:01:51.655481
8368,483,4043.55,2025-07-09 15:10:23.117889
8369,483,2315.21,2026-05-26 13:33:17.522382
8370,26,960.9,2025-09-18 12:26:48.788208
8371,365,273.3,2025-11-09 00:57:43.686691
8372,229,3389.32,2025-06-16 21:42:58.032493
8373,999,5685.97,2026-05-27 10:38:57.681604
8374,269,982.94,2025-10-13 12:07:23.823334
8375,899,2608.63,2026-02-27 01:36:56.035629
8376,610,1057.86,2025-11-07 07:53:50.550802
8377,302,1395.38,2026-03-27 16:43:59.577673
8378,483,3621.6,2025-12-21 11:24:18.020807
8379,819,174.22,2026-05-09 15:58:09.741062
8380,897,1511.47,2026-01-22 12:45:41.124366
8381,198,483.18,2026-03-24 09:17:26.833601
8382,299,830.44,2026-03-03 18:43:52.786940
8383,296,2068.06,2025-12-19 14:50:58.664989
8384,13,55.21,2025-10-05 08:33:28.817845
8385,540,1801.94,2025-09-05 15:38:02.279129
8386,829,666.59,2025-08-11 06:47:46.490763
8387,365,2214.2,2025-07-05 04:42:42.194648
8388,727,305.33,2026-01-25 23:30:06.311747
8389,569,2662.19,2026-04-13 10:29:17.631647
8390,357,2074.88,2026-01-29 10:31:53.212881
8391,160,7097.67,2025-10-07 07:55:16.397662
8392,683,4843.53,2026-03-09 10:20:53.094384
8393,829,666.2,2025-10-29 18:40:45.762023
8394,619,55.39,2025-06-28 14:22:52.240350
8395,1,2130.56,2025-09-26 13:46:14.029149
8396,200,1847.07,2025-12-31 00:10:48.932738
8397,44,55.62,2025-06-22 05:34:47.574669
8398,490,261.76,2025-09-09 06:38:46.333874
8399,733,1757.52,2025-11-11 23:43:44.653912
8400,103,4856.91,2026-01-01 05:15:52.066036
8401,812,,2026-03-02 07:58:32.823754
8402,483,328.54,2025-11-08 11:37:20.007629
8403,632,970.88,2026-05-02 07:10:05.784513
8404,973,88.33,2026-02-26 00:43:32.602902
8405,59,1267.01,2025-10-17 06:15:25.135416
8406,914,2797.41,2025-06-04 16:43:07.646514
8407,131,3121.04,2025-06-30 15:07:58.896796
8408,365,1382.26,2026-05-07 15:05:11.285902
8409,829,201.56,2026-02-23 04:37:01.279092
8410,916,960.48,2025-05-31 19:19:32.695216
8411,442,5379.5,2026-05-17 04:14:23.788376
8412,534,,2026-02-11 16:20:36.942188
8413,679,770.6,2026-02-15 08:11:00.919713
8414,805,2747.37,2025-12-06 13:25:20.472834
8415,125,2645.37,2025-07-12 22:37:04.931874
8416,776,4865.44,2025-10-29 21:50:25.361160
8417,415,982.43,2025-07-08 23:42:58.985686
8418,415,1445.56,2025-10-24 19:49:22.975599
8419,384,1259.94,2025-08-24 16:00:49.925981
8420,445,5255.31,2026-05-17 16:02:42.795297
8421,959,2933.54,2026-05-10 06:20:12.101376
8422,483,3560.95,2025-12-26 20:47:55.548385
8423,963,285.66,2026-01-10 02:23:00.632002
8424,200,3138.96,2025-06-05 00:49:43.415528
8425,705,1134.72,2025-08-18 15:15:57.279295
8426,780,47.23,2025-08-01 10:25:28.245652
8427,614,123.94,2026-04-24 15:11:42.925659
8428,543,2265.84,2025-12-05 01:36:33.003868
8429,483,930.47,2025-08-16 19:30:42.858841
8430,843,4051.66,2025-06-21 01:51:24.855065
8431,793,2650.57,2026-01-09 23:13:49.630087
8432,127,43.84,2025-09-13 12:29:54.593847
8433,829,2322.39,2026-03-23 15:32:09.826717
8434,374,427.26,2025-10-31 09:01:58.923548
8435,206,1098.38,2025-10-22 02:06:20.073687
8436,868,1960.25,2025-11-30 23:57:53.353334
8437,396,4122.7,2025-10-23 05:57:28.954648
8438,775,1217.97,2026-01-31 12:37:04.323571
8439,229,3305.64,2025-09-01 19:01:11.247854
8440,1,3055.4,2025-09-04 06:01:07.839649
8441,422,1070.71,2026-05-12 04:52:07.845941
8442,85,1390.22,2026-05-04 17:36:59.299024
8443,733,2411.18,2026-02-15 13:46:22.273340
8444,229,63.29,2025-08-18 19:14:14.020296
8445,415,4429.36,2025-12-31 06:26:39.691898
8446,64,2937.75,2026-02-27 14:59:13.635012
8447,240,573.81,2026-04-25 21:13:43.799632
8448,751,7945.67,2025-10-03 10:46:53.725189
8449,184,395.42,2025-11-10 14:14:44.146600
8450,577,4908.83,2025-11-25 05:23:01.497746
8451,936,784.53,2025-08-26 14:51:13.652710
8452,617,2880.63,2026-03-27 15:24:37.300004
8453,778,1219.0,2025-09-05 14:41:42.489797
8454,101,2667.16,2026-02-05 11:03:17.787553
8455,203,338.69,2025-12-01 15:25:42.834532
8456,907,628.07,2026-01-03 23:09:27.424869
8457,696,210.41,2026-04-14 04:18:01.005592
8458,576,4007.1,2026-04-01 11:54:49.529629
8459,591,702.79,2025-07-06 14:29:56.570572
8460,374,2371.46,2025-10-14 05:39:32.299320
8461,17,3432.06,2026-01-18 20:44:20.160789
8462,755,4633.74,2025-06-09 02:19:51.804242
8463,613,224.76,2025-09-16 05:20:51.407609
8464,415,4470.13,2026-01-17 10:55:01.528973
8465,914,439.43,2026-05-30 14:10:56.702839
8466,296,2670.46,2026-04-25 10:29:34.021314
8467,244,2610.16,2025-06-30 03:10:24.022136
8468,874,17.08,2026-01-15 05:51:13.319136
8469,763,498.52,2026-03-20 13:41:51.635743
8470,457,1354.19,2026-01-27 05:57:46.844424
8471,136,1089.57,2025-11-06 13:30:35.734519
8472,200,,2025-11-05 14:27:31.201259
8473,580,891.76,2025-06-18 06:40:22.258231
8474,365,,2025-06-23 20:21:01.241771
8475,809,1230.26,2025-12-31 11:14:22.700701
8476,963,6668.17,2026-02-15 08:24:40.687586
8477,772,2673.9,2026-02-03 19:35:19.252167
8478,360,3536.1,2025-06-14 19:42:47.390722
8479,760,221.59,2026-02-10 04:06:16.809042
8480,324,1764.46,2025-12-17 03:04:07.660703
8481,200,307.94,2025-12-23 15:53:25.854706
8482,5,706.56,2026-04-04 13:33:35.343158
8483,365,1954.02,2025-09-16 15:46:24.557534
8484,914,2590.9,2025-11-26 08:20:36.334403
8485,200,79.94,2025-10-28 19:27:08.018294
8486,200,1514.07,2026-04-18 15:18:00.594740
8487,970,1666.26,2025-08-13 06:12:50.074208
8488,1,164.22,2025-06-23 04:43:32.147230
8489,760,1389.05,2026-03-16 23:23:03.958204
8490,291,2502.42,2026-04-02 10:51:37.256508
8491,9,109.39,2025-12-23 10:43:41.794284
8492,936,2856.47,2026-01-13 23:07:34.073367
8493,155,1718.06,2025-07-29 16:27:48.458617
8494,483,3582.25,2026-05-23 05:52:30.985818
8495,229,491.96,2025-09-01 13:58:42.844927
8496,39,3582.8,2026-01-22 04:57:15.029642
8497,24,198.67,2025-11-26 11:50:13.327892
8498,109,1034.46,2026-01-05 21:22:10.462320
8499,47,445.0,2025-06-07 11:50:40.283057
8500,739,4175.28,2025-08-14 01:17:53.540546
8501,415,2441.02,2026-05-08 15:08:24.558829
8502,307,51.38,2025-11-24 14:40:30.533018
8503,379,19.14,2025-10-13 16:40:54.237971
8504,939,688.5,2026-02-08 19:18:26.904268
8505,928,309.3,2025-12-23 10:06:10.849248
8506,697,1990.15,2025-07-08 20:06:12.209691
8507,899,2180.08,2026-03-17 14:18:08.490449
8508,288,5692.93,2026-03-19 06:18:02.077995
8509,365,6074.77,2025-11-06 03:10:46.384965
8510,546,2151.14,2026-05-04 05:45:35.341047
8511,565,11.38,2026-04-15 16:39:55.645605
8512,415,889.45,2026-03-02 14:23:39.771278
8513,365,1439.56,2026-04-17 18:04:01.986373
8514,981,1383.02,2025-10-29 08:02:28.914267
8515,793,1849.35,2025-07-15 13:53:40.551671
8516,397,6465.52,2025-08-07 01:28:11.054404
8517,710,4329.0,2026-04-13 18:49:04.071113
8518,229,230.62,2025-09-21 01:37:26.812306
8519,85,618.44,2026-02-09 17:51:43.454055
8520,327,3580.83,2026-04-14 17:54:15.352935
8521,365,3478.03,2026-02-13 10:13:44.371483
8522,1,644.19,2026-04-03 08:56:34.631669
8523,787,2623.03,2026-05-13 09:01:22.437510
8524,332,2229.71,2026-04-23 21:39:41.375909
8525,514,,2026-02-06 21:44:00.762709
8526,50,449.93,2025-11-05 00:21:47.650705
8527,200,4390.03,2025-06-04 12:58:22.700336
8528,902,2265.48,2025-06-02 20:36:58.087217
8529,543,370.23,2026-03-15 19:13:41.168136
8530,963,2440.22,2025-11-13 22:53:40.601441
8531,997,2705.21,2025-06-17 18:12:00.213769
8532,350,4358.62,2025-06-02 07:34:33.762033
8533,250,504.22,2025-08-10 11:22:11.151943
8534,834,8975.5,2025-11-01 17:13:53.295893
8535,996,333.04,2026-05-18 19:44:54.524672
8536,570,1836.03,2025-07-31 18:34:38.088609
8537,761,2141.08,2025-07-07 02:09:09.799580
8538,751,1085.85,2026-04-07 01:32:06.552404
8539,331,1288.86,2025-06-16 03:04:38.819308
8540,503,4431.17,2025-08-02 01:48:39.494378
8541,806,2072.82,2026-03-09 17:44:08.765963
8542,626,1374.33,2026-05-02 19:52:56.186570
8543,1,274.73,2025-06-08 18:01:18.844037
8544,297,14.73,2025-08-16 04:23:30.831518
8545,170,266.99,2025-11-27 04:35:41.611172
8546,200,6255.54,2026-01-05 11:34:01.207493
8547,916,2888.58,2026-05-18 01:52:33.701667
8548,8,6829.56,2026-02-18 16:56:37.944259
8549,200,72.72,2026-01-01 00:19:16.089954
8550,271,2280.25,2025-10-21 01:29:49.259790
8551,553,90.61,2026-04-27 10:24:04.373053
8552,479,3047.04,2026-05-17 21:26:44.997712
8553,200,959.14,2026-02-22 05:41:02.936485
8554,200,201.33,2025-12-22 13:19:43.018042
8555,200,1678.88,2025-12-06 19:34:12.896305
8556,436,657.34,2026-05-16 07:03:25.740914
8557,229,2155.11,2025-12-31 07:09:23.432640
8558,963,,2025-06-21 08:55:56.695687
8559,415,2441.61,2026-01-21 00:24:33.114666
8560,33,9776.41,2025-09-27 00:16:49.889070
8561,711,977.79,2026-04-27 21:59:52.949512
8562,294,1252.16,2025-12-30 19:03:29.689230
8563,577,3265.53,2025-07-10 08:14:48.228437
8564,229,1727.25,2025-12-10 02:32:27.420862
8565,492,75.94,2026-05-17 03:32:32.336671
8566,746,3704.02,2025-09-06 18:18:16.584723
8567,939,105.74,2026-03-15 15:25:54.989403
8568,222,374.64,2026-02-12 17:46:37.848205
8569,296,215.35,2025-11-18 06:25:38.245761
8570,415,162.26,2026-02-23 09:26:09.068634
8571,939,52.04,2025-06-06 02:04:02.878799
8572,914,113.2,2025-09-06 21:40:56.923517
8573,68,1168.37,2026-04-28 02:43:22.011147
8574,137,582.98,2025-11-24 00:50:45.338222
8575,422,270.58,2026-04-03 20:20:33.882778
8576,98,2150.02,2025-09-25 03:56:06.417400
8577,312,512.66,2025-08-04 11:27:01.017313
8578,177,38.26,2026-03-15 14:15:05.037677
8579,572,1084.01,2026-02-28 09:53:01.365165
8580,963,743.38,2025-11-01 16:57:26.579292
8581,990,767.22,2025-11-09 01:12:13.089244
8582,357,1178.55,2026-01-12 05:30:05.516492
8583,542,2210.75,2026-04-23 11:36:23.872432
8584,830,1916.72,2025-10-07 01:06:41.432570
8585,116,5537.56,2025-07-29 19:52:36.172810
8586,632,1458.45,2025-10-09 20:28:31.893314
8587,367,1279.48,2026-05-14 19:32:11.887770
8588,200,480.11,2025-07-02 11:42:23.738631
8589,365,2816.11,2025-11-19 05:10:56.522684
8590,56,303.45,2025-08-30 23:51:32.203369
8591,643,1351.14,2025-09-29 08:36:36.339454
8592,206,1094.02,2025-08-01 05:24:22.457803
8593,273,2147.65,2025-06-06 23:53:14.681491
8594,123,4992.86,2026-05-21 07:59:16.531688
8595,851,5859.72,2025-12-06 22:09:00.867678
8596,416,367.36,2026-04-08 01:43:16.862502
8597,496,607.13,2026-03-10 13:04:57.293106
8598,488,3338.75,2025-11-14 14:40:38.354207
8599,369,1460.78,2025-06-30 21:46:41.528175
8600,200,1206.74,2025-11-07 02:46:43.989259
8601,733,2480.07,2025-11-01 08:49:23.416707
8602,131,1842.23,2025-11-04 19:40:18.858655
8603,95,7061.3,2025-11-03 07:50:02.155002
8604,685,1754.02,2026-01-23 20:51:14.692821
8605,200,1254.62,2025-09-15 14:52:20.805724
8606,267,1565.34,2026-02-14 10:14:23.428205
8607,415,3306.15,2026-04-26 14:23:16.418334
8608,415,1896.98,2025-07-31 16:13:48.504592
8609,680,2082.85,2025-08-09 13:32:17.106663
8610,565,7111.42,2025-11-15 13:24:14.551412
8611,577,1926.74,2025-08-26 15:20:45.464400
8612,692,956.99,2025-10-18 16:20:04.141958
8613,243,2350.94,2026-01-20 15:01:59.638046
8614,291,2154.44,2025-06-09 04:43:35.144181
8615,401,,2025-08-19 21:19:18.980474
8616,267,1259.7,2026-03-12 06:37:39.562612
8617,981,2716.61,2025-07-05 07:03:38.799936
8618,787,1382.46,2026-04-08 13:23:01.953090
8619,200,3024.81,2026-01-22 05:42:56.899727
8620,1,1198.89,2025-07-29 15:22:41.494087
8621,15,8187.28,2025-11-14 13:41:30.822582
8622,200,693.14,2025-11-28 11:42:54.569348
8623,107,193.29,2026-04-21 16:15:17.992999
8624,477,1124.28,2026-01-07 19:40:59.486648
8625,832,1560.5,2025-09-30 00:13:53.948902
8626,717,858.78,2026-03-27 10:24:33.850868
8627,200,554.89,2025-06-05 21:24:44.742466
8628,365,2229.84,2026-02-16 03:55:25.547833
8629,443,946.82,2026-04-14 07:46:20.808147
8630,777,1995.92,2025-06-02 07:51:32.283347
8631,814,3019.83,2026-01-08 22:29:39.467106
8632,925,2862.61,2026-04-22 10:08:47.016076
8633,445,941.0,2025-08-21 13:42:28.956760
8634,641,1678.19,2026-03-06 01:56:50.875490
8635,105,1194.43,2026-01-18 09:28:34.150582
8636,483,4092.87,2025-11-02 01:23:03.410101
8637,200,4219.94,2025-12-07 12:04:45.373099
8638,396,842.4,2025-09-28 20:21:06.398026
8639,570,192.44,2026-03-27 11:52:47.691514
8640,209,366.84,2026-02-05 07:33:45.410111
8641,25,914.58,2025-10-05 08:41:49.135178
8642,1,1661.37,2026-03-17 04:33:11.110452
8643,1,2138.81,2025-10-18 13:05:52.605960
8644,1,805.05,2025-10-02 22:36:57.889715
8645,103,,2025-10-18 08:37:25.916892
8646,200,5552.87,2026-03-17 04:07:09.306904
8647,200,2111.19,2025-11-10 11:33:06.134553
8648,981,345.29,2026-05-11 18:51:43.316454
8649,267,1733.43,2026-03-31 20:39:17.545798
8650,131,1561.32,2026-03-06 13:58:05.110485
8651,483,4091.24,2026-04-14 11:51:14.549254
8652,832,862.5,2026-04-04 14:54:42.988901
8653,613,1099.64,2025-09-02 22:45:30.819675
8654,245,1825.89,2026-05-08 02:48:59.056781
8655,483,1486.46,2025-06-22 22:18:33.986967
8656,695,,2026-01-03 05:44:57.331292
8657,710,82.45,2025-07-21 18:32:56.417027
8658,595,1658.01,2025-10-29 19:05:36.214287
8659,869,259.47,2025-11-13 23:32:52.803051
8660,868,757.28,2025-06-14 23:27:04.104882
8661,511,2167.21,2026-03-29 21:02:33.733078
8662,395,342.56,2026-03-04 05:21:52.774477
8663,577,738.77,2025-09-25 18:32:54.905469
8664,792,2428.09,2025-07-19 06:15:16.828112
8665,1,2104.25,2025-06-23 01:30:56.592330
8666,986,190.91,2026-01-29 00:24:23.819531
8667,200,1722.04,2026-04-11 21:50:43.954062
8668,415,318.59,2025-05-31 19:42:04.315932
8669,871,581.43,2026-01-03 10:32:02.925920
8670,200,1229.45,2026-03-28 08:14:50.338045
8671,415,231.6,2025-07-03 01:25:20.751727
8672,139,10117.65,2025-06-27 10:53:30.831031
8673,365,361.53,2025-12-20 01:28:08.448415
8674,200,3040.22,2026-03-11 11:21:45.928769
8675,335,3542.02,2025-07-26 21:51:38.181480
8676,352,10392.96,2025-07-28 17:44:05.797340
8677,986,1119.52,2025-12-09 18:42:13.970310
8678,987,4144.45,2025-12-23 03:22:17.446762
8679,108,6318.36,2025-07-31 08:51:43.076750
8680,710,379.65,2026-05-08 04:19:03.448774
8681,25,1305.69,2025-09-13 13:52:57.429382
8682,5,123.77,2025-10-24 09:13:23.697066
8683,98,1938.98,2025-06-03 04:34:19.640177
8684,965,1741.71,2025-10-30 05:44:09.153801
8685,948,456.63,2026-02-11 02:13:36.782712
8686,200,3198.01,2025-09-07 20:28:05.836569
8687,200,75.96,2026-03-24 09:30:32.491549
8688,200,3282.14,2026-04-16 09:22:31.186479
8689,457,54.01,2025-10-21 13:50:33.843591
8690,488,2139.05,2025-06-20 02:59:31.738928
8691,200,164.09,2025-12-25 10:37:39.492695
8692,733,578.63,2025-06-27 06:33:58.039660
8693,271,2559.65,2025-08-12 04:04:48.187201
8694,936,658.13,2026-03-31 13:00:37.190894
8695,581,1431.5,2026-02-04 07:50:44.205109
8696,399,4936.06,2025-11-01 21:02:55.812776
8697,760,101.82,2025-06-11 16:04:52.818883
8698,792,3332.86,2025-09-03 11:39:04.068863
8699,241,135.0,2025-09-30 00:44:14.541904
8700,299,271.17,2026-04-14 00:08:05.827588
8701,942,254.12,2026-01-23 00:22:18.687470
8702,200,10266.38,2025-11-21 23:54:07.239808
8703,13,397.36,2026-04-01 16:54:57.232964
8704,415,,2026-01-04 11:27:45.237281
8705,767,9406.04,2025-06-22 00:01:44.377192
8706,745,968.32,2026-05-23 05:58:47.263404
8707,936,1994.18,2026-03-03 04:23:04.471463
8708,477,3020.01,2025-07-13 01:08:51.249791
8709,85,997.28,2026-05-04 04:59:02.202686
8710,523,353.03,2026-05-03 16:46:30.516267
8711,751,1137.48,2025-10-26 02:10:57.421905
8712,70,,2025-10-31 01:53:44.989656
8713,200,3035.2,2025-11-13 08:53:46.255193
8714,1,524.13,2025-08-06 16:48:30.710206
8715,534,384.66,2025-10-21 20:57:29.829170
8716,901,5065.52,2025-10-28 05:46:12.019483
8717,601,89.99,2026-02-18 05:08:28.362844
8718,977,2654.08,2025-12-03 02:24:36.904120
8719,38,95.07,2026-04-07 13:14:01.321838
8720,914,3639.08,2026-01-23 18:14:08.466264
8721,787,4716.51,2026-01-22 23:05:54.580489
8722,281,705.99,2025-09-22 03:06:11.739418
8723,973,153.62,2026-01-31 17:19:32.689140
8724,240,1310.49,2025-12-20 22:02:56.671237
8725,901,708.96,2026-05-02 22:56:17.327738
8726,891,1079.6,2025-07-23 04:27:46.055747
8727,733,2187.16,2026-04-14 17:44:52.978440
8728,483,471.0,2025-12-17 11:24:27.418613
8729,122,883.07,2025-09-19 00:51:48.660595
8730,474,3051.69,2025-12-30 16:31:40.621944
8731,332,2064.31,2025-12-21 11:04:37.703908
8732,761,789.87,2025-07-15 17:37:33.429400
8733,733,2183.08,2025-10-17 12:51:18.340983
8734,928,2899.0,2026-03-24 04:20:31.483446
8735,1,1795.36,2026-04-03 22:36:50.578251
8736,776,547.55,2026-05-13 22:25:40.150345
8737,944,0.49,2025-12-23 19:25:58.561079
8738,760,3247.57,2025-08-19 17:22:17.987639
8739,136,3459.07,2025-11-02 06:52:14.910772
8740,56,2392.04,2025-06-16 05:59:35.731450
8741,1,159.34,2025-11-19 07:09:15.003904
8742,570,1760.03,2025-10-11 00:17:54.897054
8743,570,3440.97,2026-03-22 00:58:34.765149
8744,982,987.51,2025-06-09 11:08:26.975863
8745,365,441.3,2025-08-23 16:01:08.163300
8746,296,1771.66,2025-07-18 21:22:42.872876
8747,566,3500.93,2025-09-01 19:25:38.280851
8748,793,100.21,2025-11-12 04:21:49.430312
8749,942,1817.4,2026-02-08 23:13:41.738963
8750,768,2061.01,2025-07-07 20:38:36.346817
8751,388,1844.45,2025-11-16 21:22:35.625637
8752,570,2099.84,2025-06-24 02:26:19.104601
8753,830,1995.95,2025-07-29 10:37:08.430034
8754,415,279.45,2025-10-11 22:04:57.515907
8755,200,535.59,2026-01-18 22:47:40.553936
8756,200,1929.88,2025-10-29 08:09:21.689293
8757,1,35.7,2026-02-08 09:09:18.775914
8758,705,2014.32,2025-11-04 15:37:36.359911
8759,104,2189.56,2025-10-05 10:00:11.587938
8760,200,546.7,2025-06-13 21:11:09.802910
8761,247,1823.27,2025-07-25 04:08:32.752790
8762,483,,2025-09-08 11:00:33.299237
8763,365,604.08,2026-04-23 18:00:24.798322
8764,606,1243.42,2025-06-06 20:38:26.045372
8765,30,4807.56,2026-01-01 03:30:00.768950
8766,128,1112.35,2026-05-28 15:06:06.302979
8767,429,1987.66,2025-06-21 09:54:18.311730
8768,297,71.98,2026-03-29 22:03:21.323098
8769,245,161.99,2025-08-04 02:07:44.714354
8770,40,169.61,2025-08-02 22:44:22.834768
8771,909,3012.33,2025-08-25 04:07:59.806581
8772,635,862.36,2025-06-08 00:00:27.941125
8773,125,516.54,2025-11-10 20:43:59.227380
8774,39,2751.3,2025-12-05 02:21:07.937886
8775,973,372.56,2026-02-25 19:03:36.676302
8776,617,566.03,2025-12-23 06:20:01.755944
8777,379,1127.51,2026-05-06 00:15:06.857982
8778,661,,2025-06-02 18:09:59.052160
8779,733,1760.84,2025-06-19 13:21:57.719430
8780,751,824.5,2026-05-16 03:34:23.814375
8781,415,998.29,2026-02-10 09:57:13.259035
8782,395,3973.89,2026-01-31 02:39:56.118989
8783,1,4317.51,2026-03-04 07:47:06.779879
8784,939,3517.17,2025-08-16 19:55:49.166484
8785,543,4002.46,2025-06-04 00:18:25.492007
8786,200,1686.68,2026-05-19 19:49:06.273123
8787,936,2078.23,2025-08-31 16:40:53.566732
8788,933,1629.15,2026-02-15 14:22:41.518829
8789,986,3079.71,2025-10-27 14:18:39.851300
8790,878,1601.47,2026-05-04 23:44:33.023242
8791,993,235.49,2025-08-13 02:21:05.213843
8792,200,3317.05,2025-10-17 10:44:06.727364
8793,820,2859.12,2025-12-26 16:57:24.186648
8794,793,3432.94,2025-06-23 14:06:17.730753
8795,200,422.5,2026-04-29 04:03:15.202157
8796,81,633.86,2025-08-27 02:11:50.172909
8797,977,701.25,2025-12-26 21:54:22.310983
8798,245,1418.88,2025-10-12 06:56:39.746479
8799,870,287.46,2025-09-25 06:50:03.446395
8800,1,973.51,2025-09-27 06:30:54.619787
8801,1,402.17,2025-11-28 07:49:48.652977
8802,415,615.12,2026-05-08 16:13:02.215818
8803,200,2450.99,2026-02-11 20:11:50.812943
8804,632,3859.44,2025-08-01 09:03:30.072096
8805,483,46.34,2025-09-17 11:54:03.549719
8806,56,,2026-01-22 00:10:44.580293
8807,200,73.45,2026-04-19 10:45:31.283820
8808,365,178.21,2025-11-10 01:32:22.293406
8809,200,2442.13,2025-06-12 22:54:10.593977
8810,761,,2025-11-01 01:52:21.412175
8811,378,3363.81,2026-01-27 18:31:16.782972
8812,71,1285.83,2026-02-18 22:46:20.215126
8813,415,3929.48,2026-05-01 18:38:16.020438
8814,68,365.06,2025-08-15 20:21:23.394180
8815,135,574.61,2025-07-23 20:21:58.641376
8816,200,288.9,2025-11-17 05:35:09.521235
8817,837,3194.4,2026-01-03 15:44:34.436412
8818,938,519.29,2026-02-20 09:19:48.394915
8819,793,338.05,2026-02-19 15:36:59.708888
8820,296,1951.61,2025-12-06 02:00:15.485002
8821,229,160.43,2025-12-16 11:41:43.582446
8822,483,91.88,2025-06-08 16:46:48.679419
8823,705,225.71,2026-01-20 07:16:23.316185
8824,986,0.48,2025-06-26 06:30:38.516614
8825,137,2387.98,2026-05-02 21:19:26.505931
8826,23,1652.15,2026-02-05 02:52:25.916719
8827,641,471.13,2026-04-27 23:34:40.066872
8828,803,530.55,2025-10-18 03:35:37.577410
8829,829,3331.68,2026-02-27 08:13:51.563374
8830,613,1393.59,2025-07-08 02:32:21.698784
8831,963,2398.16,2025-12-16 08:28:23.298675
8832,448,1205.72,2026-01-27 07:38:44.842954
8833,930,542.88,2026-02-26 05:07:21.070462
8834,965,7040.15,2025-09-17 14:24:02.731564
8835,829,1667.8,2025-10-19 14:23:55.102957
8836,271,280.78,2025-08-24 09:17:45.243623
8837,200,1042.06,2025-11-07 12:24:38.634006
8838,483,798.98,2026-01-25 23:27:55.455534
8839,415,481.82,2026-01-15 14:44:51.880976
8840,886,5419.3,2026-02-07 06:08:16.062374
8841,84,4255.92,2026-03-25 15:27:30.187261
8842,212,444.16,2025-09-16 06:28:34.084741
8843,733,868.19,2025-10-20 18:12:13.812637
8844,74,2873.62,2026-04-02 07:46:52.600511
8845,291,467.67,2026-02-13 00:12:24.108140
8846,365,1790.84,2025-12-07 13:30:32.992516
8847,563,2406.57,2025-12-25 17:21:51.602533
8848,193,,2025-08-21 17:22:30.313933
8849,842,2451.13,2025-11-18 13:55:00.032867
8850,415,2453.12,2025-07-21 18:25:13.920537
8851,936,,2025-11-05 08:47:32.370606
8852,415,850.82,2025-06-06 07:53:58.381962
8853,229,4217.17,2025-06-02 19:50:32.198906
8854,162,44.1,2026-01-21 16:52:25.472279
8855,1,679.92,2025-06-21 03:08:53.008557
8856,474,99.76,2025-11-13 21:19:05.559192
8857,98,2106.54,2025-12-31 04:56:58.086174
8858,365,212.48,2026-05-30 08:06:54.982484
8859,523,3737.8,2025-11-20 15:15:58.594366
8860,229,2080.26,2026-05-02 07:27:39.328569
8861,200,58.48,2026-05-01 16:16:36.707172
8862,746,2508.97,2025-08-11 03:16:00.658030
8863,963,3961.51,2025-09-02 18:45:27.813745
8864,86,2164.22,2026-03-30 16:46:21.231500
8865,191,62.0,2025-07-14 05:01:37.326824
8866,965,3902.72,2026-04-02 09:35:51.888141
8867,9,2637.0,2025-11-06 01:35:34.855250
8868,977,951.08,2026-05-19 22:52:53.579076
8869,1,796.87,2026-03-06 11:48:05.157842
8870,877,1307.16,2026-05-29 03:59:49.454222
8871,267,4036.34,2025-08-12 01:44:45.443914
8872,944,580.86,2026-03-09 20:00:37.417727
8873,286,212.86,2026-01-14 15:50:01.287633
8874,577,3999.58,2026-03-31 16:09:41.515102
8875,56,53.28,2025-10-19 05:18:32.793509
8876,200,4838.17,2026-05-22 02:47:33.152977
8877,746,729.83,2025-10-23 10:53:43.808322
8878,474,1419.46,2025-10-22 01:47:58.720745
8879,939,283.81,2025-11-22 00:55:47.213537
8880,391,4650.79,2026-01-22 15:32:00.335632
8881,868,2771.28,2026-04-03 02:09:56.237371
8882,415,5158.14,2026-03-23 02:51:32.694882
8883,977,2299.15,2025-11-09 21:07:29.193931
8884,965,408.38,2025-09-01 00:41:50.525101
8885,294,737.11,2026-04-12 23:10:52.017530
8886,901,1334.37,2025-08-18 19:30:06.691395
8887,829,1869.21,2026-03-05 03:50:48.820009
8888,200,5219.84,2025-10-25 09:42:10.481441
8889,566,968.86,2026-04-27 13:24:58.727289
8890,47,2428.53,2025-11-09 02:42:16.930300
8891,809,6488.84,2026-02-01 04:37:33.841157
8892,200,330.63,2026-03-26 18:08:32.604001
8893,47,3971.31,2025-07-26 08:15:23.778481
8894,365,1091.89,2026-04-30 11:09:39.085089
8895,505,2636.69,2026-04-03 06:42:11.922701
8896,829,694.97,2026-04-13 13:12:19.077442
8897,973,812.88,2025-07-01 17:25:17.929468
8898,403,55.02,2025-11-18 01:27:51.227289
8899,33,7108.99,2025-11-17 20:58:35.115422
8900,733,3358.14,2025-08-19 13:37:04.182846
8901,483,197.25,2025-07-13 18:47:42.181476
8902,415,15237.3,2026-01-10 10:00:14.595695
8903,271,1857.86,2025-11-04 06:39:48.318913
8904,436,3844.58,2026-02-09 17:01:36.771557
8905,298,137.97,2026-04-04 19:51:53.405328
8906,733,986.79,2025-05-30 18:03:27.587099
8907,483,2215.21,2026-01-04 14:01:28.928401
8908,886,225.07,2026-02-19 17:13:58.569990
8909,483,1342.39,2025-10-14 23:17:03.771157
8910,200,1169.22,2025-09-04 12:26:38.083968
8911,829,486.8,2025-06-01 17:58:17.743211
8912,483,714.12,2025-06-13 23:48:31.165522
8913,200,6829.68,2026-05-27 12:51:31.099294
8914,565,681.18,2026-01-15 05:36:09.053845
8915,332,480.14,2025-10-25 18:53:19.060038
8916,827,1536.64,2025-09-04 12:57:11.606650
8917,415,2223.14,2025-09-04 15:31:12.919118
8918,710,2582.65,2026-01-25 17:50:43.597146
8919,76,2806.86,2026-01-11 02:07:52.568088
8920,365,75.06,2026-04-01 03:44:02.208316
8921,977,1000.96,2026-03-08 18:53:50.146640
8922,775,2974.07,2025-09-17 17:01:58.068832
8923,196,4704.65,2025-11-06 13:43:24.304838
8924,229,1843.61,2026-03-09 23:09:10.440029
8925,296,107.45,2025-07-30 21:55:56.904902
8926,577,1010.5,2026-04-30 14:30:15.029036
8927,733,154.25,2026-01-07 23:51:25.439768
8928,733,2760.93,2025-07-03 23:34:34.005994
8929,446,131.22,2025-06-06 20:15:28.732196
8930,778,410.93,2026-01-29 06:08:31.935538
8931,400,1078.99,2026-03-24 06:52:53.554762
8932,128,1242.21,2025-12-14 01:50:36.165307
8933,483,1043.37,2026-04-24 16:27:18.595788
8934,963,1244.99,2025-10-31 09:54:29.503026
8935,761,2498.21,2025-10-02 22:54:27.918938
8936,510,921.75,2026-03-01 06:45:44.597583
8937,577,1587.04,2025-08-12 22:30:59.418537
8938,939,723.0,2025-10-19 13:29:41.782611
8939,390,872.76,2025-11-14 13:50:57.747974
8940,296,1902.79,2025-11-04 22:08:10.155548
8941,977,1348.63,2026-05-19 02:11:27.888799
8942,849,2567.74,2026-04-30 00:50:54.207000
8943,291,1644.41,2025-07-04 11:50:41.650233
8944,415,3254.94,2026-02-23 14:11:48.842109
8945,376,1171.85,2025-12-08 11:41:41.136016
8946,180,1350.75,2026-03-21 21:37:38.926754
8947,963,2217.15,2026-04-09 19:11:33.951085
8948,365,500.11,2025-11-21 02:21:40.323089
8949,883,975.29,2026-03-25 19:06:34.051001
8950,200,1960.81,2026-04-02 09:42:13.989485
8951,483,58.6,2025-11-05 11:11:29.239455
8952,1,1148.85,2026-03-27 15:38:50.963852
8953,740,1826.84,2025-10-02 22:55:35.115837
8954,516,6845.39,2025-11-01 12:43:33.361672
8955,567,4191.41,2025-12-13 08:02:46.033069
8956,25,659.07,2025-08-20 20:08:26.489484
8957,200,1415.34,2025-07-30 00:17:22.811628
8958,51,116.14,2026-04-24 16:21:36.461746
8959,240,550.86,2025-09-18 09:58:04.287678
8960,568,2982.03,2025-10-04 18:33:49.926359
8961,483,263.21,2026-02-17 10:55:48.771324
8962,543,595.98,2025-11-14 06:33:22.234499
8963,483,5766.33,2025-12-13 01:33:50.617809
8964,229,3472.9,2025-12-21 22:22:35.285248
8965,200,3044.94,2025-06-06 00:58:11.627607
8966,149,3998.42,2026-05-13 11:41:40.278399
8967,829,2769.44,2026-02-01 03:05:01.851230
8968,552,257.0,2026-02-27 00:29:14.399018
8969,200,1453.66,2026-04-04 20:51:01.146372
8970,200,1174.85,2025-06-01 16:54:22.289692
8971,875,745.47,2025-06-06 19:03:21.867718
8972,729,3592.02,2026-04-22 13:37:36.013846
8973,587,1247.76,2026-05-19 03:32:33.193788
8974,365,124.38,2025-06-25 00:28:22.505189
8975,223,643.07,2026-03-17 10:54:00.051603
8976,977,519.15,2026-01-22 18:41:00.248422
8977,764,4369.23,2025-08-25 14:37:52.009335
8978,257,2085.06,2026-05-10 10:19:19.397116
8979,829,1643.67,2025-09-26 10:55:44.171574
8980,735,1413.07,2026-04-04 09:02:48.183112
8981,246,2100.29,2026-03-28 22:50:52.818635
8982,388,2811.98,2025-07-26 04:33:09.024873
8983,200,1616.6,2026-02-05 16:36:40.788665
8984,104,5570.47,2026-05-23 17:22:50.583277
8985,705,7530.15,2026-05-01 07:07:39.577024
8986,229,10738.47,2025-07-08 06:49:58.038262
8987,792,2213.64,2026-04-27 08:39:23.826134
8988,987,,2025-08-27 07:35:13.955163
8989,56,1036.64,2025-08-16 03:46:05.489453
8990,415,3926.41,2026-03-20 23:21:05.629196
8991,768,4797.63,2026-04-09 15:22:16.871142
8992,760,4689.74,2025-07-18 06:17:42.359461
8993,739,3553.89,2025-06-11 12:04:51.196166
8994,321,1043.77,2026-05-26 00:37:47.643148
8995,415,346.11,2026-05-17 03:19:54.336528
8996,535,812.8,2026-04-19 14:51:45.745164
8997,973,2915.91,2026-04-28 00:15:40.638037
8998,293,530.24,2025-08-06 23:01:58.181510
8999,936,1301.22,2026-02-09 05:10:54.310869
9000,229,1666.66,2025-12-25 10:55:03.818077
9001,986,1851.97,2026-05-08 00:40:52.913329
9002,600,5489.19,2025-08-13 00:24:55.961067
9003,415,2166.42,2025-07-10 09:39:41.471082
9004,545,3086.35,2025-07-02 13:47:58.164940
9005,229,1743.97,2025-10-05 12:04:55.340170
9006,229,3586.48,2026-01-18 10:58:50.823963
9007,105,612.14,2026-01-16 20:34:20.749244
9008,106,471.13,2026-01-18 11:05:23.022359
9009,318,5216.05,2025-07-24 22:52:59.574775
9010,740,2364.95,2026-04-06 11:12:01.731804
9011,543,2226.59,2025-12-29 21:59:37.888262
9012,92,1259.58,2026-03-12 06:30:21.524397
9013,829,945.45,2025-11-30 07:51:09.612736
9014,543,1622.47,2025-06-21 06:30:08.330683
9015,965,256.95,2026-03-25 05:01:23.498462
9016,600,1212.88,2025-12-07 14:04:21.204230
9017,200,1215.29,2025-12-28 05:00:53.403420
9018,415,1545.84,2025-06-18 07:56:50.851720
9019,577,2013.99,2025-06-15 10:04:06.698709
9020,5,6307.97,2025-10-10 01:19:51.130919
9021,1,2112.08,2026-02-23 21:10:05.335604
9022,135,,2025-09-03 01:47:21.148248
9023,205,1625.23,2025-12-26 05:27:50.544891
9024,395,1971.97,2026-04-05 14:22:05.783611
9025,415,144.79,2026-03-12 00:24:08.387232
9026,151,286.04,2025-06-27 15:58:29.146322
9027,605,1733.43,2026-01-01 03:11:43.904285
9028,539,1007.41,2026-03-30 06:32:47.169244
9029,244,3207.02,2026-03-25 10:55:29.598857
9030,1,1566.92,2025-07-24 20:01:21.848552
9031,56,4279.08,2026-02-18 22:51:17.980196
9032,365,7174.93,2025-10-03 06:01:15.426143
9033,190,319.48,2025-09-11 21:26:12.822785
9034,359,1004.48,2026-02-07 10:18:51.560357
9035,570,2187.14,2026-04-11 12:14:38.729502
9036,483,729.09,2026-05-12 20:56:24.891422
9037,200,621.31,2026-05-28 08:30:04.127297
9038,308,3361.21,2026-04-27 12:28:24.043571
9039,547,7862.26,2025-10-27 08:52:46.213479
9040,843,2972.7,2026-03-05 23:08:16.632192
9041,733,1483.32,2025-09-09 13:40:09.134749
9042,483,1168.63,2026-05-06 05:54:43.400728
9043,333,1551.53,2025-09-27 04:00:27.631423
9044,339,1242.92,2026-03-14 18:18:54.238013
9045,887,1397.88,2025-09-19 07:17:15.339813
9046,12,454.94,2026-03-17 23:15:24.423548
9047,983,4681.45,2026-04-10 13:35:42.223859
9048,593,2809.2,2026-01-21 12:30:01.220140
9049,617,2284.99,2025-07-17 16:23:34.039517
9050,9,5988.47,2025-05-31 17:22:37.107460
9051,543,669.25,2026-04-09 11:13:12.555426
9052,415,,2025-12-13 21:43:56.649267
9053,98,3498.99,2026-03-14 21:27:33.082151
9054,229,12896.82,2025-11-19 20:29:03.389167
9055,903,1727.55,2025-06-18 02:16:47.231217
9056,483,121.22,2025-08-08 21:16:23.178220
9057,373,3032.51,2026-01-06 21:04:11.357033
9058,47,153.22,2025-12-31 21:14:47.339235
9059,692,1553.12,2026-01-20 20:41:12.711462
9060,662,650.17,2025-06-07 23:33:51.055224
9061,547,4930.84,2026-03-06 18:33:30.695000
9062,447,1200.52,2026-04-16 23:16:49.410000
9063,396,4574.67,2026-05-26 17:05:15.233878
9064,534,710.73,2025-09-17 05:23:10.968290
9065,200,979.96,2025-07-19 08:13:06.277501
9066,949,5879.43,2025-09-21 21:43:02.866232
9067,523,449.58,2025-08-15 12:01:07.602993
9068,273,1727.88,2025-12-24 21:40:37.143995
9069,415,983.71,2025-12-29 23:11:26.125989
9070,772,2975.92,2025-09-14 17:20:51.983951
9071,200,276.91,2025-06-23 03:52:06.243794
9072,243,1149.72,2026-04-02 23:56:06.636711
9073,615,2400.84,2026-04-05 04:02:35.499293
9074,283,1045.18,2025-08-07 15:58:28.819776
9075,761,120.63,2026-03-08 20:29:55.713666
9076,136,2442.32,2026-03-08 23:00:42.257917
9077,740,1399.13,2025-05-31 02:28:43.166138
9078,41,22.75,2026-04-24 09:06:39.954243
9079,1,1896.88,2025-07-23 08:00:02.919184
9080,914,5048.49,2026-05-21 16:10:04.027332
9081,517,235.37,2026-05-08 04:42:04.431344
9082,324,1786.47,2025-07-16 07:17:30.254892
9083,200,2608.83,2026-03-26 04:36:42.098961
9084,553,146.81,2026-02-14 01:50:36.238541
9085,445,45.75,2026-01-19 19:39:24.685439
9086,986,1247.97,2026-01-21 05:52:56.661376
9087,977,3132.63,2025-09-18 10:55:01.176494
9088,570,350.42,2026-04-21 16:33:56.354545
9089,412,3623.56,2025-07-06 22:43:09.031147
9090,415,2137.59,2025-12-27 21:17:17.656124
9091,617,807.45,2025-07-04 00:58:13.431581
9092,90,1450.62,2025-06-26 01:30:42.516807
9093,293,6737.94,2025-11-26 11:02:13.207070
9094,54,487.81,2026-03-13 15:22:32.389813
9095,48,1384.44,2025-07-02 00:53:30.786830
9096,200,1958.92,2025-12-04 11:57:34.880760
9097,415,297.03,2026-04-19 14:48:55.534173
9098,757,89.0,2026-01-01 14:17:04.720088
9099,415,27.1,2026-05-17 21:27:53.870499
9100,296,785.18,2025-07-25 15:04:35.267194
9101,57,153.65,2025-08-28 06:55:10.914244
9102,483,3256.94,2026-05-03 17:40:11.304669
9103,229,11843.52,2025-12-24 23:13:33.485203
9104,549,126.53,2025-12-05 19:40:19.500606
9105,977,1133.83,2026-01-04 20:18:35.672794
9106,105,52.14,2026-05-23 18:41:30.968997
9107,200,287.72,2025-12-14 22:34:52.815451
9108,415,779.94,2026-02-01 22:56:49.678131
9109,967,1000.75,2026-02-03 01:38:46.034313
9110,745,5619.6,2025-06-12 17:59:44.481828
9111,914,1007.82,2026-03-01 06:46:01.483760
9112,296,1371.46,2025-08-26 15:40:48.560467
9113,986,563.62,2026-05-05 18:18:03.529766
9114,92,0.25,2026-05-06 06:40:41.353964
9115,25,4591.9,2025-08-01 05:45:30.717477
9116,829,170.49,2026-03-25 01:45:44.037534
9117,939,6662.35,2025-09-23 10:16:49.598033
9118,68,280.47,2025-12-05 10:36:03.847874
9119,105,1857.12,2025-09-02 01:31:41.930065
9120,5,14872.77,2026-05-01 09:55:56.026397
9121,97,,2026-05-07 00:27:00.145056
9122,200,1103.1,2026-04-08 21:28:27.578374
9123,971,3032.11,2026-05-16 18:45:08.193290
9124,598,65.44,2026-05-28 20:37:58.918003
9125,751,2340.96,2025-08-29 20:40:34.415567
9126,750,167.57,2025-12-26 17:03:43.029490
9127,480,539.74,2026-01-05 00:43:48.983603
9128,765,348.89,2025-09-23 20:17:17.970323
9129,538,4757.56,2025-07-14 02:02:04.396049
9130,281,398.02,2025-10-14 23:43:49.976032
9131,483,82.55,2025-08-26 00:37:48.828410
9132,478,1771.65,2025-09-08 12:41:18.504251
9133,793,849.85,2026-04-09 16:00:56.344777
9134,977,1040.76,2025-08-20 09:15:14.464919
9135,369,253.54,2026-02-22 22:25:22.423456
9136,740,2758.51,2025-12-22 10:56:19.328306
9137,84,1840.36,2026-01-02 17:37:46.311090
9138,751,905.8,2026-01-31 13:30:18.131503
9139,350,376.46,2025-09-04 11:47:11.665825
9140,12,1800.11,2026-05-21 07:40:30.465466
9141,334,3015.54,2025-12-22 12:34:49.026048
9142,543,749.09,2025-06-02 09:33:58.914346
9143,119,52.4,2026-01-25 10:42:50.775909
9144,936,482.47,2025-10-29 01:23:55.146080
9145,56,2293.91,2025-06-18 06:01:57.250951
9146,939,9037.32,2025-07-08 02:53:28.485804
9147,675,26.93,2026-02-04 08:40:52.193482
9148,296,731.01,2026-03-08 23:02:09.118843
9149,365,128.06,2026-05-06 14:52:37.952132
9150,728,760.62,2025-12-07 01:23:09.171731
9151,543,,2026-04-18 05:34:06.156425
9152,604,5073.13,2025-11-28 08:44:35.265279
9153,365,167.98,2026-04-21 08:24:56.526421
9154,415,3002.37,2025-12-15 02:54:47.918141
9155,986,1006.82,2025-06-22 08:52:06.231389
9156,200,3334.8,2025-09-11 02:50:01.120393
9157,379,1440.63,2025-08-26 18:11:41.577126
9158,242,80.15,2026-01-28 15:44:03.593016
9159,740,5845.18,2026-03-02 21:46:13.160731
9160,740,172.72,2025-07-08 09:27:07.077556
9161,243,1821.03,2025-12-12 21:27:56.573949
9162,56,4202.03,2025-10-03 00:12:04.041120
9163,1,166.26,2025-11-30 22:48:36.731935
9164,388,1614.39,2025-06-07 02:51:22.898395
9165,369,3477.84,2025-08-08 01:13:09.717631
9166,984,8584.33,2025-12-09 00:41:01.727839
9167,415,2577.08,2025-12-15 10:53:26.313765
9168,207,652.39,2025-07-16 05:55:42.231107
9169,903,2405.08,2025-09-13 04:31:28.926625
9170,415,2446.77,2026-04-02 18:12:28.631172
9171,543,2407.72,2026-04-03 12:42:34.942125
9172,76,3851.87,2025-06-27 23:34:38.207124
9173,365,182.87,2025-09-25 02:23:37.472758
9174,958,229.52,2025-06-07 15:04:22.124071
9175,523,2046.73,2025-08-20 18:52:44.721822
9176,309,6153.06,2025-09-25 20:15:23.976347
9177,567,1254.11,2025-07-26 20:08:49.886789
9178,927,6466.09,2025-09-02 09:35:28.463492
9179,229,5563.99,2025-12-05 17:49:48.708490
9180,441,4664.23,2025-06-18 01:02:23.378517
9181,963,4812.58,2026-05-27 01:10:34.081121
9182,200,4571.83,2026-02-10 17:41:54.352237
9183,705,3428.37,2025-09-14 06:44:27.244471
9184,549,2374.75,2025-07-29 16:30:19.141296
9185,616,49.42,2026-05-09 19:48:53.899575
9186,324,283.71,2025-11-23 18:42:16.340713
9187,281,288.28,2025-07-04 13:51:51.093429
9188,618,47.64,2025-09-30 03:03:35.776844
9189,200,248.18,2026-03-22 12:44:21.757233
9190,379,5045.13,2026-02-24 20:11:52.314641
9191,200,2180.12,2026-03-24 01:11:15.577147
9192,1,748.15,2025-09-13 01:07:39.287318
9193,971,3153.55,2025-10-01 08:45:54.251516
9194,396,1340.31,2025-08-22 17:02:24.633229
9195,968,306.6,2026-05-08 21:21:20.358816
9196,158,4317.01,2025-12-12 12:17:13.202029
9197,521,826.98,2025-06-09 21:09:00.010648
9198,200,2400.35,2026-05-15 02:14:41.720509
9199,760,686.66,2026-04-13 18:11:48.236149
9200,754,1386.58,2025-06-09 04:47:30.498948
9201,105,3388.39,2026-04-25 10:49:01.096315
9202,928,341.05,2025-09-14 05:19:25.122492
9203,200,7566.5,2026-04-13 09:39:05.869789
9204,544,145.61,2025-10-05 04:08:13.335740
9205,981,1527.18,2025-12-29 20:19:06.291171
9206,893,4954.48,2025-08-21 15:20:23.114710
9207,963,5826.24,2025-12-06 03:47:17.007025
9208,306,528.21,2026-01-30 05:34:57.122800
9209,98,310.93,2026-05-25 23:46:02.225312
9210,200,2577.63,2025-06-30 00:11:14.223376
9211,433,85.76,2025-10-26 02:49:27.203135
9212,761,1328.11,2026-04-02 02:45:14.465052
9213,181,3182.76,2026-01-18 13:29:29.012844
9214,587,1643.12,2025-09-12 19:21:14.772543
9215,291,416.54,2026-01-15 21:27:27.117903
9216,303,1335.13,2026-04-24 11:49:26.821950
9217,588,5083.58,2026-01-27 10:34:22.691528
9218,415,1920.55,2026-05-04 11:29:05.883902
9219,780,2556.61,2025-12-27 22:09:56.002470
9220,191,819.74,2025-11-05 17:53:01.418924
9221,760,417.7,2026-05-14 19:07:26.446451
9222,39,590.47,2026-01-06 16:27:10.232251
9223,200,1523.61,2025-06-19 17:40:31.390681
9224,580,657.62,2026-03-17 22:33:43.388806
9225,829,1561.62,2026-04-26 16:32:15.122052
9226,206,2460.58,2026-01-29 02:45:48.184602
9227,293,2651.5,2025-06-20 20:12:35.988775
9228,483,359.89,2026-05-22 04:31:19.908477
9229,200,2776.04,2025-09-07 11:36:59.079295
9230,778,2233.68,2025-12-21 01:39:42.211879
9231,746,24.16,2026-05-16 02:57:04.564323
9232,170,,2025-12-21 14:01:30.910671
9233,415,2078.33,2025-12-18 00:31:33.740357
9234,746,968.06,2025-09-14 04:55:50.077927
9235,297,315.89,2025-07-10 16:49:52.001728
9236,570,90.82,2025-12-21 09:21:43.212335
9237,24,347.27,2025-07-05 02:43:34.969587
9238,543,6317.16,2025-06-21 11:59:18.980783
9239,186,2600.72,2025-11-26 04:29:21.793151
9240,799,1500.3,2026-04-01 02:58:52.687119
9241,331,5678.84,2025-07-24 17:20:04.813750
9242,229,1930.49,2025-12-13 09:10:29.645216
9243,819,2586.67,2026-03-19 11:09:26.374683
9244,24,664.39,2026-01-10 01:18:31.456256
9245,365,1778.24,2025-11-22 16:54:12.798440
9246,347,309.75,2025-10-21 23:22:54.554703
9247,236,1036.65,2026-04-20 18:11:07.916451
9248,928,67.61,2026-03-06 13:14:27.650175
9249,733,488.3,2025-10-06 21:01:40.582771
9250,39,155.64,2026-01-10 12:26:01.756129
9251,694,981.32,2025-08-31 04:02:14.906878
9252,470,3703.47,2025-10-04 11:00:29.556339
9253,914,949.42,2025-12-13 23:58:44.303136
9254,279,3563.3,2025-11-29 19:33:48.670047
9255,503,2137.13,2026-01-25 06:49:58.579372
9256,434,1424.78,2026-02-11 01:37:31.431495
9257,415,540.71,2025-06-02 21:20:12.057055
9258,415,5106.1,2025-08-20 15:21:41.234912
9259,200,111.45,2026-02-11 07:08:33.277452
9260,733,2335.37,2025-08-15 22:15:57.965057
9261,415,1941.7,2025-06-19 18:13:39.121040
9262,963,1163.36,2025-06-13 06:52:46.800216
9263,222,549.72,2026-05-06 21:44:13.738884
9264,617,1126.68,2026-01-31 12:33:26.722970
9265,947,4123.56,2025-10-14 00:32:00.201812
9266,591,3625.14,2026-04-10 19:46:58.883232
9267,871,5673.4,2026-02-14 04:37:34.259602
9268,793,735.74,2026-01-17 14:42:29.117217
9269,333,979.12,2025-06-01 15:13:18.388481
9270,543,37.81,2026-04-03 14:03:56.113571
9271,191,5727.65,2025-11-16 18:38:09.393195
9272,481,799.14,2025-06-20 18:17:27.987378
9273,200,1035.58,2026-04-11 01:50:45.303701
9274,730,4767.69,2025-12-05 17:14:11.268174
9275,473,1495.62,2025-09-03 22:23:40.732024
9276,369,1670.23,2025-06-24 06:46:28.130267
9277,229,387.73,2025-07-27 03:47:34.028658
9278,996,1380.94,2025-12-01 19:13:47.149519
9279,47,5007.17,2025-08-10 23:47:08.088332
9280,17,1636.14,2025-06-26 02:13:06.458132
9281,200,589.05,2025-10-10 19:11:14.150233
9282,973,63.35,2025-12-27 21:02:10.223838
9283,977,819.86,2026-04-05 20:40:05.470824
9284,577,1700.03,2025-08-15 19:16:29.531007
9285,889,87.1,2025-09-21 02:30:55.306382
9286,200,1882.15,2025-09-05 17:20:28.407951
9287,973,1482.21,2025-12-29 19:07:44.820829
9288,166,3059.73,2025-10-01 09:08:42.697735
9289,89,58.63,2025-10-23 19:02:38.539198
9290,105,3035.97,2026-04-03 22:40:07.059847
9291,500,1471.6,2025-09-29 23:27:51.234872
9292,751,925.75,2025-09-25 08:04:37.001674
9293,342,6726.82,2025-12-29 12:18:43.743147
9294,977,348.99,2026-05-22 05:40:38.807068
9295,396,1558.83,2026-01-01 10:26:21.769009
9296,182,774.21,2025-07-24 06:49:08.416375
9297,415,1499.38,2025-08-10 10:58:33.086838
9298,614,1607.15,2026-01-03 13:52:04.510095
9299,803,187.41,2025-09-18 01:30:40.719916
9300,415,2164.31,2025-07-30 10:21:49.990444
9301,534,,2025-12-09 04:18:25.459824
9302,229,2934.72,2025-06-15 05:56:16.163261
9303,577,190.07,2025-11-26 09:54:10.321856
9304,981,705.53,2025-11-25 12:41:52.133196
9305,23,2100.28,2025-10-24 18:08:01.085288
9306,901,294.06,2026-04-24 22:49:59.242770
9307,483,2263.91,2026-05-25 07:09:11.303155
9308,206,121.68,2025-10-18 04:58:17.709986
9309,963,815.73,2025-11-30 12:00:45.338433
9310,415,3750.86,2025-11-12 16:02:44.567036
9311,296,2977.02,2026-05-27 01:24:34.473209
9312,200,2069.93,2026-05-06 04:13:41.746569
9313,200,4087.51,2025-08-08 19:32:08.623696
9314,806,2470.72,2025-11-08 04:35:03.388993
9315,548,1465.34,2025-12-04 23:44:02.720913
9316,929,7795.99,2026-03-23 04:31:04.052756
9317,200,2373.94,2026-05-04 14:15:34.044889
9318,123,1839.43,2025-07-22 05:12:35.720941
9319,1,1051.44,2026-05-05 14:36:12.856719
9320,443,4654.01,2025-07-20 15:06:39.190820
9321,995,701.13,2025-08-22 03:08:00.463912
9322,643,18.52,2025-09-24 09:31:53.908786
9323,270,438.15,2026-05-20 13:03:16.363976
9324,886,231.98,2025-09-26 07:14:07.093407
9325,751,768.37,2025-08-06 12:19:00.049455
9326,1,3496.01,2026-02-12 22:49:50.356797
9327,791,2108.4,2026-04-11 12:17:49.020117
9328,254,370.2,2026-04-20 15:46:47.114018
9329,181,3110.11,2025-09-16 06:47:50.541862
9330,200,1403.25,2026-04-07 07:36:32.780840
9331,415,1437.81,2025-09-23 20:58:30.658336
9332,386,899.19,2025-09-30 09:15:46.429982
9333,240,3999.29,2025-12-23 14:03:37.820856
9334,200,766.41,2026-05-06 15:45:02.191906
9335,740,197.74,2025-07-13 05:28:39.248031
9336,986,721.16,2025-10-17 04:59:37.817386
9337,751,2513.01,2026-02-27 11:54:37.757112
9338,245,2143.45,2025-10-17 04:44:12.988793
9339,200,416.55,2025-12-31 21:57:28.816306
9340,200,237.08,2025-07-23 18:06:40.739627
9341,148,2162.72,2025-08-09 00:21:31.449131
9342,483,2256.35,2026-01-01 23:39:41.329410
9343,543,911.88,2025-11-09 19:33:38.233500
9344,670,3700.49,2025-07-17 19:00:19.405259
9345,617,7652.17,2026-02-27 13:16:11.009079
9346,243,460.45,2025-11-09 22:35:09.046414
9347,296,1721.09,2025-06-17 14:51:38.183547
9348,617,10.72,2025-10-26 07:43:11.065906
9349,322,2496.93,2025-12-08 01:27:24.921079
9350,200,1069.83,2025-11-14 01:41:45.318125
9351,355,429.53,2025-11-15 09:53:13.528723
9352,229,2790.44,2026-05-27 10:43:16.188299
9353,68,3328.3,2026-04-01 14:27:16.201440
9354,798,235.69,2025-09-08 13:19:14.127114
9355,829,83.72,2025-07-04 00:22:21.952279
9356,200,813.17,2026-02-08 02:02:55.394439
9357,39,1966.95,2025-10-04 17:26:22.066256
9358,724,3154.13,2025-08-30 08:58:22.617622
9359,200,1579.59,2026-04-17 23:34:23.781738
9360,365,1738.57,2026-05-21 21:35:10.191580
9361,39,3217.46,2025-12-04 16:34:35.820149
9362,200,1505.13,2025-06-08 05:42:35.300225
9363,761,1889.15,2026-02-02 08:15:49.661611
9364,770,1452.24,2025-11-16 07:14:34.715060
9365,200,4248.18,2026-02-28 14:40:53.663646
9366,296,537.11,2025-06-20 07:12:13.237300
9367,142,613.03,2025-12-18 01:40:38.927817
9368,51,273.84,2026-03-14 21:15:57.804835
9369,986,3423.68,2025-07-02 23:07:41.596575
9370,577,1061.3,2025-06-08 18:42:40.042807
9371,483,855.1,2026-01-27 04:51:54.640186
9372,740,7963.68,2026-05-27 15:07:04.365007
9373,818,5229.21,2025-10-28 20:19:47.127833
9374,772,7150.22,2025-10-11 04:55:01.032141
9375,1,307.0,2025-11-14 17:48:16.577730
9376,200,4437.44,2025-06-20 22:28:03.283373
9377,577,797.11,2025-08-08 13:04:50.649989
9378,357,25.48,2026-03-08 16:32:57.458849
9379,977,992.85,2026-05-23 02:39:21.111670
9380,593,1423.42,2026-03-31 13:08:03.057827
9381,963,229.07,2026-03-24 02:49:29.149192
9382,200,1542.99,2026-05-13 23:39:57.859546
9383,849,3423.65,2025-08-10 19:34:17.166209
9384,291,948.51,2025-11-30 00:28:06.738640
9385,986,,2026-04-08 01:19:52.578344
9386,192,827.43,2025-10-27 11:33:24.247163
9387,457,5130.35,2025-12-07 02:19:50.795608
9388,761,99.97,2026-03-15 05:02:56.692352
9389,396,1177.85,2025-09-23 18:25:30.562211
9390,415,,2026-02-27 11:34:04.918402
9391,981,4484.99,2026-04-17 02:46:25.295689
9392,386,,2025-12-12 21:43:28.733960
9393,543,1060.16,2025-07-12 21:53:30.595110
9394,27,1044.5,2025-11-01 12:02:43.879145
9395,820,4385.57,2025-08-16 22:45:37.691752
9396,577,485.4,2025-09-05 19:51:11.057695
9397,365,2070.69,2025-06-27 04:38:11.019793
9398,1,288.68,2025-09-20 01:50:43.681643
9399,528,6157.17,2025-07-26 19:09:38.627667
9400,1,1797.96,2026-01-19 19:34:42.342415
9401,1,1968.37,2026-01-26 14:25:53.548432
9402,552,1137.52,2025-12-22 20:24:38.342986
9403,200,837.96,2025-11-25 15:29:35.897120
9404,200,478.23,2025-09-18 19:08:13.113842
9405,577,1852.62,2025-06-29 18:35:23.519069
9406,26,6182.8,2026-02-05 09:17:22.723360
9407,280,891.92,2026-03-04 12:49:21.446388
9408,180,4293.85,2025-12-04 18:27:18.190399
9409,513,322.16,2026-02-22 15:04:30.192461
9410,588,5501.69,2025-12-05 09:23:35.904517
9411,705,863.06,2026-01-22 23:21:07.207226
9412,206,955.19,2026-03-07 13:26:03.794683
9413,68,1242.93,2025-06-07 00:40:42.899054
9414,56,2533.43,2025-09-29 23:43:43.212613
9415,387,2543.46,2025-09-14 14:31:33.170888
9416,962,1306.27,2025-10-26 22:09:28.238286
9417,200,1481.12,2026-02-02 14:00:35.106707
9418,208,60.94,2026-02-24 05:26:36.431299
9419,88,725.66,2026-01-02 13:21:01.750975
9420,543,849.35,2025-07-15 19:19:21.230608
9421,617,1636.18,2025-09-07 07:32:08.615124
9422,577,1634.25,2026-03-20 01:21:37.097733
9423,844,2475.06,2025-06-22 15:17:37.550568
9424,415,2524.81,2025-12-21 02:16:02.773128
9425,142,536.31,2025-11-28 02:03:51.368762
9426,240,2940.98,2025-12-14 15:49:28.867569
9427,589,39.6,2025-12-17 10:55:01.906972
9428,544,2518.7,2026-03-21 05:36:40.138684
9429,474,215.31,2026-04-01 11:57:25.131892
9430,618,2616.06,2026-05-05 23:23:56.936302
9431,575,1497.82,2026-03-13 00:22:06.516112
9432,892,,2025-12-16 12:58:49.013862
9433,521,2346.67,2025-08-12 09:04:10.043003
9434,751,74.1,2026-03-11 12:22:48.202540
9435,200,505.84,2026-03-08 16:31:24.642464
9436,613,1916.52,2025-12-31 00:15:14.191029
9437,914,3757.45,2025-09-14 12:58:13.077995
9438,365,959.65,2026-04-20 13:26:54.484022
9439,751,598.87,2026-03-21 15:02:46.749388
9440,705,1462.68,2026-01-22 08:43:20.208394
9441,33,1947.39,2026-05-14 01:48:06.102210
9442,517,1089.81,2026-02-17 05:56:43.056651
9443,136,4186.44,2025-08-17 13:38:53.187175
9444,965,1482.32,2025-07-22 10:33:07.716836
9445,778,72.96,2025-08-21 21:11:12.350317
9446,101,504.77,2026-01-01 08:10:42.239781
9447,126,,2025-08-13 08:20:57.452740
9448,535,2392.84,2025-12-21 02:58:13.425205
9449,310,496.29,2025-09-11 04:41:47.548253
9450,6,7480.97,2025-10-05 18:44:29.772219
9451,483,767.09,2025-10-16 05:35:40.416524
9452,365,1520.63,2026-05-16 19:53:40.759722
9453,88,38.3,2026-03-05 07:20:13.869944
9454,768,4323.75,2026-01-24 03:51:36.075708
9455,933,3110.23,2026-02-27 14:38:26.972610
9456,733,434.96,2025-08-13 06:08:13.861592
9457,793,5413.2,2026-03-14 16:40:38.601404
9458,200,759.13,2026-04-21 02:02:15.630902
9459,229,2356.52,2025-10-27 05:57:19.497994
9460,200,3418.25,2025-07-12 22:19:30.513292
9461,740,2701.19,2025-07-29 20:22:23.792033
9462,963,4991.92,2025-08-18 11:21:23.538700
9463,701,3994.25,2026-03-02 13:09:18.362141
9464,893,10446.98,2026-03-15 00:27:28.628889
9465,576,403.28,2025-12-20 06:26:51.148592
9466,365,727.0,2025-09-21 21:11:51.231325
9467,386,2022.44,2026-02-02 17:19:26.381732
9468,54,2641.37,2026-02-21 18:27:13.941096
9469,5,1529.74,2025-06-30 06:32:44.861349
9470,644,153.61,2025-12-10 01:21:24.929257
9471,401,3685.2,2025-09-05 14:07:35.257845
9472,483,6481.95,2026-04-24 12:26:26.419023
9473,483,1040.13,2025-06-02 18:44:56.254756
9474,229,509.3,2025-06-04 08:57:22.813023
9475,415,39.01,2025-11-07 16:44:43.688413
9476,415,541.78,2025-06-01 21:01:31.627942
9477,365,2407.4,2026-04-21 11:18:45.097647
9478,792,4851.53,2026-05-10 08:52:41.828818
9479,415,196.36,2026-02-02 11:43:11.184481
9480,543,1611.55,2025-07-20 16:38:55.102150
9481,908,2378.37,2026-04-02 08:20:29.787038
9482,856,646.98,2026-01-24 04:49:20.948301
9483,903,1687.46,2026-01-03 11:51:12.725297
9484,229,2512.28,2025-09-27 20:05:17.796136
9485,7,3636.85,2026-01-19 14:43:17.477779
9486,222,1204.79,2025-09-12 18:48:57.060544
9487,229,2755.52,2025-07-12 05:40:15.506249
9488,924,718.45,2025-12-19 21:44:26.877162
9489,577,479.17,2025-07-01 09:25:02.407332
9490,56,414.82,2025-06-30 06:34:33.344384
9491,143,889.05,2025-07-11 06:26:15.825983
9492,191,73.08,2025-07-12 21:50:22.766205
9493,570,665.34,2025-11-20 03:39:49.334741
9494,716,2112.39,2025-09-02 15:30:27.013130
9495,838,2087.79,2026-04-19 15:17:45.480369
9496,947,152.8,2026-05-14 09:26:25.818256
9497,200,677.71,2026-03-13 19:49:57.573566
9498,271,1685.88,2025-12-26 13:28:56.938848
9499,200,767.07,2026-04-14 12:07:58.604555
9500,332,1082.53,2025-11-03 05:53:22.562443
9501,933,2495.23,2026-03-26 08:43:13.883439
9502,504,18.62,2025-08-13 04:48:33.813465
9503,722,647.02,2025-10-27 06:45:19.818778
9504,415,307.17,2025-09-29 09:47:26.038148
9505,5,273.04,2025-12-03 14:47:52.475744
9506,39,6390.33,2026-04-16 00:48:52.409455
9507,483,945.01,2025-07-23 13:45:32.843500
9508,705,1497.69,2025-10-04 13:17:14.102168
9509,200,2647.18,2026-01-25 14:10:51.310079
9510,705,97.22,2025-12-15 21:22:13.562426
9511,777,551.57,2026-03-25 18:26:35.911152
9512,371,3569.34,2026-05-18 02:32:16.626422
9513,733,3960.87,2026-02-12 17:25:19.145301
9514,365,,2026-04-29 08:13:16.369103
9515,613,939.56,2026-01-12 00:04:02.900115
9516,740,2828.54,2026-03-31 08:42:27.584650
9517,986,699.31,2025-12-01 00:30:36.803062
9518,312,249.07,2025-10-03 18:43:22.213918
9519,369,595.56,2026-02-12 02:18:34.762511
9520,200,979.91,2025-12-04 10:21:28.405269
9521,200,107.23,2025-06-13 17:32:10.400873
9522,639,1302.78,2025-06-21 20:28:58.414310
9523,936,2694.21,2025-10-26 23:44:46.951049
9524,365,1442.04,2025-08-30 15:36:09.583160
9525,200,149.22,2025-07-04 04:02:20.851886
9526,237,1160.17,2026-02-24 23:43:51.801853
9527,415,2468.21,2026-05-20 22:07:22.795437
9528,242,119.71,2025-09-17 17:40:11.528411
9529,200,123.43,2026-04-21 18:58:57.850676
9530,716,925.98,2026-03-26 12:24:35.175703
9531,1,433.74,2025-11-17 09:24:36.086241
9532,483,5460.0,2025-10-02 00:55:45.393524
9533,761,1741.41,2025-12-29 19:09:47.424516
9534,229,677.46,2025-10-06 22:17:42.268680
9535,543,2440.05,2025-06-11 09:58:36.475096
9536,599,939.78,2025-12-18 03:44:23.732248
9537,577,,2025-11-29 20:00:05.258996
9538,415,541.6,2026-05-11 08:55:49.577651
9539,314,2058.62,2025-06-04 05:14:14.358271
9540,809,106.54,2026-04-16 16:53:40.502002
9541,733,636.8,2025-12-29 03:04:37.512033
9542,291,467.17,2025-10-23 14:50:25.990026
9543,93,449.13,2026-01-31 16:57:19.240983
9544,47,2296.21,2025-11-26 09:00:25.542703
9545,73,3495.3,2025-10-04 23:47:44.311500
9546,519,2516.62,2026-01-13 19:00:33.621776
9547,24,2075.38,2026-01-12 04:37:53.707860
9548,297,4964.66,2026-02-17 23:55:53.652135
9549,733,120.33,2026-02-17 06:18:07.582429
9550,244,366.6,2025-08-14 14:58:33.167250
9551,740,1070.26,2026-01-11 21:41:54.672102
9552,733,931.87,2025-06-05 13:09:52.772934
9553,200,1082.75,2025-08-09 21:39:56.743079
9554,711,462.49,2026-04-19 15:41:44.683770
9555,733,323.87,2025-06-04 11:33:41.050741
9556,365,1423.41,2025-11-12 12:24:45.867763
9557,200,5263.64,2026-03-04 03:09:30.805744
9558,457,995.06,2025-06-08 00:06:15.531601
9559,936,,2026-01-21 15:43:14.583538
9560,576,2449.49,2025-08-03 22:18:48.084141
9561,200,688.1,2026-02-23 12:12:10.944076
9562,617,562.33,2025-09-15 07:32:54.069414
9563,388,783.89,2026-01-31 08:42:09.875748
9564,527,2573.37,2025-10-02 06:18:50.551672
9565,712,3416.52,2026-03-26 09:23:59.827414
9566,457,1773.74,2025-10-17 11:21:29.577151
9567,786,778.63,2026-02-02 18:34:28.212538
9568,705,743.51,2026-05-13 17:44:31.088045
9569,550,265.48,2025-12-18 07:10:18.433438
9570,182,,2026-03-31 12:36:30.976333
9571,809,2032.99,2025-10-28 19:31:15.893116
9572,942,54.69,2025-10-28 00:42:02.222209
9573,149,2171.59,2026-01-27 00:17:06.973401
9574,415,1185.35,2026-02-09 23:01:39.945652
9575,215,7191.36,2025-06-25 00:30:16.551209
9576,733,3419.28,2025-12-08 22:11:41.296828
9577,705,375.83,2026-05-22 14:50:24.593840
9578,160,2546.73,2026-03-05 06:49:57.555943
9579,886,1329.38,2025-09-30 12:20:50.309469
9580,200,414.16,2025-10-21 14:45:20.348883
9581,764,2399.56,2026-03-16 05:10:50.505805
9582,415,1585.44,2026-01-05 15:43:33.212782
9583,293,61.69,2026-04-22 18:36:05.425551
9584,193,,2025-09-29 05:50:54.983987
9585,200,2015.65,2025-07-26 02:16:44.813166
9586,588,311.17,2026-02-27 15:40:09.466761
9587,483,858.45,2025-10-29 21:49:23.832643
9588,127,1763.29,2025-12-12 14:45:11.546630
9589,105,298.82,2026-05-08 13:27:00.454308
9590,47,3830.89,2025-11-29 18:02:09.105131
9591,730,55.74,2026-03-22 21:40:06.859087
9592,688,217.04,2025-11-22 20:07:35.337802
9593,33,246.84,2025-07-12 01:27:36.514777
9594,483,1502.01,2026-04-16 01:58:42.819165
9595,60,1935.77,2026-03-17 11:18:54.613525
9596,914,1034.16,2025-10-27 18:45:25.361555
9597,918,681.23,2025-07-30 01:37:38.185718
9598,652,3314.29,2025-06-22 09:30:45.857162
9599,939,141.46,2025-09-18 06:06:14.025295
9600,778,657.82,2026-01-18 15:42:41.196332
9601,795,79.8,2025-08-11 12:10:23.509694
9602,488,27.98,2026-05-24 04:12:09.768597
9603,267,871.99,2025-06-25 16:20:10.128171
9604,200,433.39,2026-05-23 05:22:58.595782
9605,293,624.95,2026-03-11 14:30:32.068496
9606,570,3440.15,2025-08-21 16:10:46.961499
9607,200,355.81,2025-10-07 14:54:53.167384
9608,215,3030.38,2025-08-28 04:12:45.029674
9609,415,2248.17,2025-07-14 08:21:31.829952
9610,200,790.37,2026-02-24 14:32:43.459882
9611,523,1581.77,2025-11-08 16:17:57.365465
9612,936,1175.54,2025-12-04 22:20:16.888785
9613,733,274.84,2026-04-11 16:04:32.976725
9614,595,4754.3,2025-10-15 11:34:03.447235
9615,519,1686.16,2026-03-03 19:36:09.972019
9616,415,4244.53,2025-09-02 14:38:53.370257
9617,200,3472.57,2026-05-21 15:51:56.477723
9618,908,166.28,2025-09-26 11:36:31.202842
9619,200,,2025-11-25 20:48:39.695913
9620,68,313.92,2025-11-18 06:31:07.355467
9621,733,3553.11,2025-11-22 11:08:13.116778
9622,200,3967.49,2026-01-01 21:51:38.923585
9623,350,1501.43,2025-11-23 18:39:56.659445
9624,5,220.03,2025-09-05 15:55:55.918663
9625,149,291.48,2025-12-28 05:55:56.677042
9626,200,3359.17,2026-03-11 21:10:28.759044
9627,26,5295.51,2025-07-22 10:43:23.165643
9628,581,444.98,2025-12-03 07:42:57.809664
9629,809,22.4,2025-09-23 08:03:30.641959
9630,351,803.8,2026-05-08 05:35:01.263921
9631,880,61.95,2025-08-02 14:28:35.513620
9632,200,3520.23,2025-06-01 19:07:26.969951
9633,293,1352.63,2025-08-26 08:37:43.578562
9634,182,2053.67,2025-11-19 02:24:16.641835
9635,561,1060.31,2025-09-03 05:29:23.557275
9636,379,847.79,2025-12-18 07:00:35.459715
9637,545,502.57,2026-01-08 12:57:31.535514
9638,740,2943.99,2026-02-02 14:41:46.543411
9639,483,2378.48,2026-05-18 07:31:28.704285
9640,569,894.85,2025-08-04 14:17:41.471571
9641,941,774.61,2025-06-05 03:18:54.134513
9642,251,2.49,2026-04-21 21:12:34.832699
9643,332,131.32,2025-06-30 10:25:34.284562
9644,704,1952.38,2025-08-16 10:47:35.592843
9645,543,1445.59,2025-06-17 11:35:22.964024
9646,200,1141.16,2025-07-30 15:53:46.111458
9647,357,3514.74,2025-06-11 16:11:15.042475
9648,415,1401.95,2025-06-01 22:35:04.164070
9649,379,970.62,2026-02-07 11:31:41.257056
9650,200,351.7,2025-06-16 02:00:35.368406
9651,938,3437.26,2025-08-07 20:13:04.215672
9652,740,1717.21,2025-07-05 21:39:49.218670
9653,415,194.04,2025-10-01 06:05:15.239666
9654,617,2093.36,2026-05-09 02:07:54.968673
9655,914,1107.02,2025-12-16 08:26:33.694415
9656,146,3336.11,2025-06-10 19:17:41.696573
9657,202,5024.5,2025-06-14 09:45:29.577199
9658,483,1834.91,2026-04-24 05:26:20.544987
9659,767,2630.65,2026-04-27 22:59:20.527095
9660,8,116.51,2025-08-03 01:11:27.474768
9661,978,1643.12,2025-07-28 08:47:49.433275
9662,415,2815.77,2026-02-20 14:45:09.937833
9663,332,1373.38,2025-08-01 11:36:18.381537
9664,243,1800.59,2025-06-22 09:39:04.998068
9665,200,4584.24,2025-10-02 21:42:08.304707
9666,761,441.54,2026-04-08 06:45:08.350929
9667,963,206.83,2026-04-17 00:35:24.164938
9668,373,2346.52,2025-08-23 10:39:08.466064
9669,963,3461.5,2025-11-18 14:40:57.457481
9670,793,3800.79,2025-09-06 09:03:33.599302
9671,415,2052.46,2025-08-24 20:22:02.942520
9672,605,3582.08,2025-08-28 01:11:51.104621
9673,397,,2025-10-09 04:51:42.419317
9674,483,182.86,2026-04-17 19:57:41.879610
9675,33,2871.33,2025-07-14 01:06:57.058253
9676,646,395.34,2026-05-20 16:23:38.037119
9677,25,539.97,2025-12-12 06:53:00.344617
9678,791,1003.9,2025-09-01 16:07:13.330424
9679,793,755.41,2025-10-19 17:52:34.886402
9680,200,776.19,2025-09-25 20:15:29.222449
9681,291,370.88,2025-12-30 11:43:18.459251
9682,415,695.91,2025-10-18 16:51:34.760072
9683,540,39.72,2025-07-28 02:26:13.136252
9684,240,1280.77,2025-10-12 04:54:45.720280
9685,531,2927.14,2025-07-23 21:52:34.587714
9686,247,3964.59,2025-06-23 08:10:02.829373
9687,29,3434.36,2025-08-23 07:17:34.171184
9688,1,1077.28,2025-07-17 01:31:28.225483
9689,89,2621.83,2025-08-14 16:40:24.777508
9690,761,679.05,2026-01-06 20:10:11.557814
9691,965,114.33,2025-09-05 13:51:46.456624
9692,388,2253.85,2025-08-04 05:21:30.073971
9693,453,2092.78,2026-03-29 06:05:01.320604
9694,172,3235.24,2025-08-22 21:45:56.255627
9695,483,1914.78,2025-12-05 05:05:23.521888
9696,170,341.32,2025-09-24 14:31:59.533021
9697,543,3836.86,2025-06-16 03:07:44.381311
9698,939,1973.71,2025-10-24 03:25:12.596220
9699,200,3296.46,2025-10-08 11:14:08.148224
9700,740,2975.39,2025-12-01 12:37:37.748411
9701,1,707.26,2026-03-19 16:45:03.990968
9702,357,154.96,2026-04-27 05:59:01.548298
9703,104,388.39,2026-02-25 21:55:19.636280
9704,327,194.92,2026-02-10 06:50:14.978799
9705,200,557.87,2026-01-03 09:36:07.945306
9706,351,1230.64,2026-02-17 19:07:06.490848
9707,379,4746.24,2026-01-04 17:05:38.193468
9708,254,4111.74,2026-01-22 00:11:57.527591
9709,580,2535.95,2026-02-03 17:22:51.273029
9710,936,48.82,2025-09-09 07:36:56.891461
9711,365,835.25,2025-07-23 22:04:52.780336
9712,200,2293.6,2025-10-07 11:37:50.257404
9713,229,276.29,2025-12-15 11:04:20.667191
9714,829,3229.78,2025-09-11 09:55:32.387052
9715,495,4920.2,2025-09-04 08:40:36.667834
9716,415,874.23,2025-08-04 14:21:40.244574
9717,181,2447.28,2025-10-18 17:06:46.745139
9718,415,320.82,2026-01-02 02:44:41.849362
9719,229,2347.64,2026-01-13 13:03:17.195416
9720,954,43.38,2025-10-29 02:17:46.283031
9721,899,326.85,2026-02-02 14:02:30.748557
9722,60,2474.93,2026-05-10 14:50:27.305091
9723,457,2488.55,2025-08-24 17:14:04.490493
9724,200,2049.77,2025-09-29 12:02:23.551062
9725,369,1297.74,2026-02-12 15:21:34.129149
9726,886,2247.29,2025-06-14 08:48:49.561416
9727,470,2972.68,2025-10-15 23:57:39.359636
9728,296,6791.32,2026-04-18 04:20:48.214280
9729,200,4389.99,2026-04-08 12:37:19.538576
9730,767,3164.95,2026-04-22 03:18:32.108804
9731,567,2373.3,2025-06-14 15:02:15.026495
9732,415,1707.36,2025-06-21 02:10:05.672911
9733,200,257.05,2026-03-18 16:39:33.497754
9734,296,361.98,2025-10-11 09:33:53.079635
9735,965,3432.71,2025-12-06 13:28:43.666487
9736,457,3252.28,2026-01-03 17:06:02.007599
9737,365,1906.22,2026-01-02 15:11:17.334790
9738,457,1155.5,2025-06-03 16:39:54.646328
9739,751,52.75,2026-05-02 15:50:12.948181
9740,301,792.55,2026-05-30 15:09:30.677595
9741,200,1091.66,2026-01-09 21:29:48.777131
9742,521,1330.35,2026-04-10 20:16:05.063517
9743,593,5299.32,2026-03-11 15:56:40.849794
9744,690,230.17,2026-03-22 03:10:32.636834
9745,893,1463.22,2025-12-03 11:30:47.850289
9746,350,917.49,2026-02-22 10:52:14.016518
9747,54,9230.06,2025-12-15 01:34:42.161663
9748,963,3959.03,2025-10-15 16:46:29.367177
9749,397,1155.31,2026-03-01 03:13:49.585340
9750,565,16194.4,2026-03-16 12:37:23.076252
9751,595,1443.35,2025-11-25 01:03:24.820399
9752,483,365.73,2026-01-09 09:26:02.313081
9753,200,1623.3,2025-07-12 20:16:42.893739
9754,733,512.9,2025-08-02 23:02:10.792054
9755,768,2022.92,2026-03-14 16:38:55.103487
9756,483,,2025-09-08 16:54:22.338741
9757,415,3085.42,2025-07-17 21:59:14.699749
9758,105,638.11,2025-06-04 02:10:07.870535
9759,60,704.39,2026-05-05 21:06:18.159588
9760,299,143.61,2025-07-18 00:30:27.775095
9761,272,673.37,2026-04-05 20:05:01.425793
9762,963,194.4,2025-08-27 23:19:36.271463
9763,753,1384.09,2025-09-09 02:25:06.786460
9764,587,2464.38,2025-07-01 18:29:12.465665
9765,457,2782.06,2026-03-09 19:29:51.445542
9766,200,122.75,2025-06-26 07:17:59.986032
9767,977,830.9,2025-10-06 14:35:34.292635
9768,357,,2025-05-31 21:40:05.994204
9769,98,220.3,2026-05-04 07:18:33.940080
9770,417,900.31,2026-04-30 07:03:31.658286
9771,878,,2026-02-26 21:46:20.351784
9772,901,2012.97,2025-10-26 08:41:14.024473
9773,1,4296.34,2026-02-04 15:18:27.582973
9774,901,1213.36,2025-07-31 02:33:17.977341
9775,229,2746.09,2025-10-07 11:40:00.763375
9776,11,315.67,2025-10-21 09:06:33.274647
9777,829,4506.95,2026-04-15 02:02:36.030675
9778,849,331.15,2026-03-13 01:12:27.461776
9779,540,426.64,2026-01-30 16:19:24.364302
9780,503,225.14,2025-08-21 21:10:30.994020
9781,783,741.2,2026-05-09 16:10:56.460458
9782,760,1607.76,2026-03-08 19:43:18.045973
9783,903,8844.72,2025-08-29 09:40:27.296514
9784,483,3153.63,2025-12-09 23:02:39.474517
9785,965,957.48,2025-10-05 14:03:53.300637
9786,988,1715.32,2025-10-08 12:23:49.838686
9787,113,1952.65,2025-12-09 21:16:36.327612
9788,829,3460.13,2025-06-02 02:39:44.592037
9789,432,2667.04,2025-09-15 11:32:00.090274
9790,365,1684.65,2026-02-11 21:08:19.423239
9791,544,2212.38,2025-10-27 01:26:57.303980
9792,30,2740.19,2026-02-15 12:08:58.681607
9793,442,285.76,2026-03-31 23:16:29.329582
9794,870,447.43,2025-06-07 02:50:05.645981
9795,200,2333.25,2025-10-11 07:10:14.766356
9796,387,3799.92,2025-06-19 09:29:18.621085
9797,946,,2025-08-13 16:29:19.058100
9798,391,7813.11,2026-04-17 15:43:44.487750
9799,332,486.88,2026-04-15 17:58:58.134934
9800,405,1078.1,2026-01-04 10:00:23.276403
9801,457,951.31,2026-03-19 15:57:02.597997
9802,570,5326.99,2026-02-21 08:54:10.724303
9803,767,672.0,2025-12-26 13:57:16.543845
9804,415,1272.74,2025-06-17 21:49:18.937572
9805,791,414.62,2025-12-08 13:00:43.287821
9806,478,1473.22,2025-12-10 21:37:17.341819
9807,298,3895.48,2025-06-10 10:37:52.510432
9808,584,724.92,2026-03-13 19:06:08.753053
9809,704,3329.82,2026-03-14 03:42:37.412050
9810,483,4845.25,2026-01-28 02:35:34.122900
9811,33,151.51,2026-05-27 09:35:20.557739
9812,200,2824.66,2026-04-26 05:44:04.660638
9813,238,,2026-02-11 15:15:17.865237
9814,230,385.54,2026-02-18 13:28:32.981953
9815,605,1838.2,2025-06-14 01:37:13.401422
9816,1,2445.65,2025-11-08 04:14:38.699902
9817,733,1004.26,2025-11-12 13:51:08.110341
9818,229,79.92,2025-08-13 10:50:40.794341
9819,271,4787.31,2025-12-21 22:14:58.085345
9820,472,2624.21,2025-06-01 20:36:27.276143
9821,200,633.99,2025-08-04 19:14:02.008113
9822,899,1373.79,2026-04-03 03:22:42.816521
9823,60,56.37,2026-04-29 14:44:06.752837
9824,415,828.86,2026-01-20 16:20:22.023209
9825,829,1478.53,2026-04-24 07:44:34.089499
9826,551,1456.4,2025-12-03 15:55:58.393346
9827,243,466.85,2026-04-19 15:26:19.574149
9828,379,2998.9,2026-05-05 15:35:33.511045
9829,673,710.1,2025-09-10 20:52:36.978906
9830,973,1736.95,2026-05-01 23:59:48.892178
9831,905,633.6,2026-03-15 20:22:36.369463
9832,306,1107.35,2026-01-16 02:40:00.594277
9833,994,465.16,2025-10-09 04:23:11.920226
9834,1,2004.83,2026-04-18 04:57:49.697268
9835,5,1108.8,2025-12-01 15:21:37.014121
9836,793,32.5,2026-01-29 19:45:30.168606
9837,200,57.14,2025-08-25 07:00:36.368903
9838,33,,2026-05-18 18:28:10.470387
9839,200,404.79,2026-04-23 02:30:26.109650
9840,387,1759.16,2026-05-17 21:36:40.216215
9841,711,1049.15,2025-08-17 16:28:41.614700
9842,566,2125.06,2025-10-31 19:49:57.127143
9843,200,6089.64,2026-03-06 10:16:26.379922
9844,439,1504.67,2026-05-27 15:37:54.187289
9845,939,3096.48,2026-03-22 02:05:16.965698
9846,788,2797.07,2025-09-19 15:09:07.223825
9847,291,5096.74,2025-11-18 22:40:29.481169
9848,977,481.64,2025-07-18 02:47:47.780008
9849,681,3512.71,2026-03-31 19:16:11.005473
9850,36,4718.74,2025-11-25 00:08:22.782515
9851,7,997.67,2025-09-15 08:23:10.564706
9852,200,753.22,2026-02-05 03:47:30.542013
9853,710,6074.61,2026-01-18 07:32:55.727985
9854,200,1975.75,2025-09-11 03:03:50.771716
9855,450,958.26,2026-02-24 20:42:04.292276
9856,70,3138.78,2026-02-14 06:18:54.781748
9857,936,726.17,2026-05-24 02:43:34.999117
9858,308,388.16,2025-07-17 19:27:10.451547
9859,921,1570.39,2025-10-10 20:09:06.989000
9860,959,1670.4,2026-03-01 04:46:35.480384
9861,1,3494.49,2025-11-13 10:07:15.199438
9862,415,1221.39,2026-04-27 16:15:39.163445
9863,1,3370.33,2026-01-02 23:33:36.336043
9864,922,745.96,2026-03-21 16:15:53.656651
9865,457,1713.07,2025-07-09 16:00:53.060052
9866,54,467.58,2026-01-16 15:26:14.339643
9867,103,973.72,2026-03-27 09:52:51.036936
9868,365,3897.38,2026-01-20 22:48:41.511588
9869,946,486.66,2026-04-11 08:11:43.072546
9870,639,3323.98,2026-05-01 02:17:24.802784
9871,861,665.0,2026-04-25 10:24:57.818017
9872,342,70.2,2026-01-28 04:30:33.928439
9873,16,232.92,2025-11-04 03:10:42.050299
9874,973,2739.89,2026-05-20 00:26:24.221056
9875,1,607.82,2026-01-27 12:50:10.179561
9876,963,2123.47,2026-03-05 09:17:19.900596
9877,347,2402.61,2026-04-10 06:12:24.829792
9878,1,846.6,2025-08-10 00:10:51.061462
9879,630,1288.41,2025-11-18 04:38:57.136309
9880,977,1034.25,2025-09-13 21:21:57.663280
9881,965,5888.14,2026-04-24 12:56:44.624003
9882,200,771.17,2025-10-10 21:49:43.335917
9883,200,405.02,2026-01-17 17:05:12.896732
9884,483,910.13,2026-05-04 09:58:28.556075
9885,574,2214.39,2025-09-29 11:11:19.966854
9886,725,2390.44,2025-12-01 01:49:27.240880
9887,200,5155.55,2026-05-11 15:19:12.802955
9888,964,4269.98,2025-12-27 14:10:51.851301
9889,576,680.26,2025-08-22 16:59:17.417174
9890,829,1214.54,2025-08-20 06:43:08.640076
9891,483,2750.86,2025-06-19 21:48:55.619126
9892,374,4966.71,2026-02-09 17:27:35.572014
9893,977,822.46,2026-05-01 08:45:03.920440
9894,519,1175.56,2026-01-31 14:17:06.098070
9895,858,4594.76,2025-08-06 18:49:23.923915
9896,963,887.84,2026-03-31 08:13:34.034903
9897,607,1309.83,2025-10-17 14:34:50.800662
9898,483,4697.34,2026-03-03 21:54:00.219778
9899,1,3241.43,2025-09-26 22:46:44.488417
9900,12,557.92,2025-09-14 08:48:01.060110
9901,200,785.48,2026-02-20 14:28:36.077108
9902,200,870.69,2025-12-14 19:50:26.176040
9903,206,4877.69,2026-05-26 04:15:08.033102
9904,265,13687.19,2025-06-23 19:01:00.825308
9905,333,2974.48,2025-07-19 19:40:00.823292
9906,379,1324.56,2025-12-15 08:47:00.362528
9907,81,20.45,2026-01-24 03:09:05.974476
9908,13,2391.27,2025-10-18 17:33:50.629137
9909,605,986.5,2025-12-30 05:56:39.484885
9910,483,2004.71,2025-09-13 13:27:03.742786
9911,415,1866.33,2025-09-17 12:35:50.448271
9912,570,1311.06,2026-03-27 15:01:01.821361
9913,794,5778.69,2025-10-12 11:39:43.252396
9914,389,46.84,2025-08-10 01:40:06.982481
9915,577,,2026-03-02 19:39:13.102544
9916,963,1054.72,2025-12-24 01:52:39.313400
9917,816,2502.06,2026-05-06 22:09:13.459611
9918,387,2249.21,2025-12-02 16:56:43.474974
9919,577,20.58,2025-11-08 13:16:53.793267
9920,200,671.89,2026-04-18 07:42:17.773653
9921,483,419.2,2026-05-23 23:45:47.565956
9922,977,365.41,2025-10-24 07:18:57.518138
9923,457,2607.41,2025-06-17 23:50:32.114755
9924,939,,2025-10-17 13:22:23.781346
9925,365,1287.71,2025-12-31 18:04:14.136975
9926,997,567.35,2025-09-25 20:00:48.617761
9927,513,1736.11,2025-07-21 00:28:58.284630
9928,13,2550.03,2025-11-27 23:04:04.196957
9929,521,804.17,2025-06-19 22:34:08.027737
9930,229,1847.74,2026-05-06 18:27:35.735208
9931,5,3484.28,2025-07-25 14:16:24.894872
9932,793,197.93,2025-09-13 12:01:04.195945
9933,229,2480.38,2025-06-26 07:41:43.480709
9934,763,780.6,2026-04-09 15:49:07.965907
9935,240,261.7,2026-03-19 20:24:29.416641
9936,200,1577.79,2025-09-26 09:17:32.465883
9937,973,513.04,2025-09-14 07:12:16.715598
9938,333,3444.79,2026-05-27 06:10:38.649163
9939,543,87.69,2026-04-16 02:18:56.746042
9940,543,207.73,2025-07-16 07:02:07.653067
9941,483,1472.09,2026-02-19 15:56:04.643995
9942,933,1778.04,2025-12-27 21:56:56.388904
9943,606,2617.83,2026-02-14 06:23:56.890349
9944,365,600.21,2026-03-21 18:46:41.073504
9945,846,,2026-02-16 09:50:11.390676
9946,200,6121.28,2025-09-17 04:58:10.205985
9947,483,1382.46,2025-07-24 20:46:48.239947
9948,963,2858.67,2025-06-19 01:57:54.042976
9949,567,1488.24,2025-08-27 03:28:34.158211
9950,791,144.0,2025-09-30 05:43:04.930725
9951,577,789.38,2025-06-15 17:25:56.902239
9952,815,183.11,2025-12-29 13:06:40.484665
9953,958,8997.86,2025-10-09 14:20:39.619065
9954,229,520.2,2025-12-02 10:13:48.641747
9955,200,2020.66,2025-12-12 17:28:37.241490
9956,415,669.11,2026-05-02 22:45:44.470866
9957,661,2118.28,2025-07-20 00:37:50.551693
9958,200,472.46,2025-10-02 17:34:52.494690
9959,1,3076.75,2025-11-01 21:53:26.873101
9960,307,234.89,2026-04-26 15:33:43.042827
9961,967,4510.46,2025-10-26 10:25:37.101475
9962,643,3670.44,2025-07-22 08:22:24.308205
9963,365,,2025-08-06 06:31:46.092501
9964,200,139.59,2025-07-17 00:24:47.178136
9965,332,467.83,2026-02-06 00:41:48.896645
9966,200,3923.13,2026-02-08 00:18:59.048934
9967,98,260.16,2025-09-26 05:22:21.336789
9968,917,339.04,2025-11-01 18:16:25.320868
9969,993,1570.54,2026-02-04 02:50:04.168006
9970,200,640.9,2025-10-09 01:42:21.355573
9971,26,502.25,2025-12-16 02:22:56.571994
9972,296,1715.16,2025-11-04 11:55:43.921604
9973,415,932.27,2025-06-21 06:52:54.390387
9974,200,302.95,2025-11-14 13:48:38.958406
9975,255,1530.81,2026-03-17 21:13:17.679413
9976,200,978.82,2026-02-11 11:41:40.621750
9977,746,2652.41,2026-04-23 04:50:04.938311
9978,690,216.85,2026-05-01 20:27:12.432582
9979,570,1938.4,2025-09-11 16:06:05.710401
9980,365,1147.15,2026-01-13 09:53:48.888408
9981,924,1041.96,2025-07-19 09:49:36.748980
9982,969,528.68,2025-09-24 21:32:05.012366
9983,200,61.8,2025-09-21 19:59:00.783876
9984,200,3763.66,2025-07-05 12:43:39.345271
9985,464,790.27,2026-01-28 22:05:40.663543
9986,68,2285.7,2026-01-28 22:11:13.370911
9987,399,5897.22,2026-03-01 06:58:53.515432
9988,519,1664.77,2025-06-11 15:56:09.927222
9989,457,1012.16,2026-05-09 03:52:00.768109
9990,296,624.7,2025-11-12 12:05:17.908451
9991,483,5437.53,2025-07-29 03:09:36.542637
9992,963,2291.89,2026-05-21 15:53:25.293653
9993,200,2188.93,2025-11-14 17:24:03.431402
9994,577,1110.8,2025-06-01 06:14:21.696806
9995,16,3729.29,2026-04-29 20:36:18.709592
9996,39,2501.24,2025-11-26 19:06:28.037294
9997,483,665.87,2025-12-05 03:12:56.235984
9998,98,1830.48,2025-06-01 01:35:02.075768
9999,1,1124.92,2025-09-03 03:33:03.886067
10000,200,13.22,2025-11-11 17:26:54.921670
10001,483,3296.6,2025-07-02 16:07:43.886985
10002,664,262.11,2025-08-29 09:13:02.902839
10003,200,1426.51,2025-12-11 18:26:07.769109
10004,598,819.63,2025-07-15 13:05:19.079515
10005,200,837.37,2025-07-02 01:48:27.461067
10006,545,1297.74,2026-05-22 00:54:57.511304
10007,371,11633.75,2026-04-27 06:53:53.163998
10008,577,1049.78,2025-10-20 07:42:51.565204
10009,987,402.59,2025-10-25 11:40:46.392870
10010,944,1901.8,2025-10-01 07:10:01.864211
10011,1,539.13,2026-05-21 06:33:14.178521
10012,900,223.09,2025-06-10 12:06:34.209143
10013,39,102.95,2025-08-18 03:52:43.548982
10014,963,46.29,2026-02-13 15:09:04.261436
10015,229,1128.33,2025-09-18 14:59:10.774607
10016,365,1112.78,2026-04-14 15:43:46.259793
10017,68,410.47,2025-07-13 18:14:54.653336
10018,105,3065.13,2026-03-22 09:26:50.316092
10019,710,276.85,2026-04-04 04:47:59.507562
10020,958,4937.69,2026-02-06 07:29:41.795418
10021,543,1771.41,2025-11-19 04:31:20.004287
10022,698,56.01,2026-04-13 22:59:06.197382
10023,740,6592.2,2025-09-15 00:35:12.412065
10024,226,736.17,2025-07-22 15:40:57.034552
10025,17,1195.58,2026-03-29 18:43:29.547202
10026,1,668.9,2026-01-29 01:23:36.554574
10027,324,2607.01,2025-06-21 07:39:21.018096
10028,200,1329.82,2025-09-14 12:21:20.554283
10029,36,283.99,2025-10-13 04:38:11.145037
10030,200,220.09,2025-10-25 16:52:33.949242
10031,131,,2025-10-13 01:41:35.784789
10032,933,541.21,2025-08-18 20:43:29.590116
10033,158,296.52,2026-02-27 08:48:43.707640
10034,483,1384.01,2025-06-29 16:46:52.348591
10035,533,3246.72,2025-06-06 12:38:34.648052
10036,483,653.63,2025-11-26 05:53:58.712546
10037,82,647.12,2025-06-08 06:00:42.902090
10038,288,3590.1,2026-02-21 23:54:15.061798
10039,24,319.95,2025-06-15 07:25:36.127704
10040,365,1918.02,2025-11-01 05:02:20.944488
10041,200,6202.78,2026-03-19 12:30:16.455465
10042,483,3681.52,2025-12-23 18:14:40.696305
10043,638,127.62,2026-04-22 00:44:20.090969
10044,474,771.06,2025-09-13 08:12:02.497361
10045,396,307.18,2025-06-11 22:07:36.360072
10046,365,5961.32,2025-07-27 01:03:15.865253
10047,819,8529.07,2025-07-02 13:13:26.931611
10048,200,535.74,2025-10-13 09:16:44.600302
10049,712,2215.5,2026-01-08 07:22:29.763068
10050,733,3685.66,2026-05-21 13:47:18.153833
10051,379,532.31,2026-05-18 16:34:49.500369
10052,246,415.72,2025-09-15 05:01:51.269825
10053,415,22.55,2025-12-14 14:14:43.629729
10054,70,1061.93,2025-12-02 09:53:27.063072
10055,18,4593.95,2026-01-06 02:06:23.884985
10056,105,4665.67,2026-05-11 22:50:24.513393
10057,200,273.34,2026-02-09 01:43:59.296758
10058,441,457.2,2025-11-26 08:04:46.926402
10059,829,1048.66,2025-09-11 05:39:32.563193
10060,200,3033.94,2025-10-05 02:43:29.194532
10061,941,1892.73,2025-06-29 20:56:58.853716
10062,963,1442.48,2025-06-01 11:32:52.666029
10063,964,1792.64,2025-10-02 11:58:50.537508
10064,810,202.29,2026-05-25 21:37:39.101224
10065,336,1298.89,2025-06-25 07:21:42.308058
10066,47,9672.51,2026-01-17 15:35:54.168691
10067,487,185.21,2026-04-22 20:01:16.296961
10068,483,1464.8,2025-10-23 06:56:16.518217
10069,829,700.96,2025-08-31 18:09:04.744314
10070,987,1552.68,2025-12-18 03:51:26.462832
10071,443,1705.78,2026-04-24 09:03:18.973941
10072,312,1723.0,2026-01-28 17:08:33.334262
10073,200,3823.91,2026-01-29 18:52:09.697189
10074,1,987.76,2025-08-15 12:50:30.242141
10075,445,1452.8,2025-12-14 12:27:02.002025
10076,483,21.98,2025-07-17 07:54:16.921167
10077,793,3117.02,2025-09-14 06:39:51.425740
10078,441,,2025-05-30 14:37:40.719958
10079,936,3391.68,2025-06-28 11:57:11.855900
10080,570,617.51,2025-09-26 17:09:05.845208
10081,818,21.69,2025-09-18 22:01:57.090695
10082,177,336.44,2025-10-27 05:38:59.047994
10083,829,8492.6,2025-09-03 01:25:46.439771
10084,607,770.74,2025-11-22 10:22:44.757954
10085,200,230.43,2026-05-16 00:53:09.904238
10086,200,252.85,2026-03-26 23:38:06.594883
10087,939,743.12,2026-03-01 17:42:24.705942
10088,5,76.74,2025-08-15 17:40:19.390496
10089,415,1432.78,2025-08-08 18:22:30.526468
10090,280,480.94,2026-03-03 18:23:10.289872
10091,593,1465.07,2026-04-15 11:50:50.506689
10092,816,303.42,2025-12-19 15:40:24.790108
10093,333,1123.74,2025-06-11 00:49:47.075638
10094,388,1822.19,2026-05-08 23:43:04.794318
10095,977,128.01,2026-05-18 09:17:00.190212
10096,754,1017.49,2025-12-30 13:39:35.277987
10097,914,720.57,2026-03-03 11:32:22.690062
10098,402,549.82,2026-01-14 13:49:16.121373
10099,200,1855.38,2026-04-14 03:42:24.940625
10100,371,1776.1,2025-10-20 01:08:47.016336
10101,699,1992.29,2025-10-14 15:49:26.212417
10102,101,346.05,2025-08-30 00:34:13.320270
10103,229,672.93,2026-01-14 04:32:59.591806
10104,20,470.63,2025-10-23 07:55:24.945607
10105,396,1555.25,2025-07-07 11:00:28.939031
10106,793,1236.32,2025-08-08 05:45:51.269038
10107,1,801.83,2025-12-04 11:58:30.971503
10108,607,3083.7,2025-06-07 15:30:29.495521
10109,939,197.37,2026-05-25 23:36:47.184818
10110,200,7369.51,2025-09-23 02:21:40.093800
10111,640,247.83,2026-04-03 00:13:22.058790
10112,973,,2025-06-04 23:59:52.363033
10113,965,918.46,2026-02-23 00:30:34.390239
10114,200,4008.85,2026-01-11 22:32:58.108325
10115,86,154.13,2025-07-01 00:22:50.627280
10116,177,939.12,2026-03-07 21:58:02.564524
10117,661,817.27,2025-11-28 03:05:01.818895
10118,709,9969.07,2026-02-22 00:01:03.616748
10119,605,8473.98,2025-12-11 22:36:48.167769
10120,296,420.96,2025-07-21 04:27:24.557794
10121,200,1988.22,2025-08-29 02:38:31.757169
10122,515,1533.67,2025-07-03 06:36:32.901585
10123,415,335.35,2026-05-29 09:26:02.622522
10124,711,367.32,2025-07-03 06:31:06.725037
10125,409,9066.02,2025-09-13 17:55:00.769675
10126,298,1205.63,2025-07-16 09:10:13.660625
10127,244,268.9,2025-09-04 10:35:23.802908
10128,200,483.61,2026-02-28 06:12:48.039270
10129,229,624.9,2025-07-17 16:21:29.739094
10130,74,1430.45,2025-12-16 14:43:47.263569
10131,315,817.59,2026-04-07 00:34:42.389372
10132,8,1213.98,2026-03-26 21:21:59.425267
10133,200,364.24,2026-04-17 17:23:22.004491
10134,733,791.21,2025-10-13 11:53:18.043764
10135,293,145.82,2026-01-10 14:53:21.004827
10136,598,4409.29,2026-02-04 01:45:27.963834
10137,701,443.17,2026-05-29 02:51:16.736492
10138,516,2828.57,2025-09-15 19:03:53.736278
10139,963,860.19,2025-08-22 20:21:23.631102
10140,1,,2026-04-21 09:41:16.472288
10141,723,688.54,2025-07-27 00:40:40.441575
10142,963,2384.36,2026-03-14 10:07:46.730860
10143,846,3722.82,2026-05-04 14:13:53.181833
10144,200,674.5,2025-06-05 01:12:12.789853
10145,293,554.72,2025-11-05 03:04:44.977725
10146,200,2287.89,2026-01-10 12:28:25.914284
10147,543,434.21,2025-06-27 21:36:36.450431
10148,688,,2026-04-21 22:45:32.021675
10149,286,198.38,2026-04-13 16:22:09.104768
10150,483,1935.89,2026-02-18 02:22:32.077019
10151,633,1440.65,2026-02-08 21:41:50.317942
10152,379,241.86,2026-03-06 17:54:13.273058
10153,829,2094.53,2026-03-28 20:44:30.159120
10154,745,1183.19,2025-12-25 14:18:45.556607
10155,39,489.54,2025-09-01 08:21:12.453805
10156,562,872.01,2026-04-05 00:07:48.790472
10157,200,1354.95,2026-05-11 15:07:00.390656
10158,483,192.04,2025-12-21 18:17:45.161765
10159,963,,2026-01-09 18:15:16.914503
10160,886,2190.61,2025-09-12 17:27:31.933263
10161,365,216.36,2025-11-16 09:57:33.606659
10162,242,3461.65,2026-03-10 20:04:44.135410
10163,200,778.85,2026-05-01 14:14:53.113447
10164,475,1816.64,2026-01-26 19:10:07.563387
10165,107,649.09,2025-09-17 03:41:44.524908
10166,483,2644.06,2026-04-15 19:44:33.847889
10167,1,2567.54,2025-12-21 04:12:53.344576
10168,291,1606.12,2025-10-15 02:07:43.641783
10169,200,551.31,2025-08-09 06:36:09.190402
10170,973,585.27,2025-08-01 14:45:05.542173
10171,710,965.33,2025-09-06 10:40:14.810442
10172,322,313.34,2026-04-27 21:07:41.248741
10173,68,823.94,2025-07-08 06:18:33.606796
10174,457,2306.27,2026-03-02 12:54:31.602368
10175,200,3553.88,2025-07-30 14:49:36.920849
10176,483,808.68,2026-04-11 22:55:44.857170
10177,809,532.08,2025-06-27 10:27:27.921857
10178,551,3575.25,2025-08-04 20:25:28.060739
10179,570,4427.39,2025-12-24 22:53:52.168465
10180,483,1055.34,2026-02-11 20:20:53.467968
10181,939,,2026-03-02 16:05:13.415430
10182,939,2374.64,2025-12-26 14:13:46.043949
10183,453,3065.26,2026-03-04 12:58:48.332539
10184,267,36.38,2025-08-16 21:46:15.302946
10185,415,1807.89,2026-04-05 21:01:20.893604
10186,200,1775.25,2026-05-06 11:48:48.490107
10187,572,,2025-06-29 12:48:22.746011
10188,433,2770.73,2025-08-08 12:32:45.362648
10189,94,1117.86,2025-11-30 21:06:45.775227
10190,200,2258.82,2025-06-12 02:50:35.809354
10191,415,1455.96,2025-12-07 21:52:07.171454
10192,901,571.27,2025-10-03 05:33:29.159215
10193,483,1865.35,2025-12-08 16:41:26.816047
10194,617,2670.51,2026-03-02 13:12:25.118853
10195,299,7292.07,2025-10-13 18:35:58.960712
10196,494,956.42,2025-08-26 22:40:17.633487
10197,415,133.29,2025-12-12 08:03:10.288802
10198,587,8840.91,2025-12-06 13:49:21.580745
10199,24,1955.3,2026-05-20 13:25:49.338401
10200,415,5854.3,2025-09-13 04:41:29.764251
10201,245,219.24,2025-09-10 23:33:07.401754
10202,293,837.2,2025-08-03 02:16:54.856084
10203,965,287.59,2025-09-23 07:27:50.915610
10204,200,3609.81,2025-06-03 11:54:36.712995
10205,273,4246.25,2026-05-05 06:44:45.855262
10206,446,1391.55,2025-11-30 05:56:31.497736
10207,848,413.08,2026-02-05 05:37:19.131150
10208,379,271.91,2025-11-29 09:00:57.713685
10209,731,1774.26,2025-06-27 01:03:04.077093
10210,830,1411.96,2025-07-26 10:56:50.832322
10211,271,2373.5,2025-07-16 17:19:43.047883
10212,365,728.28,2026-02-13 06:08:02.542079
10213,332,1029.56,2025-08-22 12:33:43.697068
10214,806,43.19,2025-09-16 11:10:32.122450
10215,17,1883.95,2026-04-12 20:55:56.857010
10216,270,1100.32,2025-11-22 09:52:21.489906
10217,615,5045.58,2025-11-01 19:04:29.909720
10218,483,2053.25,2026-01-04 09:59:26.403507
10219,399,1017.3,2025-08-23 08:04:33.035066
10220,483,611.93,2025-06-07 14:08:58.823961
10221,200,4713.76,2025-08-31 18:12:31.609908
10222,395,32.8,2026-04-20 17:16:07.272549
10223,434,791.76,2025-08-02 18:51:27.976576
10224,914,5747.23,2026-02-16 16:06:02.492586
10225,222,2122.82,2026-03-28 09:42:49.265576
10226,862,1521.65,2025-06-02 17:13:41.555343
10227,577,455.14,2025-11-24 01:00:41.464079
10228,1,3584.02,2025-06-21 12:29:20.978153
10229,705,456.81,2026-03-10 04:57:03.938188
10230,7,570.71,2025-08-19 11:17:42.760101
10231,992,426.02,2025-12-10 03:17:09.203974
10232,873,344.31,2026-01-31 16:00:51.650184
10233,247,6128.56,2025-10-29 17:16:48.758570
10234,210,1842.77,2026-03-28 05:16:03.917659
10235,365,2031.32,2026-01-27 14:31:36.166728
10236,332,6172.43,2025-06-23 07:17:20.329341
10237,350,524.22,2025-08-01 15:46:13.280498
10238,287,11.87,2025-06-23 07:54:59.425576
10239,562,1827.01,2025-11-23 05:52:57.077816
10240,200,1417.92,2025-06-29 20:47:31.621169
10241,829,1298.84,2026-03-16 21:38:03.324765
10242,781,127.76,2026-02-13 11:46:17.732915
10243,415,1211.87,2026-03-18 23:01:33.338740
10244,829,678.12,2026-01-30 10:42:23.020495
10245,200,641.97,2025-06-16 10:59:32.792385
10246,1,503.04,2026-05-17 22:44:33.740991
10247,559,808.52,2026-02-20 16:10:55.418656
10248,415,871.23,2026-02-06 17:56:17.547254
10249,483,738.58,2026-04-10 21:55:28.715232
10250,914,7703.05,2026-02-25 06:50:55.450559
10251,971,5398.11,2026-04-08 13:11:17.951554
10252,570,1709.03,2025-10-25 02:33:22.819010
10253,740,7932.41,2026-02-22 17:02:16.738638
10254,59,9465.55,2026-04-05 06:05:28.998306
10255,199,879.93,2025-07-17 23:21:51.019867
10256,711,1178.25,2025-10-23 01:58:44.811868
10257,396,6391.38,2025-06-06 13:45:55.854667
10258,415,1876.18,2025-10-03 22:56:12.891407
10259,270,478.87,2026-05-29 06:20:43.634119
10260,543,2338.37,2025-06-05 23:51:34.679027
10261,200,460.7,2026-03-17 14:06:58.769912
10262,567,829.09,2025-07-10 22:53:23.400067
10263,200,516.4,2026-04-12 16:45:55.782378
10264,39,562.02,2026-04-19 08:28:21.042782
10265,296,9.33,2026-02-01 18:44:48.937325
10266,200,4252.38,2025-09-18 17:23:05.930596
10267,901,701.93,2025-06-05 07:44:18.357927
10268,28,180.67,2026-01-03 06:04:12.168934
10269,200,182.01,2025-12-04 00:00:41.793320
10270,483,1623.94,2026-05-12 17:23:45.709282
10271,415,9901.12,2026-01-26 12:00:34.998958
10272,18,313.36,2026-01-25 10:07:02.118261
10273,1,209.88,2025-05-31 00:54:24.741496
10274,983,1153.59,2025-08-10 19:52:38.198214
10275,586,1657.16,2026-01-18 13:27:28.062808
10276,340,697.36,2026-05-11 11:10:33.239431
10277,415,720.57,2025-06-10 11:02:23.036301
10278,229,1104.95,2026-01-01 13:21:39.843340
10279,310,,2025-07-25 14:29:22.601699
10280,577,4938.03,2025-11-21 00:45:32.942607
10281,895,85.72,2026-02-26 18:40:26.224679
10282,200,534.64,2025-11-30 01:12:57.445982
10283,818,3306.29,2025-06-11 13:47:44.207091
10284,125,3591.03,2025-12-30 21:04:54.745788
10285,200,236.57,2026-01-27 20:12:17.335449
10286,8,7281.2,2025-06-10 07:56:21.290226
10287,160,2364.13,2025-11-12 00:16:20.045780
10288,936,636.54,2026-03-27 22:33:30.827811
10289,415,1217.75,2025-07-09 17:25:41.234402
10290,56,705.19,2026-02-25 22:14:19.259874
10291,965,325.09,2026-05-26 05:55:36.157767
10292,886,688.3,2025-08-27 13:36:09.778969
10293,733,,2025-11-05 23:17:09.067400
10294,940,3497.05,2025-10-19 01:51:11.546708
10295,200,903.63,2025-06-29 19:03:58.628612
10296,809,855.12,2025-06-18 00:04:34.988304
10297,632,1262.23,2025-09-27 14:56:37.038331
10298,868,2068.77,2026-01-25 07:41:18.336057
10299,763,2785.56,2025-11-08 20:31:15.298218
10300,314,791.42,2025-10-09 01:19:02.180273
10301,746,1765.48,2026-05-29 10:55:47.317663
10302,225,986.5,2025-11-23 19:52:49.514571
10303,293,2520.38,2025-08-18 20:19:57.944739
10304,99,359.87,2025-12-02 21:19:38.795304
10305,941,593.92,2025-12-13 11:45:56.003862
10306,242,1110.46,2025-09-06 08:38:08.015723
10307,457,4403.94,2025-11-17 11:51:36.674771
10308,365,1703.47,2025-08-20 09:55:59.715245
10309,965,6727.58,2025-06-03 05:19:27.862908
10310,296,218.02,2026-02-23 21:52:56.714268
10311,751,1233.02,2025-06-07 23:40:18.349057
10312,829,1086.28,2026-03-17 11:23:02.806475
10313,397,1833.61,2026-01-21 15:49:47.251705
10314,362,3342.25,2026-01-12 02:58:48.248208
10315,733,3683.35,2025-11-03 11:47:42.521219
10316,929,2218.51,2026-02-03 13:00:28.311246
10317,733,2051.86,2025-12-05 21:23:16.327454
10318,200,5953.02,2026-02-28 10:01:23.341396
10319,901,968.0,2025-07-12 12:13:51.231071
10320,365,3576.93,2025-12-15 06:26:17.836459
10321,505,5089.41,2026-04-14 00:51:11.787566
10322,801,1352.73,2025-11-07 12:04:58.608291
10323,200,2612.03,2026-01-17 11:40:36.562236
10324,756,946.48,2025-09-25 22:30:54.930391
10325,539,346.04,2025-06-25 03:51:50.859444
10326,905,1766.21,2026-01-16 05:47:07.023744
10327,200,437.49,2026-05-10 13:12:50.690725
10328,379,1223.5,2025-12-01 10:53:34.690738
10329,806,4125.24,2026-05-09 11:34:52.687008
10330,1,179.89,2025-09-10 17:20:34.263563
10331,105,61.8,2025-10-28 14:52:10.782527
10332,986,1865.24,2026-02-28 18:38:39.527340
10333,229,804.13,2025-06-22 01:52:50.381922
10334,973,1082.36,2026-05-21 19:34:02.452937
10335,200,1040.78,2026-01-17 11:16:04.820779
10336,333,181.21,2025-07-13 05:13:39.918999
10337,733,7.15,2025-12-21 20:03:25.068285
10338,583,4573.88,2025-11-11 02:27:41.920949
10339,516,491.29,2026-03-09 01:27:57.470919
10340,474,1110.53,2026-05-03 19:04:32.466769
10341,824,7145.81,2025-09-02 12:44:27.935641
10342,200,3506.18,2026-03-09 06:41:02.202784
10343,412,228.42,2026-04-16 11:32:54.635412
10344,191,1420.66,2025-09-05 16:11:31.819407
10345,539,2619.25,2025-07-16 05:15:29.704230
10346,203,2397.26,2026-01-05 20:44:47.896986
10347,296,2861.26,2026-05-12 23:30:21.098171
10348,415,1222.97,2026-01-23 17:53:52.478679
10349,3,,2025-12-30 06:39:46.909847
10350,68,1250.5,2025-12-26 08:04:21.342773
10351,619,2087.61,2026-02-24 18:11:56.302291
10352,392,1876.01,2025-08-23 07:45:35.809121
10353,852,146.26,2025-06-06 12:36:35.567946
10354,641,134.32,2026-03-27 20:00:15.671314
10355,1,6719.6,2025-11-09 06:25:52.808186
10356,552,329.29,2026-05-27 02:12:04.910649
10357,72,697.59,2026-01-31 10:09:17.747707
10358,751,2918.89,2025-07-25 00:24:48.802199
10359,986,1054.17,2026-04-20 12:00:11.894592
10360,474,400.48,2025-11-24 11:00:18.421738
10361,617,1259.34,2025-06-19 01:15:46.812920
10362,200,1683.06,2026-04-11 22:34:54.473782
10363,401,1205.76,2025-06-03 16:51:43.678046
10364,829,5025.28,2026-04-28 15:27:54.378259
10365,200,670.1,2025-10-25 15:08:52.304153
10366,229,2165.47,2025-07-22 00:41:09.044424
10367,415,238.23,2026-02-25 19:00:11.662941
10368,689,996.1,2025-06-19 01:59:02.667073
10369,357,2701.8,2025-06-18 23:31:46.891637
10370,939,509.31,2026-05-03 09:14:05.523421
10371,74,,2025-07-15 10:14:45.990105
10372,350,333.14,2025-06-14 14:05:42.822752
10373,682,216.73,2025-06-18 12:03:07.500315
10374,200,1481.45,2025-11-24 20:58:06.265923
10375,580,2247.93,2026-03-12 09:47:37.720923
10376,200,240.65,2025-12-18 17:57:46.313828
10377,30,4996.62,2026-01-19 04:17:09.667696
10378,123,511.78,2026-02-05 10:57:05.558687
10379,939,255.61,2025-10-12 11:47:31.557180
10380,483,453.05,2026-02-14 16:27:51.299099
10381,763,371.63,2025-10-05 13:20:32.362194
10382,296,190.1,2025-09-23 13:24:37.476939
10383,532,3197.38,2026-04-29 21:40:39.267859
10384,421,1368.52,2026-02-10 18:59:03.789805
10385,962,983.74,2025-11-18 09:21:26.295821
10386,733,6016.74,2026-01-21 15:46:40.523039
10387,711,927.27,2026-04-01 06:16:58.960456
10388,19,365.38,2026-04-08 15:55:54.555991
10389,483,640.53,2025-08-14 00:31:16.531059
10390,415,546.16,2025-07-19 07:22:28.326500
10391,939,1381.27,2026-01-29 10:33:37.626485
10392,210,689.22,2025-10-22 03:21:44.371866
10393,229,1451.59,2025-08-15 11:38:34.929945
10394,369,2213.05,2025-06-27 10:29:21.238881
10395,200,3003.85,2025-07-19 23:13:41.250180
10396,135,2476.84,2025-07-20 02:46:06.645621
10397,831,460.31,2025-10-26 12:33:11.701580
10398,483,246.37,2025-06-02 07:25:56.778790
10399,844,1563.74,2025-11-09 05:19:30.857559
10400,800,443.57,2025-10-08 02:10:49.613446
10401,229,177.52,2026-03-20 10:46:50.233553
10402,483,1497.72,2025-09-26 04:46:08.071757
10403,59,791.41,2025-07-28 01:13:43.045213
10404,934,2822.4,2026-02-27 23:53:14.584018
10405,365,754.31,2026-04-13 17:09:06.733141
10406,365,7699.71,2026-03-18 02:43:09.149601
10407,261,2841.96,2025-07-28 02:49:24.017584
10408,415,118.85,2025-11-06 13:24:27.172289
10409,205,1422.1,2025-06-23 01:55:05.712145
10410,357,1653.91,2025-11-08 23:39:24.789819
10411,767,2376.87,2025-08-19 20:25:02.914218
10412,807,1377.5,2025-09-16 14:36:46.164934
10413,263,1321.14,2026-03-09 05:07:32.628772
10414,415,917.54,2025-09-17 23:51:29.112205
10415,878,633.43,2026-03-24 12:37:54.125527
10416,25,5844.97,2025-11-25 11:13:42.552509
10417,901,764.27,2025-06-30 22:22:30.766939
10418,200,131.04,2025-12-06 22:42:02.736207
10419,613,366.13,2026-04-30 23:58:13.068845
10420,519,3893.69,2025-06-26 02:28:54.893865
10421,483,1766.84,2025-06-27 09:57:22.239725
10422,837,3017.2,2025-07-19 10:08:01.430251
10423,90,3308.68,2025-07-17 14:09:05.293023
10424,316,3465.88,2025-12-04 21:20:19.215156
10425,483,1599.74,2026-05-17 08:28:09.769658
10426,778,389.89,2025-07-08 21:53:02.415926
10427,200,320.88,2026-04-15 16:07:47.848051
10428,768,1706.56,2026-01-13 05:44:55.003715
10429,365,913.04,2026-01-04 12:52:47.939446
10430,200,1633.11,2026-03-29 02:16:09.986261
10431,735,1380.21,2026-01-15 14:54:57.538298
10432,68,1843.6,2025-09-07 06:21:21.790563
10433,457,65.28,2025-10-21 22:00:39.568491
10434,39,66.78,2026-01-12 14:18:55.641029
10435,332,2557.36,2025-10-06 04:04:39.035950
10436,543,429.18,2026-02-26 09:43:00.477868
10437,483,2112.25,2025-07-18 14:12:38.010057
10438,365,1581.85,2025-10-23 11:51:40.626889
10439,393,8012.06,2026-02-17 18:46:27.692266
10440,200,3608.55,2025-07-19 23:04:29.732738
10441,415,1065.92,2025-06-07 18:05:03.023194
10442,963,1916.38,2025-09-09 22:10:42.340501
10443,829,249.52,2026-01-12 20:04:36.863198
10444,170,976.78,2025-07-19 12:57:41.430192
10445,5,,2026-01-16 02:58:28.877440
10446,940,1949.28,2026-03-21 16:40:12.471781
10447,469,1325.12,2025-10-04 00:53:04.805115
10448,483,388.45,2025-06-14 19:44:26.188497
10449,751,3250.59,2025-11-11 00:43:28.924746
10450,281,638.12,2025-08-05 22:27:34.352957
10451,415,3434.93,2025-09-06 19:01:40.240147
10452,967,1891.49,2025-06-03 05:58:39.647716
10453,604,932.76,2025-06-27 19:16:02.121613
10454,189,82.91,2025-06-09 16:54:10.032118
10455,140,529.02,2025-08-30 02:20:47.065128
10456,200,4397.73,2026-03-13 11:43:29.731168
10457,741,3407.22,2026-01-27 18:40:41.388862
10458,244,1710.64,2026-01-02 13:53:45.033944
10459,1,1255.93,2026-04-13 09:03:22.329449
10460,957,2083.38,2025-07-15 10:21:23.568911
10461,200,1255.65,2025-07-19 22:54:18.237246
10462,1,2067.36,2026-05-04 16:45:47.515777
10463,200,734.62,2025-07-31 03:04:54.098250
10464,200,3646.47,2026-01-20 09:57:44.131644
10465,379,2420.77,2025-11-03 03:47:11.240790
10466,936,800.88,2025-09-17 22:23:03.542298
10467,887,3551.77,2025-10-11 11:03:34.723215
10468,415,1336.29,2025-11-07 08:03:49.193377
10469,369,383.87,2026-01-15 17:23:18.735476
10470,483,161.8,2025-12-06 01:47:14.443283
10471,200,2405.32,2026-02-22 17:10:23.799536
10472,25,4006.75,2026-01-16 09:00:00.441827
10473,945,3294.72,2026-03-06 06:07:15.133358
10474,200,2132.2,2026-01-18 19:46:43.522951
10475,200,304.85,2025-05-30 12:50:49.947159
10476,415,197.53,2025-07-27 08:01:53.200162
10477,415,846.33,2026-04-26 13:29:41.312131
10478,1,3860.81,2025-10-15 16:02:13.940692
10479,176,6526.51,2026-01-26 21:35:40.051548
10480,362,552.46,2025-08-16 20:06:28.575052
10481,618,2871.77,2025-12-17 23:35:03.500949
10482,200,1706.02,2025-12-19 10:28:27.478125
10483,381,64.65,2026-04-09 11:14:43.110647
10484,483,1565.78,2026-01-29 22:59:36.523049
10485,901,3279.18,2025-12-06 01:39:09.416239
10486,293,646.27,2025-10-10 20:40:36.984155
10487,140,4553.09,2026-01-06 16:08:32.118631
10488,415,539.06,2026-02-11 13:57:17.888595
10489,733,159.11,2026-01-11 16:06:19.451706
10490,102,348.56,2025-12-25 16:50:37.770652
10491,386,3628.05,2025-06-11 06:15:35.043633
10492,1,1080.19,2025-12-08 10:28:30.020797
10493,5,3188.56,2025-06-14 07:51:22.364900
10494,415,1515.3,2025-08-31 01:45:28.310323
10495,248,1310.0,2025-12-04 03:43:32.864441
10496,828,3289.23,2026-05-15 17:34:25.843479
10497,543,1101.52,2025-10-25 16:00:29.683683
10498,415,3239.31,2026-01-12 16:45:45.009904
10499,365,212.19,2026-03-27 01:35:11.102632
10500,423,2022.91,2025-09-04 16:20:09.026304
10501,12,2425.27,2025-06-25 00:50:18.269266
10502,905,4587.2,2025-07-28 10:04:59.179175
10503,995,508.04,2025-11-05 02:44:59.810776
10504,200,1853.79,2025-07-29 08:35:06.364588
10505,122,1135.7,2025-06-03 08:39:45.584975
10506,168,965.03,2025-09-08 06:55:04.771316
10507,587,225.7,2026-03-02 08:09:25.076343
10508,588,288.28,2026-04-29 15:05:29.436298
10509,829,3627.87,2026-02-02 03:27:17.413481
10510,733,2770.62,2025-12-27 09:49:43.447722
10511,415,963.64,2025-07-24 14:41:09.988472
10512,544,3526.19,2026-02-11 19:37:46.383633
10513,627,168.43,2025-12-18 02:35:56.501941
10514,453,1960.45,2025-12-15 02:18:14.027406
10515,415,4052.58,2025-06-16 07:06:32.184647
10516,577,3651.02,2026-03-16 08:39:55.500818
10517,483,,2026-02-16 11:08:46.082179
10518,577,2734.82,2025-07-02 14:44:29.417021
10519,544,1115.37,2025-09-28 10:30:09.575208
10520,705,3666.89,2025-08-14 06:51:49.370994
10521,577,1513.29,2026-03-01 20:19:06.850990
10522,457,2895.12,2026-01-03 03:21:06.991368
10523,617,163.66,2025-11-18 07:27:32.042232
10524,415,1783.32,2025-07-25 12:10:51.030119
10525,200,1598.28,2025-08-28 08:04:19.450315
10526,1,1883.1,2026-05-27 22:51:21.190714
10527,483,2379.1,2026-05-28 17:42:43.143354
10528,524,5004.73,2026-05-18 20:50:23.554410
10529,973,3080.59,2026-04-02 21:24:26.988091
10530,333,495.99,2026-04-18 21:29:31.855876
10531,365,3496.21,2025-07-09 07:08:28.642675
10532,200,260.4,2026-03-30 19:11:15.593211
10533,47,1946.77,2026-02-27 11:12:01.253276
10534,746,4286.96,2025-07-26 14:28:28.619429
10535,200,213.22,2026-02-25 10:06:44.234542
10536,543,3790.15,2026-04-29 18:36:22.428134
10537,626,3205.13,2025-08-18 07:45:21.864519
10538,415,1401.45,2025-07-04 07:06:04.239004
10539,886,738.93,2026-05-07 03:01:47.369231
10540,415,1039.86,2026-03-11 05:36:50.679101
10541,236,6925.6,2025-12-26 22:30:42.106982
10542,910,450.54,2026-02-21 01:45:39.698959
10543,845,1733.12,2025-11-17 20:50:16.496626
10544,200,173.82,2025-11-18 14:41:46.139972
10545,2,491.53,2025-11-05 06:07:06.111194
10546,68,2882.06,2025-09-27 19:57:45.509686
10547,240,720.79,2025-10-06 19:10:04.369110
10548,973,8504.25,2025-12-30 05:38:43.570699
10549,483,1389.57,2025-06-22 04:35:10.306765
10550,351,1453.57,2026-05-14 21:43:57.406654
10551,901,73.98,2025-08-11 17:37:31.938176
10552,415,6271.22,2026-01-05 03:14:45.628722
10553,283,382.89,2025-06-13 04:04:57.309233
10554,949,1545.86,2025-06-29 02:27:56.222413
10555,829,1007.29,2026-04-17 04:58:30.838522
10556,825,1074.29,2025-12-28 16:33:43.158396
10557,451,2061.72,2026-05-10 02:02:13.119439
10558,760,2169.94,2025-12-22 11:27:14.122899
10559,200,335.15,2026-04-18 02:15:36.849867
10560,500,1384.64,2026-01-11 21:41:49.277689
10561,978,3125.85,2025-11-15 08:49:45.827905
10562,242,1171.41,2026-04-06 10:07:44.988842
10563,761,362.57,2025-06-21 09:10:40.738557
10564,415,751.47,2025-08-15 02:58:33.912150
10565,12,477.48,2025-08-07 12:41:00.493740
10566,740,268.93,2025-08-31 05:37:56.515308
10567,200,948.28,2025-06-12 22:00:33.217844
10568,570,,2025-07-01 00:18:18.831433
10569,60,151.07,2026-01-08 09:41:05.910176
10570,963,1851.79,2026-02-16 08:36:24.982351
10571,242,9930.69,2025-09-13 06:16:21.418712
10572,200,6655.43,2026-03-23 21:53:58.829202
10573,135,3534.21,2025-06-18 15:48:58.590226
10574,963,619.42,2026-05-06 00:07:37.038184
10575,688,45.32,2025-10-22 21:00:01.265375
10576,729,3586.02,2025-08-05 21:45:20.477537
10577,430,114.67,2026-03-18 22:58:03.221346
10578,415,460.41,2026-04-13 19:00:25.448432
10579,102,1572.51,2025-12-19 14:52:02.515959
10580,483,392.95,2025-06-06 02:48:49.574021
10581,200,3588.99,2025-08-24 19:18:47.083046
10582,977,3002.6,2025-10-08 02:56:35.544541
10583,763,2819.29,2025-10-11 02:25:01.762638
10584,373,3387.03,2026-03-14 05:34:09.698294
10585,183,496.16,2025-06-26 08:44:53.259567
10586,759,,2025-09-25 10:00:51.256472
10587,127,877.88,2025-12-02 07:48:53.320560
10588,200,2198.29,2025-07-17 05:55:39.410503
10589,200,260.27,2025-09-21 02:51:48.356128
10590,483,2445.54,2025-11-03 16:03:52.567779
10591,760,7158.81,2026-03-21 10:00:02.871001
10592,281,89.16,2026-03-06 13:11:54.618536
10593,60,197.05,2025-12-23 14:59:16.347554
10594,415,263.95,2026-03-03 21:22:02.871562
10595,733,,2026-01-17 18:27:46.889265
10596,200,687.18,2025-09-15 13:33:14.219193
10597,200,3289.3,2026-02-16 01:21:11.527378
10598,963,1284.1,2026-05-11 14:20:28.738675
10599,963,1325.38,2025-08-19 10:38:32.815808
10600,986,2524.89,2025-08-07 23:14:34.595645
10601,774,898.74,2025-10-03 11:37:26.120940
10602,200,871.46,2026-04-01 15:55:18.952125
10603,200,2828.78,2025-06-14 15:56:51.491709
10604,301,3028.64,2026-02-25 19:16:28.699347
10605,287,29.01,2025-06-19 06:45:30.033262
10606,963,310.48,2025-10-01 12:39:34.736522
10607,760,479.3,2026-05-30 02:34:22.506672
10608,705,866.5,2026-01-03 13:51:17.197124
10609,200,689.06,2026-03-18 00:18:10.890279
10610,925,2208.38,2025-09-19 00:16:07.537915
10611,794,3522.09,2026-02-05 13:38:13.874042
10612,200,426.6,2026-05-13 21:55:53.708931
10613,871,1655.55,2025-09-05 15:52:16.055671
10614,229,917.15,2026-01-29 14:39:26.568249
10615,56,1409.54,2025-11-12 09:20:28.505946
10616,581,1939.16,2025-10-21 01:08:10.050704
10617,577,4481.1,2026-04-22 23:31:48.022068
10618,74,427.11,2026-04-06 19:53:34.263608
10619,288,182.05,2026-03-22 12:42:15.025461
10620,986,1973.49,2025-07-10 21:02:59.631259
10621,613,1002.18,2026-04-15 16:46:14.093950
10622,711,355.63,2026-02-23 08:41:10.724832
10623,200,249.06,2026-05-25 06:50:05.820749
10624,56,1637.01,2025-06-19 00:44:46.488795
10625,229,714.69,2026-02-06 21:49:32.086295
10626,200,11924.88,2025-08-17 18:53:54.895733
10627,200,1041.42,2025-06-16 21:57:45.268594
10628,200,477.24,2025-12-08 16:42:34.095334
10629,504,1982.29,2025-08-18 01:35:10.354285
10630,293,,2026-03-04 17:48:28.411725
10631,792,1362.78,2025-08-19 16:22:44.663517
10632,200,,2025-08-26 17:51:16.141250
10633,415,1208.65,2025-08-26 18:15:42.876213
10634,1,,2025-07-05 00:21:16.788489
10635,415,488.26,2025-06-17 21:43:27.292592
10636,30,4693.23,2026-04-24 02:29:05.111554
10637,977,3134.1,2025-07-08 04:34:22.315308
10638,761,810.3,2026-04-16 15:13:12.859694
10639,415,398.37,2025-12-18 12:06:58.220019
10640,62,655.72,2026-02-13 19:05:06.871135
10641,531,808.84,2025-08-04 18:52:57.556414
10642,735,1628.07,2026-04-07 20:53:31.926424
10643,200,94.96,2025-09-06 13:15:58.003500
10644,486,4915.19,2026-01-06 20:42:48.578461
10645,787,207.78,2025-07-13 20:35:00.027347
10646,743,654.99,2026-03-02 04:17:47.029141
10647,768,231.47,2026-05-23 05:40:09.072641
10648,887,593.24,2025-10-29 14:30:09.213748
10649,944,3636.3,2025-10-02 06:53:08.541379
10650,365,1909.94,2025-12-27 12:57:23.578109
10651,487,515.79,2025-07-27 16:10:12.121118
10652,761,,2025-12-20 11:45:02.124185
10653,649,3226.01,2026-05-03 21:44:47.751963
10654,987,2802.0,2025-09-30 06:03:06.480156
10655,1,3762.92,2026-05-24 00:56:55.680249
10656,331,1933.33,2026-03-07 10:34:58.025342
10657,229,1392.05,2026-04-01 11:02:09.342912
10658,224,936.6,2025-10-14 06:58:11.212233
10659,200,506.6,2026-05-24 22:46:05.951705
10660,683,1630.23,2025-10-13 06:19:40.944736
10661,60,4405.34,2025-07-16 03:40:44.377936
10662,729,1802.71,2025-09-13 21:40:24.610793
10663,640,5041.65,2025-07-20 23:15:24.493773
10664,203,882.96,2025-11-09 20:46:24.198673
10665,206,2375.79,2026-02-12 11:24:25.768859
10666,570,2092.03,2025-09-21 16:44:16.762703
10667,740,2219.96,2025-09-17 15:02:19.193467
10668,886,2071.51,2026-01-08 04:54:58.765928
10669,829,501.17,2026-02-20 09:44:41.587701
10670,965,310.01,2025-10-28 20:17:31.800357
10671,517,7691.37,2026-03-04 15:38:56.943341
10672,922,92.71,2026-01-13 08:25:12.349555
10673,775,1261.23,2026-01-02 19:27:51.930163
10674,908,1107.05,2025-09-03 04:47:20.173505
10675,1,892.63,2025-08-07 11:28:30.334788
10676,965,3046.37,2025-09-13 09:51:57.798335
10677,415,2735.73,2025-06-10 15:48:43.684181
10678,767,4712.5,2025-10-09 06:26:51.742741
10679,131,1006.67,2026-01-30 09:11:35.349028
10680,365,1661.05,2025-06-26 06:31:36.554089
10681,229,4456.94,2025-07-18 20:15:58.850917
10682,242,10181.98,2025-06-06 05:20:32.594107
10683,128,6966.62,2026-03-20 01:09:41.862711
10684,772,2530.59,2025-09-12 19:16:13.121418
10685,1,309.17,2026-01-16 16:56:29.149120
10686,278,46.92,2026-04-28 10:11:57.475966
10687,200,3488.44,2025-08-17 17:16:50.835140
10688,523,3676.97,2026-03-05 18:24:56.778538
10689,206,2743.69,2025-10-27 00:31:17.054800
10690,215,656.8,2026-02-26 07:47:19.216066
10691,415,2042.29,2025-09-15 10:39:14.726912
10692,577,760.32,2025-07-19 02:13:52.833691
10693,124,1198.03,2025-09-11 20:39:40.728143
10694,200,963.94,2026-03-28 02:06:22.923278
10695,200,4898.46,2025-06-15 14:29:29.043779
10696,973,533.56,2025-12-28 19:41:37.443735
10697,365,1723.66,2025-12-03 08:29:03.805291
10698,542,895.64,2025-11-30 19:54:15.615185
10699,200,2175.77,2026-01-17 16:56:12.077568
10700,415,,2026-03-12 18:41:24.307248
10701,51,5153.46,2026-04-15 06:25:51.996236
10702,6,214.31,2026-05-24 18:48:03.518413
10703,415,498.57,2025-08-10 19:11:22.793025
10704,365,2907.84,2025-12-10 23:31:53.842395
10705,149,920.22,2026-04-21 07:42:14.890029
10706,625,362.53,2025-10-21 14:16:17.054894
10707,986,1399.62,2026-04-04 05:11:02.149729
10708,365,2111.92,2025-10-07 04:48:16.642270
10709,567,91.73,2026-04-11 12:14:02.741028
10710,965,689.55,2025-05-31 04:44:58.645804
10711,802,3315.39,2026-05-20 01:36:58.238501
10712,415,1468.96,2025-12-27 17:18:57.070363
10713,720,72.04,2025-12-05 22:35:19.941843
10714,133,662.43,2025-07-17 16:31:00.380945
10715,451,2038.53,2025-07-09 19:41:13.969866
10716,229,444.69,2026-05-24 17:08:20.041610
10717,200,3513.46,2025-09-19 13:13:12.149315
10718,387,2257.58,2026-02-16 07:10:49.007783
10719,136,1274.97,2026-01-25 18:51:42.010900
10720,655,4944.94,2026-01-09 16:12:06.177904
10721,415,994.51,2025-07-02 22:58:10.829004
10722,474,535.95,2025-08-02 19:52:53.978166
10723,171,2165.89,2025-07-15 10:59:09.696065
10724,156,1703.33,2025-08-29 18:45:14.313348
10725,520,816.68,2025-06-13 06:46:36.837444
10726,981,842.17,2025-06-25 16:54:28.912282
10727,79,1015.69,2026-04-26 11:20:01.190009
10728,239,688.19,2025-09-23 13:52:52.086391
10729,867,2477.41,2025-09-06 13:14:03.973580
10730,47,2107.42,2025-06-22 20:27:57.852099
10731,885,1162.42,2026-03-01 07:59:18.061319
10732,461,1014.51,2025-11-02 07:07:00.934208
10733,366,908.42,2025-06-01 07:27:42.330298
10734,271,666.67,2026-05-19 19:59:46.325863
10735,246,179.19,2026-03-12 07:04:50.603150
10736,267,624.51,2025-12-11 06:08:52.976552
10737,899,774.86,2026-03-07 03:39:33.086472
10738,705,1586.75,2026-05-04 05:34:13.448760
10739,600,2972.57,2026-05-17 21:47:10.676131
10740,767,1007.38,2025-06-13 01:02:57.279950
10741,209,5792.02,2026-04-16 06:53:51.784719
10742,555,3512.98,2026-05-11 09:06:13.631886
10743,415,8373.16,2025-07-30 14:34:45.393099
10744,752,4178.22,2025-09-22 03:03:49.736946
10745,271,1918.01,2025-09-13 14:38:58.689636
10746,577,1824.99,2025-09-19 11:58:38.655947
10747,893,277.44,2026-02-11 20:31:32.187784
10748,365,2563.14,2026-05-17 01:23:28.614296
10749,39,1833.62,2025-06-16 16:02:37.770967
10750,457,1414.22,2025-11-02 06:33:51.733819
10751,312,2363.68,2025-11-20 18:24:54.279003
10752,604,1174.15,2025-10-12 04:53:04.764864
10753,963,1484.09,2025-11-02 06:42:24.163642
10754,415,1016.17,2025-10-19 06:06:06.323713
10755,415,2527.24,2025-08-31 04:01:56.704180
10756,577,4184.83,2026-02-05 00:53:03.908866
10757,94,3675.75,2026-05-09 14:23:39.543322
10758,206,3083.79,2025-07-10 21:41:50.355797
10759,936,,2025-07-10 17:25:22.267916
10760,600,4858.12,2025-07-28 12:02:12.093518
10761,1,642.82,2026-02-15 04:53:00.041213
10762,200,4378.05,2026-02-21 09:31:08.041028
10763,617,438.72,2025-12-15 09:23:58.802133
10764,740,1158.37,2025-07-10 06:39:34.834697
10765,817,2767.78,2026-04-25 05:05:09.634461
10766,243,2044.85,2025-07-15 15:07:17.128735
10767,939,1075.44,2026-02-10 04:55:29.916436
10768,483,2270.29,2025-08-17 01:23:15.254282
10769,647,1592.35,2025-07-22 08:20:24.371972
10770,540,645.2,2026-01-31 22:54:02.288619
10771,128,2078.78,2025-12-16 03:28:35.342261
10772,965,456.93,2026-01-14 14:06:20.186661
10773,128,2368.26,2025-08-28 11:44:38.270190
10774,206,6.23,2025-11-19 14:56:24.200944
10775,785,1591.57,2026-04-03 15:41:46.173959
10776,557,1025.21,2025-12-15 07:48:02.436363
10777,811,722.24,2026-03-30 14:13:47.818887
10778,457,1450.13,2026-03-03 09:16:02.906168
10779,359,2073.03,2026-04-28 13:24:31.698581
10780,936,6722.74,2025-06-23 20:30:42.366796
10781,8,3580.3,2026-05-05 20:53:44.279501
10782,829,2525.68,2025-07-20 00:39:25.207303
10783,200,1303.88,2026-02-15 02:59:42.715399
10784,829,995.63,2026-03-21 16:11:26.054603
10785,155,66.14,2025-06-16 22:33:45.820115
10786,513,889.75,2025-08-12 05:39:02.029497
10787,901,3772.72,2026-03-25 02:47:20.590198
10788,415,969.1,2025-08-21 03:45:33.064005
10789,733,1238.25,2026-01-23 04:02:18.269840
10790,770,634.45,2025-07-07 23:19:08.751009
10791,716,640.78,2025-12-24 02:41:31.248671
10792,938,127.74,2025-08-28 13:49:02.087168
10793,415,1902.82,2026-05-10 20:01:52.599871
10794,200,1188.67,2025-07-15 15:16:38.349646
10795,21,1862.61,2025-09-18 13:09:26.519698
10796,200,1583.23,2026-01-09 07:38:09.509851
10797,167,3207.35,2025-08-06 05:43:35.311485
10798,483,2780.7,2025-06-25 12:49:38.375968
10799,200,2952.03,2025-06-27 11:09:48.302423
10800,11,1383.25,2026-03-18 12:49:45.305634
10801,8,873.54,2026-03-10 09:58:31.202880
10802,802,5419.2,2025-08-28 02:41:45.320611
10803,527,111.6,2026-03-17 14:48:21.390369
10804,332,331.22,2026-04-24 23:45:42.149207
10805,906,1088.07,2026-01-17 03:29:23.601321
10806,46,1903.62,2026-01-08 23:55:45.658567
10807,977,16.47,2025-07-24 09:03:38.489733
10808,552,2541.1,2025-12-08 04:02:54.841457
10809,200,1636.18,2025-09-06 23:29:03.265406
10810,614,1326.02,2026-03-26 18:23:56.129275
10811,740,1101.54,2026-02-09 02:22:46.887113
10812,394,1465.8,2026-04-23 17:10:15.985057
10813,846,352.96,2025-09-27 08:10:59.224243
10814,182,230.17,2025-11-25 08:14:42.426769
10815,229,683.96,2025-12-11 10:32:43.755068
10816,71,2472.34,2025-10-09 10:45:08.637551
10817,200,1774.86,2025-10-26 15:06:48.889901
10818,200,1308.33,2025-06-27 03:58:04.006882
10819,936,1695.03,2025-09-27 03:10:50.323550
10820,56,1638.59,2025-12-30 11:17:51.187266
10821,388,733.57,2025-08-20 16:45:45.479457
10822,474,205.08,2026-02-26 09:58:26.678848
10823,914,4541.83,2025-07-04 01:55:43.351949
10824,993,1832.14,2025-10-22 22:05:57.498340
10825,733,2392.99,2026-02-15 00:47:24.890007
10826,973,1247.23,2025-10-03 02:14:23.132007
10827,760,2825.12,2025-08-14 18:03:42.954578
10828,965,1756.53,2025-05-31 03:30:10.122277
10829,675,110.61,2026-05-16 21:55:45.415329
10830,56,4416.31,2025-12-02 08:40:56.477458
10831,365,729.23,2025-08-22 21:43:59.467812
10832,577,296.75,2025-08-20 00:26:26.142045
10833,324,184.32,2025-12-19 12:47:07.080856
10834,229,2549.08,2025-11-13 00:28:22.697623
10835,506,2434.58,2025-10-28 01:05:20.532987
10836,940,2409.03,2025-10-18 15:53:54.430854
10837,7,4948.0,2025-06-10 11:34:31.019477
10838,743,858.32,2025-06-21 21:53:04.594085
10839,705,1647.12,2025-08-05 02:15:41.150521
10840,965,1932.51,2025-09-20 07:32:09.537433
10841,939,7772.89,2025-08-22 19:34:30.280598
10842,740,748.94,2025-09-16 02:05:23.924072
10843,457,6262.24,2025-10-26 21:43:39.325473
10844,200,322.06,2025-11-27 05:37:28.430070
10845,483,2887.86,2025-06-24 23:13:28.418943
10846,740,2004.17,2025-06-11 18:28:50.689304
10847,909,3395.4,2026-05-08 06:54:42.232975
10848,760,58.21,2025-12-20 00:16:06.202512
10849,200,162.7,2026-02-10 07:06:46.048295
10850,543,144.49,2026-01-27 17:28:40.454350
10851,296,1797.68,2026-01-29 21:42:28.066208
10852,1,1847.32,2025-07-29 03:02:42.782840
10853,200,4731.15,2025-09-14 10:03:51.944186
10854,105,1260.73,2026-02-06 04:43:27.787992
10855,822,140.95,2026-03-15 00:06:57.549386
10856,215,470.25,2025-12-07 05:46:42.250568
10857,235,16.21,2025-11-03 16:23:13.257051
10858,965,2998.61,2025-06-28 18:14:45.569461
10859,365,3381.29,2025-09-05 06:34:07.389549
10860,1,12370.5,2025-08-21 21:06:46.029204
10861,233,1062.72,2025-08-07 22:48:03.726228
10862,119,38.97,2025-10-21 13:41:23.398095
10863,92,535.05,2026-02-07 07:03:53.351049
10864,56,1772.34,2026-03-24 13:43:33.859054
10865,534,,2025-11-20 08:04:30.858057
10866,200,218.69,2026-03-18 22:07:48.730394
10867,333,259.24,2025-08-20 17:33:26.189802
10868,846,2419.71,2026-02-17 16:40:18.480711
10869,385,2200.47,2026-03-16 16:59:21.306449
10870,936,576.71,2026-03-18 00:07:46.024275
10871,424,3354.84,2026-03-28 07:01:31.569526
10872,365,275.72,2025-09-10 11:13:49.338527
10873,733,5200.42,2025-06-01 11:05:17.284248
10874,47,448.87,2026-05-08 17:25:21.955405
10875,68,169.71,2026-04-14 02:45:45.572555
10876,577,829.58,2025-12-30 07:14:21.655534
10877,415,416.12,2025-12-04 01:42:22.242548
10878,761,1497.07,2025-06-08 01:48:16.077655
10879,936,2322.12,2025-06-12 13:50:59.931073
10880,365,1350.31,2025-08-21 21:49:57.665116
10881,540,2161.2,2025-06-14 10:06:35.423196
10882,434,908.01,2026-05-24 07:40:23.586703
10883,977,56.64,2025-11-28 08:32:56.594022
10884,800,7304.26,2025-11-01 20:56:32.258838
10885,928,3423.09,2026-04-02 07:25:01.169775
10886,206,152.51,2026-03-31 02:38:48.414890
10887,746,1192.68,2026-05-15 06:14:14.576265
10888,229,2015.82,2025-07-29 17:55:21.633542
10889,200,422.91,2025-07-15 08:32:16.322179
10890,958,1725.45,2025-07-15 06:11:59.786115
10891,1,1525.63,2026-05-24 23:53:11.914133
10892,965,467.06,2026-01-30 21:24:07.640894
10893,180,304.46,2026-05-14 05:54:12.511216
10894,792,2845.6,2026-03-14 00:35:47.721660
10895,229,778.95,2026-01-09 07:47:50.163581
10896,324,559.54,2025-08-05 05:28:34.724576
10897,200,2677.89,2025-11-23 01:31:47.795576
10898,521,,2025-12-11 04:45:21.251086
10899,318,647.04,2026-02-26 11:39:02.291508
10900,582,4120.35,2025-06-03 03:00:19.267105
10901,1,2331.11,2025-06-22 23:35:39.888179
10902,39,848.57,2026-05-18 01:10:02.231879
10903,84,1115.45,2026-03-10 15:01:09.513332
10904,379,2594.44,2026-02-15 10:04:26.948301
10905,787,475.46,2026-05-27 18:09:46.849796
10906,901,1265.09,2025-12-09 18:27:00.326792
10907,200,2120.08,2025-12-05 08:29:32.754749
10908,503,1550.88,2025-08-01 16:36:52.450166
10909,743,1874.66,2026-01-18 16:47:10.079880
10910,240,1580.25,2025-10-28 19:49:27.039321
10911,368,444.36,2025-07-18 21:08:42.478385
10912,461,1055.96,2025-09-08 21:08:31.491256
10913,142,1518.51,2026-04-08 12:57:27.830334
10914,2,3028.83,2026-02-23 10:34:53.443275
10915,186,2122.08,2025-10-26 05:30:04.562146
10916,567,1112.31,2026-05-27 21:10:20.623866
10917,49,7330.31,2025-10-13 20:46:48.758797
10918,200,228.12,2026-03-04 23:28:22.613108
10919,297,463.37,2026-04-19 09:33:09.823135
10920,56,835.01,2025-11-05 23:12:38.005327
10921,200,519.02,2025-11-23 23:59:13.069770
10922,928,1964.02,2025-10-04 13:16:47.383410
10923,1,80.71,2026-04-22 12:21:06.168951
10924,577,390.66,2025-09-18 04:38:08.907226
10925,365,694.43,2025-07-14 12:10:15.181926
10926,604,2299.89,2025-10-22 05:13:56.149862
10927,523,4172.77,2026-04-22 03:48:36.105382
10928,200,3203.85,2025-11-12 09:07:21.390098
10929,829,,2026-04-30 16:27:38.265355
10930,415,1666.68,2026-03-23 22:48:25.577626
10931,793,60.97,2025-07-21 15:18:46.219489
10932,365,743.68,2025-07-15 16:00:27.458680
10933,980,3279.63,2025-12-24 21:38:26.250206
10934,744,1220.06,2026-01-29 15:42:14.449291
10935,965,324.9,2026-01-12 21:27:34.449969
10936,456,1154.48,2025-07-10 22:44:03.284394
10937,415,441.38,2025-09-18 09:12:16.540767
10938,733,999.08,2025-10-11 04:01:58.206668
10939,890,1338.21,2025-11-03 00:47:24.441377
10940,965,860.21,2025-06-09 02:48:30.913916
10941,291,5528.26,2026-05-24 19:43:57.637369
10942,767,1653.5,2026-01-06 11:12:51.316389
10943,200,3701.65,2025-09-28 07:29:15.444422
10944,483,2860.31,2026-05-03 19:34:05.632102
10945,200,2164.49,2026-04-12 04:54:30.413277
10946,317,1373.89,2025-12-09 05:36:02.828005
10947,939,4.35,2026-02-05 21:58:02.725955
10948,170,1901.08,2025-12-18 21:27:09.727885
10949,570,879.98,2025-10-01 16:29:37.351835
10950,533,250.59,2026-04-20 07:30:24.167882
10951,123,1176.23,2026-02-27 06:07:06.890882
10952,293,2660.23,2026-04-22 09:13:41.757611
10953,483,6523.45,2026-05-03 08:35:02.458820
10954,200,937.14,2026-02-15 06:13:17.671262
10955,767,1564.93,2026-03-31 07:18:56.883351
10956,973,3810.9,2025-11-30 03:44:20.126988
10957,200,812.93,2025-10-14 22:54:17.264201
10958,200,306.9,2025-09-21 22:11:48.586934
10959,415,662.24,2025-11-08 19:03:29.160756
10960,733,4587.7,2026-05-28 16:27:05.522943
10961,229,347.26,2025-12-31 18:00:11.228068
10962,1,798.63,2025-11-11 15:00:37.885474
10963,483,1249.63,2025-06-15 20:05:26.490368
10964,963,3756.12,2026-04-01 23:33:25.374450
10965,365,5552.01,2025-08-24 21:54:52.462696
10966,379,1109.59,2026-03-29 14:15:57.039262
10967,967,5375.14,2026-05-15 13:00:32.330304
10968,641,352.18,2026-05-05 11:42:47.972470
10969,705,341.23,2025-08-22 17:15:05.062135
10970,483,5961.72,2026-02-20 06:00:37.521739
10971,973,1425.39,2025-09-22 03:56:06.767197
10972,629,411.36,2025-12-12 00:02:48.099435
10973,908,1338.82,2025-09-01 22:10:27.466856
10974,656,3057.66,2026-01-12 00:27:56.254444
10975,716,3508.01,2026-02-19 17:57:12.217540
10976,241,3989.75,2025-12-16 23:34:17.269346
10977,262,1685.95,2026-02-06 04:28:11.920964
10978,752,4034.0,2026-02-23 16:21:40.234726
10979,245,1426.82,2025-12-08 14:07:40.632336
10980,483,1868.2,2025-06-25 06:37:00.913994
10981,200,2843.59,2026-05-02 22:39:33.212075
10982,791,1108.29,2026-01-27 18:31:04.559406
10983,103,152.86,2025-06-06 08:23:52.339570
10984,796,862.08,2025-08-01 11:43:41.384937
10985,543,1956.04,2026-03-06 23:33:42.291131
10986,200,427.21,2026-03-29 23:25:07.823221
10987,483,321.24,2025-06-10 13:48:29.002395
10988,230,693.68,2026-02-07 17:31:50.615337
10989,291,65.28,2026-02-08 00:21:28.172707
10990,324,2720.65,2026-01-01 20:02:02.810380
10991,38,598.74,2025-06-23 19:06:36.442932
10992,981,265.32,2025-08-28 17:41:53.041691
10993,5,2402.15,2025-10-17 17:21:09.438584
10994,589,3702.1,2025-09-03 11:09:00.267149
10995,350,40.15,2025-10-07 16:11:28.282637
10996,577,532.1,2026-05-09 16:28:35.164503
10997,332,5809.31,2025-10-12 10:18:31.045131
10998,605,973.09,2026-01-04 01:38:59.296017
10999,711,5580.43,2025-11-01 19:32:20.987795
11000,633,641.0,2026-05-07 16:55:45.461547
11001,106,491.97,2025-07-28 21:28:33.824234
11002,582,481.87,2025-11-28 14:51:10.732872
11003,229,178.16,2025-12-31 15:15:38.378640
11004,5,4535.06,2025-08-30 18:02:02.714700
11005,376,7807.62,2026-02-02 14:10:26.118733
11006,396,6180.47,2025-08-04 21:24:27.818931
11007,415,3821.47,2026-05-13 07:44:12.041669
11008,668,3753.17,2025-09-20 10:04:48.048545
11009,271,2164.01,2026-01-14 23:08:13.662339
11010,283,3499.86,2025-10-04 06:46:00.947582
11011,33,467.25,2025-09-05 12:43:29.891534
11012,623,981.76,2026-03-29 00:36:55.435488
11013,485,2047.95,2026-01-22 05:09:44.778275
11014,322,4155.23,2025-08-23 12:05:30.746322
11015,669,,2026-05-19 05:31:01.972404
11016,483,3652.97,2026-03-13 01:27:01.071059
11017,415,,2025-08-24 22:32:27.788587
11018,450,2526.76,2026-05-19 05:47:46.361211
11019,572,7822.13,2025-06-21 07:45:32.366631
11020,587,333.26,2026-04-18 21:10:51.191635
11021,240,5232.42,2025-10-04 15:04:41.371261
11022,160,1477.81,2025-10-30 20:16:45.846153
11023,191,2061.26,2025-07-11 09:12:53.858942
11024,576,4205.32,2026-02-10 22:53:36.544342
11025,874,1054.09,2025-12-18 06:59:42.749576
11026,369,1084.95,2025-06-25 22:21:59.649705
11027,200,1498.09,2025-09-13 14:49:22.127017
11028,733,38.57,2025-09-08 11:28:34.270053
11029,804,1373.0,2026-03-26 12:01:56.130872
11030,891,688.05,2025-07-29 11:10:13.315958
11031,543,5260.91,2026-02-03 10:02:18.263917
11032,842,183.65,2025-09-30 04:32:15.996300
11033,1,1229.86,2025-08-18 06:18:18.998225
11034,98,5892.67,2025-09-06 08:29:31.944133
11035,68,4625.98,2026-02-20 09:29:23.390691
11036,690,2416.96,2026-03-01 05:53:33.109190
11037,44,1780.08,2025-09-28 11:46:33.322517
11038,423,659.04,2026-03-21 19:38:23.918094
11039,415,914.43,2025-06-02 05:31:18.279228
11040,272,188.92,2026-04-25 07:21:27.587167
11041,869,3084.57,2025-08-05 06:20:26.099299
11042,200,782.74,2025-10-04 00:58:24.737986
11043,327,2203.93,2026-05-29 21:08:40.653444
11044,746,885.07,2026-05-26 23:27:04.391958
11045,5,1248.48,2026-01-18 15:41:00.525714
11046,605,1619.37,2025-06-16 18:16:02.355256
11047,791,3237.49,2025-07-04 16:18:48.242251
11048,939,474.37,2026-02-04 23:02:27.378063
11049,886,1017.54,2026-05-05 11:43:35.867786
11050,288,278.71,2025-08-13 19:33:36.592275
11051,521,157.57,2026-02-18 23:20:27.411504
11052,56,1856.09,2025-10-10 11:01:45.174892
11053,212,419.2,2026-03-27 15:44:56.957222
11054,73,123.32,2025-06-03 05:35:35.373411
11055,283,4547.96,2025-09-01 14:58:46.550935
11056,882,1528.49,2026-04-28 18:16:38.858529
11057,316,289.19,2026-05-13 19:16:56.017998
11058,483,109.81,2026-02-08 08:16:09.225178
11059,396,255.35,2026-01-23 15:10:47.174242
11060,415,1274.81,2025-12-13 04:19:34.208390
11061,969,2208.05,2025-12-18 16:32:41.371705
11062,245,2050.43,2026-01-18 22:20:08.486040
11063,568,311.96,2025-08-16 20:05:39.512952
11064,379,2007.45,2025-06-28 19:27:33.628469
11065,33,1037.94,2025-11-04 18:11:31.610079
11066,415,1250.02,2026-05-22 16:13:01.018643
11067,784,3233.23,2025-07-01 22:08:01.281318
11068,81,808.43,2025-12-23 20:24:03.200553
11069,44,317.99,2026-04-03 14:18:51.059225
11070,189,4134.29,2025-12-09 12:18:06.542018
11071,740,476.85,2026-04-18 11:41:13.591009
11072,705,696.36,2026-02-03 13:57:11.951931
11073,483,2452.37,2026-05-13 08:22:51.916373
11074,415,2301.18,2025-06-07 04:07:39.119220
11075,901,3222.88,2025-10-05 14:33:42.437202
11076,741,406.36,2026-05-14 07:57:19.059982
11077,779,868.59,2026-04-24 19:56:29.470092
11078,783,269.08,2026-03-15 21:01:44.047944
11079,577,1557.58,2025-10-13 19:53:05.881551
11080,415,692.23,2026-02-09 19:14:53.469872
11081,851,2335.51,2025-10-24 02:51:51.623128
11082,939,0.69,2026-04-26 07:53:26.791851
11083,1,123.08,2026-04-30 20:56:31.901188
11084,24,1133.24,2025-11-26 23:24:18.819701
11085,963,6348.96,2025-12-24 01:05:07.981842
11086,229,4430.09,2026-01-05 22:41:51.125584
11087,876,10235.0,2025-11-13 21:23:16.505856
11088,365,1078.55,2026-03-16 23:23:16.835047
11089,119,95.38,2025-11-30 00:01:47.326705
11090,56,730.44,2025-08-26 22:51:15.341113
11091,191,2252.61,2025-12-18 03:05:30.038651
11092,200,290.43,2025-06-03 07:32:51.226163
11093,415,713.27,2026-04-11 20:14:41.794615
11094,661,115.61,2025-10-30 23:05:34.207872
11095,981,1288.59,2025-10-20 14:15:16.600849
11096,409,468.71,2025-09-07 11:59:32.910019
11097,457,191.37,2026-04-27 01:59:32.311494
11098,457,1059.39,2025-09-19 22:29:23.511514
11099,483,865.34,2025-06-28 16:14:20.216370
11100,457,1542.29,2026-05-10 07:43:13.519178
11101,1,2764.91,2026-04-08 09:59:46.510556
11102,1,238.85,2025-07-15 13:43:14.656327
11103,81,3132.04,2025-09-27 23:29:26.566863
11104,90,,2025-08-24 20:23:46.819586
11105,668,1170.75,2025-08-27 01:52:18.839195
11106,200,,2025-10-18 20:50:57.106664
11107,908,6293.05,2025-07-12 12:16:55.609066
11108,939,1706.27,2025-06-06 07:10:55.254900
11109,975,345.73,2026-01-26 02:10:15.281544
11110,945,1457.72,2026-05-24 02:28:31.297913
11111,229,1007.65,2025-09-19 04:58:31.918327
11112,446,1305.38,2026-04-25 12:23:13.207759
11113,200,439.04,2025-08-31 23:11:10.384968
11114,772,1389.61,2025-09-22 05:17:31.896141
11115,901,325.13,2026-05-28 16:15:17.143751
11116,829,2725.49,2025-12-31 15:17:10.618281
11117,396,1802.34,2025-09-09 23:08:50.871610
11118,734,163.57,2026-01-26 08:37:38.375511
11119,81,4407.55,2026-01-31 12:23:16.235837
11120,12,1916.2,2025-06-06 07:31:18.635916
11121,733,759.91,2026-01-04 11:40:25.996119
11122,386,93.43,2025-07-29 23:27:01.861843
11123,987,2000.58,2025-06-25 18:48:02.591494
11124,81,935.02,2026-02-07 07:30:58.090458
11125,829,4763.65,2025-06-13 14:18:36.149502
11126,415,71.0,2025-09-29 23:50:05.136016
11127,793,79.77,2025-07-08 22:59:48.559967
11128,791,5963.63,2026-04-22 19:55:51.905819
11129,936,6697.62,2025-08-16 23:16:28.887444
11130,247,56.27,2026-04-12 03:59:15.220201
11131,963,2517.8,2025-08-10 02:38:00.447958
11132,184,500.76,2025-10-19 20:43:20.675358
11133,56,2417.25,2026-01-18 17:02:15.360002
11134,396,4061.04,2025-12-18 13:09:10.628589
11135,794,212.57,2025-11-23 22:37:20.630905
11136,415,545.63,2025-08-27 21:29:30.998667
11137,796,48.74,2026-05-27 15:02:16.703943
11138,711,89.64,2026-01-13 03:08:21.125285
11139,200,60.13,2026-01-03 07:19:28.436016
11140,963,3225.71,2025-06-29 20:15:31.337720
11141,33,708.48,2026-03-03 10:11:32.208720
11142,914,1359.32,2026-02-28 01:40:30.274997
11143,264,3100.87,2025-06-28 22:29:18.474630
11144,433,1366.17,2026-01-07 19:25:48.591844
11145,380,1121.42,2025-05-30 13:49:15.146782
11146,200,23.28,2026-02-12 23:37:33.174405
11147,332,1678.84,2026-05-08 11:27:20.620432
11148,200,266.48,2026-05-15 23:32:23.299320
11149,200,2893.35,2025-07-09 15:52:17.679417
11150,200,596.11,2025-08-09 07:20:36.085630
11151,415,2242.87,2026-05-18 11:53:00.159595
11152,767,2078.18,2025-06-07 12:43:52.673840
11153,488,1917.75,2025-11-02 10:31:50.327040
11154,905,621.09,2025-12-10 06:31:55.634625
11155,572,621.46,2025-12-06 19:35:46.312768
11156,631,3976.25,2025-07-29 11:31:51.434036
11157,597,25.78,2026-01-18 04:28:20.517824
11158,415,400.62,2026-05-24 10:54:08.110651
11159,631,1884.09,2025-07-03 02:17:21.541218
11160,45,3397.04,2026-05-05 17:14:22.113699
11161,839,887.41,2025-08-01 02:56:14.670042
11162,751,2119.42,2026-05-23 03:20:46.773256
11163,200,1629.08,2025-10-17 11:51:26.428195
11164,743,133.43,2025-11-22 14:03:18.704732
11165,1,1944.4,2026-05-18 12:14:40.346216
11166,200,3362.98,2026-03-02 04:14:43.063136
11167,39,9771.97,2025-09-28 11:28:59.007988
11168,751,60.18,2026-02-20 05:33:48.499291
11169,733,2157.96,2025-08-23 01:48:31.316117
11170,785,1070.75,2025-09-30 12:19:39.191989
11171,1,19.67,2025-09-08 12:50:24.231964
11172,434,1905.71,2025-09-20 13:16:58.973123
11173,668,261.19,2025-11-22 06:57:50.585847
11174,191,951.45,2026-02-18 21:08:21.311630
11175,577,605.91,2025-12-25 01:33:56.794006
11176,60,896.21,2025-12-29 08:55:00.187681
11177,200,1357.29,2026-03-01 07:08:26.314798
11178,415,890.11,2026-03-08 21:59:30.330939
11179,577,1609.19,2026-05-21 05:27:13.991138
11180,170,545.32,2025-07-01 08:59:10.708141
11181,200,2017.7,2025-06-29 08:06:21.716211
11182,200,3845.05,2025-09-28 08:05:00.137828
11183,200,507.38,2025-09-11 06:25:44.831248
11184,200,,2026-01-11 13:18:17.001042
11185,365,2092.17,2025-12-05 07:16:56.590499
11186,577,1663.1,2025-07-08 06:29:50.279055
11187,401,910.31,2026-02-09 06:22:14.586049
11188,749,2055.56,2025-08-30 07:14:53.000343
11189,705,57.31,2025-06-21 07:58:01.138353
11190,131,923.77,2026-05-26 03:57:57.999768
11191,22,1521.19,2025-07-29 18:29:57.620495
11192,886,41.66,2026-02-04 15:50:24.879134
11193,56,1417.13,2026-05-02 20:39:15.798936
11194,177,2124.1,2025-11-20 18:33:14.915031
11195,1,2847.64,2026-02-22 16:20:04.441664
11196,570,240.66,2025-10-18 02:22:30.396200
11197,519,9326.63,2025-12-25 16:01:21.074974
11198,982,1863.66,2025-06-02 19:06:05.783689
11199,901,902.58,2025-07-17 23:30:37.483383
11200,369,572.95,2025-06-14 06:33:40.743646
11201,350,1701.46,2026-03-18 07:30:17.394994
11202,246,4269.26,2026-03-03 04:50:10.798684
11203,185,1470.3,2026-05-14 01:29:37.345318
11204,151,2166.3,2025-08-15 15:16:45.227708
11205,139,885.39,2026-03-22 16:00:56.573062
11206,106,982.54,2026-01-23 18:34:08.666567
11207,200,674.24,2026-05-24 20:23:06.207361
11208,267,2445.89,2025-10-30 22:20:33.751079
11209,965,890.04,2025-10-25 00:38:00.132920
11210,510,423.21,2025-07-26 14:13:21.709005
11211,983,922.17,2025-07-13 15:34:56.400060
11212,350,3845.93,2025-12-16 11:20:04.654802
11213,415,2680.75,2025-06-02 14:01:42.645610
11214,291,814.86,2026-01-16 16:00:07.792646
11215,200,4746.21,2026-05-11 11:00:45.053962
11216,167,155.56,2025-06-24 01:05:10.697038
11217,959,102.07,2026-01-20 06:06:03.233093
11218,981,272.72,2026-03-03 00:25:52.187440
11219,17,247.63,2026-01-19 08:56:16.011598
11220,182,183.87,2025-09-09 07:12:28.658500
11221,382,2165.53,2025-12-08 11:52:12.498960
11222,200,1836.8,2025-07-30 23:05:25.136974
11223,336,2086.01,2025-12-07 10:25:06.040281
11224,135,,2025-10-21 14:43:13.667874
11225,415,2828.4,2026-01-29 22:38:16.345182
11226,229,464.31,2025-07-07 19:47:48.412418
11227,325,1947.33,2025-09-14 10:15:22.650581
11228,73,1735.23,2026-04-20 20:55:05.445048
11229,389,5752.7,2025-11-21 07:02:35.792857
11230,977,528.89,2026-05-03 03:06:24.238659
11231,294,121.04,2025-07-08 03:23:21.579208
11232,886,,2025-08-14 14:39:09.184708
11233,824,2695.48,2025-07-01 21:20:49.039724
11234,963,,2026-05-11 05:44:09.471330
11235,760,1691.89,2025-12-26 21:56:04.692817
11236,587,122.76,2026-05-14 06:32:00.080953
11237,831,6439.99,2025-12-19 08:02:58.979990
11238,55,232.9,2025-06-19 05:26:08.094264
11239,415,139.92,2026-05-10 13:29:14.767378
11240,986,90.23,2025-09-28 16:53:12.167234
11241,744,1114.69,2026-05-15 18:22:57.152751
11242,965,204.42,2025-08-26 22:27:14.514517
11243,751,2730.23,2026-05-05 12:22:34.072400
11244,881,4582.78,2025-08-26 22:58:03.711937
11245,672,602.8,2025-12-06 09:41:47.687931
11246,739,1981.88,2025-07-23 03:15:34.962048
11247,458,86.52,2026-03-28 23:03:21.883849
11248,937,977.36,2025-07-06 22:06:15.854605
11249,793,693.29,2025-07-31 06:52:35.895935
11250,826,519.15,2025-09-25 03:42:03.033148
11251,605,2069.72,2025-10-10 07:49:59.442377
11252,265,279.05,2026-04-10 20:08:24.699316
11253,7,3942.4,2026-05-22 07:43:45.492161
11254,941,2186.27,2025-09-18 12:47:00.872365
11255,521,2480.83,2025-06-19 15:32:19.761455
11256,248,5477.36,2025-08-06 06:47:01.369664
11257,180,5707.52,2025-08-16 13:36:10.327981
11258,797,1604.37,2025-10-12 18:48:25.433773
11259,809,1367.9,2025-12-01 08:57:35.651735
11260,787,817.08,2026-05-12 00:53:17.296518
11261,577,2514.55,2026-03-31 23:01:24.480944
11262,341,1545.29,2025-08-03 15:26:04.593707
11263,263,5402.4,2025-11-28 11:25:23.527690
11264,1,545.26,2026-01-02 23:43:31.482520
11265,807,742.86,2025-09-22 10:52:15.529265
11266,65,759.86,2025-12-21 17:19:30.119310
11267,570,3279.78,2026-04-19 13:02:54.855184
11268,441,208.59,2025-12-28 13:28:59.496038
11269,468,1216.32,2025-09-13 08:25:05.792461
11270,939,1115.77,2025-11-02 16:35:41.039099
11271,5,151.9,2026-04-04 07:08:40.681719
11272,746,1057.97,2025-11-08 00:00:27.572316
11273,25,1440.54,2025-11-21 08:21:58.440233
11274,9,134.64,2026-05-06 01:08:39.895900
11275,395,1426.14,2025-07-06 13:15:59.506521
11276,38,6400.01,2026-01-28 15:00:11.424448
11277,760,7718.32,2026-03-15 08:18:31.609294
11278,474,1517.21,2026-05-30 12:40:14.060511
11279,5,1447.61,2026-04-04 23:57:56.200824
11280,12,672.37,2025-08-06 20:04:05.277654
11281,544,11696.79,2025-08-18 20:44:41.160854
11282,772,641.04,2025-10-15 20:51:35.440770
11283,401,1206.25,2025-10-06 08:16:46.021447
11284,483,5.88,2026-03-19 20:23:38.140027
11285,767,859.21,2026-04-23 05:05:48.701881
11286,543,148.24,2026-02-27 01:09:41.715106
11287,200,2723.79,2025-09-02 21:34:19.850234
11288,544,1646.58,2026-04-01 01:52:36.559366
11289,570,1698.07,2025-09-05 05:10:21.519070
11290,712,675.18,2026-01-24 11:05:28.471011
11291,562,3373.68,2026-03-28 12:25:05.963311
11292,968,6.55,2025-08-03 01:22:27.448250
11293,200,811.73,2026-02-16 00:27:34.293519
11294,963,2154.67,2026-05-24 17:38:50.366162
11295,483,4770.25,2026-05-24 06:59:47.096213
11296,604,534.76,2026-04-20 21:29:57.357451
11297,83,1557.85,2025-09-23 01:07:14.651022
11298,365,1544.34,2025-07-07 08:48:25.709897
11299,744,4145.72,2025-09-30 09:48:59.376139
11300,674,103.68,2026-05-28 09:54:37.565187
11301,12,1104.95,2026-03-13 12:49:22.369441
11302,483,402.92,2025-08-13 19:20:43.956902
11303,68,43.54,2026-02-02 03:54:33.165874
11304,987,318.06,2025-06-02 22:16:29.814728
11305,914,7499.02,2025-10-30 02:03:06.631440
11306,1,483.76,2026-01-14 08:07:39.054316
11307,834,,2026-03-05 08:02:27.386364
11308,936,459.47,2026-02-11 10:15:52.736461
11309,330,5355.87,2026-02-27 05:39:32.001575
11310,705,2126.23,2026-03-05 03:12:31.699622
11311,410,240.31,2025-12-15 22:34:40.729037
11312,577,1744.14,2025-11-16 20:29:54.517417
11313,301,766.96,2025-09-11 00:28:10.249864
11314,291,966.27,2026-05-25 09:43:11.885910
11315,386,1160.25,2025-11-02 13:53:04.411495
11316,170,1098.81,2025-07-25 03:19:48.163728
11317,800,2181.94,2025-12-27 14:55:11.243290
11318,320,2925.21,2025-08-30 17:48:42.853065
11319,365,798.5,2025-07-25 01:12:20.492013
11320,906,5163.64,2026-03-29 21:22:45.552768
11321,423,5576.34,2025-12-07 11:54:30.584101
11322,483,83.08,2026-04-25 01:24:49.162925
11323,963,30.04,2025-08-17 22:13:46.528440
11324,901,1107.0,2025-09-10 13:03:07.019376
11325,200,1786.35,2025-11-16 18:42:39.232969
11326,415,651.2,2025-07-07 10:41:37.066572
11327,973,600.63,2025-09-09 22:44:04.291019
11328,350,2268.48,2026-01-31 23:09:35.684901
11329,350,1841.12,2025-12-07 08:46:29.290900
11330,200,365.8,2025-10-21 04:06:02.545686
11331,107,4316.99,2025-12-19 23:08:26.584549
11332,728,2278.72,2025-09-10 13:03:02.626962
11333,744,900.64,2025-07-18 23:30:34.280368
11334,967,2301.65,2025-05-30 17:34:35.723117
11335,746,239.04,2025-11-22 09:50:30.391744
11336,200,1263.19,2025-06-09 22:22:37.270042
11337,12,370.21,2025-12-14 11:51:16.802132
11338,981,84.63,2026-03-08 07:23:33.275153
11339,301,825.97,2026-02-16 21:07:51.087969
11340,275,326.77,2025-09-04 21:47:09.956874
11341,916,2007.61,2026-04-03 14:34:19.545235
11342,521,2242.13,2025-07-24 04:45:11.245475
11343,200,321.96,2026-05-01 13:19:06.858201
11344,901,49.84,2026-02-27 17:37:23.441277
11345,986,3148.24,2026-01-10 18:27:38.415886
11346,63,4.12,2026-01-31 06:18:32.862705
11347,846,,2025-07-31 03:24:10.928538
11348,365,1364.74,2026-02-15 20:08:38.219517
11349,461,3414.57,2025-08-29 22:41:20.772067
11350,933,3647.23,2025-12-28 14:06:32.111309
11351,973,2581.53,2025-11-02 16:58:42.210504
11352,224,,2025-09-13 11:11:29.803880
11353,200,2547.27,2025-06-21 03:24:14.921631
11354,56,566.16,2025-07-05 21:45:17.954344
11355,483,483.15,2026-01-30 18:57:23.344127
11356,1,1584.29,2026-02-07 14:00:15.519132
11357,371,2271.72,2026-01-09 19:55:00.131581
11358,48,109.02,2025-07-11 09:10:07.219235
11359,365,123.8,2026-01-23 05:32:08.684682
11360,12,3066.53,2025-06-14 20:44:28.061660
11361,809,3925.06,2026-03-12 16:38:35.908177
11362,200,1854.91,2026-03-16 06:21:05.747690
11363,293,1120.13,2025-08-18 23:47:10.191933
11364,868,3732.75,2026-03-20 01:55:55.508919
11365,733,2609.92,2026-04-30 02:46:35.336483
11366,200,1733.07,2025-11-20 20:29:55.564224
11367,47,770.61,2026-05-27 06:20:02.240601
11368,697,441.28,2025-07-28 01:18:17.543728
11369,365,1084.88,2026-02-17 23:07:33.943369
11370,740,676.05,2025-12-28 01:48:47.561104
11371,415,828.79,2025-08-30 07:29:42.078738
11372,312,1449.82,2025-10-08 22:12:00.851781
11373,415,370.48,2026-02-23 08:48:58.788569
11374,733,3281.62,2026-01-16 01:22:26.195993
11375,914,314.55,2025-10-10 11:39:44.151151
11376,24,1311.68,2026-01-18 10:32:40.831430
11377,461,2740.62,2025-12-04 00:17:00.049574
11378,5,1327.26,2025-08-06 20:00:14.081339
11379,415,895.77,2025-06-02 20:09:14.169312
11380,899,1288.3,2026-04-08 21:14:28.190442
11381,333,3776.59,2025-07-07 15:26:11.739677
11382,939,9298.6,2026-02-20 07:01:56.844881
11383,570,1994.69,2025-07-05 01:19:08.214689
11384,941,3154.37,2026-02-14 21:49:17.286438
11385,733,29.19,2026-04-02 21:32:35.098904
11386,94,4246.61,2026-01-11 06:43:37.615746
11387,200,6160.39,2026-05-05 08:06:46.457831
11388,365,1712.13,2026-04-24 04:15:40.836820
11389,200,2803.26,2025-12-26 07:49:27.259480
11390,421,1437.93,2025-07-11 10:00:49.813029
11391,415,674.32,2026-04-17 16:32:12.852612
11392,963,3824.44,2026-01-22 20:30:32.687608
11393,396,1816.83,2025-09-13 04:52:26.183687
11394,760,1732.07,2025-10-12 04:08:26.139569
11395,952,2152.52,2025-08-29 14:09:26.117392
11396,886,3875.93,2026-01-03 18:12:25.384208
11397,200,2632.84,2026-03-09 21:16:48.597100
11398,423,474.29,2026-04-07 02:00:31.415699
11399,318,1257.81,2026-02-20 14:57:38.472932
11400,365,7854.1,2026-04-13 13:37:16.818870
11401,333,1617.39,2026-04-04 16:15:10.456319
11402,793,5569.17,2026-05-24 18:33:12.721456
11403,415,3357.25,2026-04-04 13:30:56.503065
11404,460,2193.37,2025-11-24 03:14:04.283575
11405,977,859.61,2025-11-13 11:37:33.485067
11406,33,725.73,2026-04-30 14:15:51.737191
11407,415,2062.4,2026-01-09 20:05:41.416737
11408,746,1133.24,2026-01-13 19:12:34.533691
11409,182,3206.45,2025-11-11 20:23:41.983986
11410,543,2858.04,2025-06-23 16:43:48.758380
11411,200,748.31,2025-07-30 08:30:26.419672
11412,860,2426.22,2025-12-04 06:29:20.382462
11413,293,1364.61,2026-01-09 01:00:32.942710
11414,294,781.03,2026-05-22 18:08:41.303020
11415,540,1065.35,2025-12-18 08:14:39.682679
11416,200,4514.3,2025-12-10 07:11:34.891991
11417,236,891.07,2025-07-03 16:12:24.563050
11418,379,677.67,2026-01-23 07:55:44.637074
11419,330,867.13,2025-09-26 11:05:43.396786
11420,463,483.17,2025-12-11 23:40:57.221885
11421,543,1573.31,2025-07-15 18:37:52.372344
11422,483,319.02,2026-02-18 03:47:25.157368
11423,577,3401.39,2026-02-20 18:17:23.579515
11424,267,511.28,2026-03-11 22:52:51.903649
11425,131,1822.88,2026-05-05 12:58:33.292353
11426,740,267.12,2025-09-09 17:04:35.997506
11427,829,7675.05,2025-06-17 06:16:33.275469
11428,209,1212.38,2026-04-26 14:04:34.914668
11429,365,3453.87,2025-12-29 21:15:34.902292
11430,427,2927.63,2026-03-24 17:01:04.122338
11431,477,2501.38,2025-08-21 18:43:14.526825
11432,587,3513.15,2026-01-26 17:14:37.518309
11433,13,211.75,2026-03-07 17:07:40.591535
11434,705,2269.5,2026-01-30 03:00:12.773711
11435,35,618.02,2025-11-27 05:25:39.181084
11436,415,3082.36,2025-09-07 04:47:39.625878
11437,793,6287.02,2025-08-15 00:21:01.076638
11438,415,4635.18,2025-11-19 23:12:37.774436
11439,180,244.23,2025-10-17 19:26:32.160398
11440,981,922.65,2025-12-05 03:17:51.312118
11441,901,906.13,2025-11-28 15:41:45.382786
11442,744,260.89,2025-06-28 14:18:00.124890
11443,369,206.56,2025-06-29 13:13:11.435350
11444,200,971.91,2026-05-28 06:58:53.433898
11445,950,9674.6,2026-04-27 15:42:56.588988
11446,474,1683.03,2025-06-01 18:09:41.351310
11447,829,1944.57,2025-06-05 01:57:36.231250
11448,305,1273.61,2025-10-14 05:44:06.853854
11449,296,2171.38,2025-12-31 22:39:53.062529
11450,981,6277.45,2025-06-12 01:12:45.371257
11451,457,1776.85,2025-07-17 20:06:55.707930
11452,160,134.5,2026-01-06 23:53:27.857105
11453,200,1358.06,2026-01-20 10:55:41.002865
11454,415,9853.86,2026-01-16 21:53:18.633204
11455,14,980.1,2025-07-04 12:58:46.467200
11456,415,1802.22,2025-12-19 06:43:24.451712
11457,379,225.52,2026-02-14 09:21:38.962507
11458,751,304.39,2025-10-25 02:53:32.875903
11459,331,4153.79,2026-01-22 12:44:28.622739
11460,977,714.33,2025-06-03 20:37:55.920958
11461,200,728.99,2026-05-24 04:38:09.275230
11462,525,979.48,2026-03-19 11:54:49.502065
11463,68,6791.15,2025-09-01 13:20:43.960610
11464,711,176.33,2025-12-02 06:09:07.628125
11465,987,3415.91,2026-05-09 03:59:13.090486
11466,792,835.76,2025-12-27 22:54:53.608517
11467,483,3787.16,2026-04-26 04:02:39.192778
11468,415,9596.45,2025-08-28 15:10:13.301122
11469,808,857.47,2025-12-25 01:31:51.075765
11470,942,277.05,2025-06-02 02:17:17.977439
11471,986,311.85,2025-12-19 11:35:50.442436
11472,365,2843.77,2026-02-23 11:38:41.192606
11473,986,313.12,2026-02-05 15:46:50.814738
11474,191,603.35,2025-06-06 04:13:41.302625
11475,206,457.31,2025-12-07 22:05:48.343357
11476,68,879.12,2025-06-06 16:19:28.249549
11477,229,154.55,2025-12-24 10:58:33.063166
11478,743,3886.22,2025-11-07 13:48:55.118306
11479,829,3934.32,2026-05-10 02:53:58.231717
11480,751,1065.23,2025-07-14 02:00:42.390930
11481,570,1893.95,2025-11-03 09:05:41.253300
11482,455,2054.17,2025-11-19 07:06:49.854117
11483,681,2766.66,2025-06-30 01:10:36.431679
11484,365,1470.82,2025-09-27 00:41:14.842397
11485,819,1428.07,2026-02-27 17:57:18.320564
11486,612,1995.56,2026-01-29 09:12:03.450733
11487,652,2428.37,2025-12-10 19:32:46.879462
11488,482,851.41,2025-11-13 01:54:25.148649
11489,899,802.06,2025-09-01 09:10:43.194910
11490,206,628.65,2025-06-20 18:15:57.335475
11491,365,1591.9,2025-09-10 17:35:01.417245
11492,751,893.06,2025-10-19 00:32:34.711748
11493,415,1554.42,2026-01-23 18:16:50.762586
11494,901,1041.7,2026-03-15 16:53:39.483238
11495,313,3624.75,2026-04-10 16:40:38.332631
11496,347,,2025-10-20 22:17:04.394526
11497,901,1698.25,2025-06-25 07:21:20.036619
11498,415,1714.27,2026-01-13 13:26:07.074873
11499,457,968.1,2025-06-29 04:52:32.468380
11500,296,1092.98,2025-06-07 16:48:28.981735
11501,229,3220.19,2025-11-12 12:14:44.050394
11502,579,658.88,2025-06-22 20:12:48.564466
11503,121,4102.16,2025-06-02 05:31:03.956101
11504,887,4533.34,2025-12-14 21:38:38.961850
11505,751,2103.19,2026-05-02 17:28:08.065301
11506,200,2964.36,2025-10-18 03:05:07.034170
11507,640,1898.39,2025-07-20 17:45:43.697692
11508,543,1489.97,2026-05-13 20:24:04.818805
11509,200,6803.06,2025-08-21 13:44:28.937110
11510,229,664.4,2025-10-24 04:44:55.484353
11511,368,334.83,2026-03-03 10:40:56.370694
11512,656,677.91,2025-11-26 12:34:22.827900
11513,576,1907.08,2026-05-27 02:46:38.098744
11514,474,409.58,2026-01-10 13:06:09.282919
11515,743,4789.71,2025-07-08 12:30:34.801768
11516,733,1058.74,2025-06-11 10:11:13.045520
11517,555,3793.75,2025-09-13 08:51:16.329404
11518,760,573.33,2025-07-23 01:31:41.439743
11519,296,751.33,2026-03-28 10:02:37.154000
11520,892,122.1,2025-07-16 13:17:57.691053
11521,549,596.19,2025-08-19 20:36:27.249020
11522,793,1347.92,2026-05-16 02:26:47.562922
11523,483,5842.62,2026-04-06 00:03:24.659988
11524,200,985.0,2026-02-12 18:24:34.739071
11525,483,2041.88,2025-09-26 01:36:31.049287
11526,350,1116.22,2026-01-11 21:11:03.951830
11527,650,95.84,2026-05-08 20:35:16.160298
11528,415,1400.48,2026-04-24 07:27:57.829292
11529,809,136.37,2025-06-21 20:42:43.762598
11530,613,4303.16,2025-10-20 21:47:36.521787
11531,618,2797.03,2025-11-10 21:02:50.583257
11532,200,951.73,2025-08-10 19:39:54.512087
11533,978,2044.52,2026-04-15 05:02:30.162890
11534,819,237.63,2025-07-30 23:39:24.603252
11535,760,2425.05,2025-07-28 00:55:53.941049
11536,296,3460.19,2025-11-19 17:12:01.962093
11537,481,3449.09,2025-08-10 18:14:11.153327
11538,149,668.93,2026-01-02 15:02:26.972097
11539,483,612.36,2026-05-05 06:29:03.157317
11540,170,1473.77,2025-09-19 18:14:58.465563
11541,483,6869.85,2026-05-07 12:56:16.158753
11542,577,5064.57,2025-06-01 15:08:17.288034
11543,365,891.44,2026-04-09 04:38:58.751388
11544,427,3026.71,2025-12-02 13:30:01.204536
11545,884,5084.68,2025-07-30 02:10:01.411374
11546,101,604.72,2025-06-01 03:05:50.931373
11547,761,3547.39,2025-07-12 22:47:35.064772
11548,200,623.66,2025-08-10 04:20:54.032920
11549,8,841.0,2025-10-21 20:54:01.838836
11550,200,443.34,2025-07-09 21:19:59.537542
11551,740,1414.82,2026-02-17 00:26:45.913721
11552,365,3706.98,2026-01-11 14:23:52.850628
11553,873,1501.77,2025-09-02 06:06:25.650055
11554,463,263.5,2025-11-24 00:42:25.594321
11555,1,580.11,2025-10-23 00:12:27.749974
11556,700,1655.01,2025-08-03 03:50:50.066425
11557,103,1750.24,2026-05-25 02:33:14.694925
11558,760,1720.32,2026-05-30 14:04:35.658858
11559,200,160.26,2026-03-06 07:01:56.311143
11560,312,2802.38,2025-06-01 22:10:12.945140
11561,740,4803.22,2025-10-12 22:12:50.094647
11562,963,1428.82,2025-10-14 17:45:04.998174
11563,350,2537.59,2025-10-05 00:23:40.559387
11564,796,4907.18,2026-01-03 17:12:37.353848
11565,200,2057.93,2025-06-18 17:17:09.792639
11566,772,2243.72,2025-11-13 02:48:00.429831
11567,582,,2025-09-10 06:14:16.472363
11568,200,603.57,2025-12-11 06:18:47.169731
11569,260,1747.79,2025-07-15 18:41:41.123548
11570,137,3692.54,2025-07-12 20:18:58.247297
11571,365,702.42,2025-08-29 01:37:04.622056
11572,200,4549.37,2025-09-28 11:37:29.611515
11573,577,1937.18,2025-06-17 01:40:15.830826
11574,986,1100.43,2025-08-09 05:17:40.112742
11575,1,1951.99,2026-01-25 19:19:01.211616
11576,483,1027.86,2025-12-07 03:47:34.976594
11577,502,3640.76,2026-01-09 20:32:46.467834
11578,932,1316.79,2025-06-01 05:21:35.596692
11579,442,4629.59,2026-01-08 01:25:21.676912
11580,483,1425.92,2025-07-05 13:23:40.223680
11581,415,2159.79,2025-08-24 03:48:17.624878
11582,229,12188.7,2026-01-13 00:57:11.257046
11583,30,317.91,2025-12-16 05:53:07.843792
11584,367,2669.14,2026-02-08 21:35:21.397768
11585,25,299.02,2025-07-10 10:00:23.719124
11586,483,3651.04,2025-08-20 10:18:58.826316
11587,267,1814.93,2025-07-01 17:06:42.942115
11588,478,5566.4,2025-12-12 15:42:59.705082
11589,142,4019.18,2025-10-12 01:34:24.955137
11590,939,155.65,2026-05-11 11:00:26.472813
11591,907,295.38,2025-09-15 07:43:33.497969
11592,200,1838.44,2025-12-31 21:54:29.352791
11593,307,1460.93,2026-05-15 15:30:01.092370
11594,545,369.2,2025-12-02 04:49:59.948514
11595,77,277.05,2026-02-02 06:01:09.709341
11596,331,1660.18,2025-10-19 17:57:16.012949
11597,203,100.32,2025-12-10 21:44:26.884838
11598,935,4138.75,2025-08-16 01:47:43.837633
11599,829,3290.99,2026-03-30 19:23:59.318522
11600,513,3077.68,2025-11-03 23:38:50.441719
11601,457,32.25,2026-05-18 01:26:55.102664
11602,939,97.63,2025-12-22 17:03:08.648612
11603,939,1596.3,2026-01-05 12:46:32.902565
11604,968,10379.17,2025-07-14 05:00:25.935227
11605,131,838.06,2026-02-27 03:20:08.567614
11606,199,,2025-08-27 21:20:22.927583
11607,611,288.38,2026-03-09 05:21:39.797753
11608,483,2243.78,2026-05-21 20:34:19.798925
11609,1,2080.74,2025-09-02 05:45:12.914846
11610,35,213.66,2025-07-17 11:24:27.702316
11611,901,1260.02,2025-12-13 13:40:04.204700
11612,865,2199.68,2026-03-02 06:16:44.505367
11613,332,1360.53,2025-10-01 08:56:35.755629
11614,903,2243.95,2025-12-07 11:44:18.293859
11615,534,3388.58,2026-04-13 23:44:06.952128
11616,772,2315.55,2025-11-21 17:14:52.489701
11617,388,1914.82,2026-01-11 11:11:21.746622
11618,105,3842.69,2026-03-02 12:45:22.351540
11619,396,4616.98,2025-09-22 14:47:58.408324
11620,415,984.94,2025-10-01 16:14:13.687169
11621,483,380.51,2025-10-17 09:25:12.231520
11622,98,3405.96,2026-02-07 15:03:13.204125
11623,986,480.97,2025-08-30 18:57:08.121410
11624,200,5288.76,2026-03-23 01:57:10.320285
11625,200,46.29,2025-06-26 14:02:42.512684
11626,469,5083.49,2025-11-05 06:38:15.111216
11627,483,1779.21,2025-10-30 02:09:24.068646
11628,404,2981.02,2025-09-10 09:52:27.184781
11629,746,1016.63,2026-02-17 09:39:37.759739
11630,457,9586.93,2025-10-21 05:54:48.236529
11631,543,516.38,2025-10-05 21:58:51.153786
11632,705,613.98,2026-03-27 20:27:16.380065
11633,1,105.6,2025-10-09 08:06:43.763590
11634,491,,2026-05-21 03:35:19.003428
11635,899,1217.72,2025-12-01 20:27:29.785593
11636,1,2246.95,2025-06-06 20:59:36.029658
11637,365,2325.92,2025-10-03 17:33:00.461559
11638,939,4150.93,2026-02-01 18:28:51.723779
11639,329,2186.8,2026-04-30 04:15:31.858799
11640,415,1651.17,2025-11-23 10:20:17.834959
11641,977,2477.95,2025-10-28 06:38:19.357163
11642,200,2780.37,2025-12-26 02:02:00.660428
11643,39,411.41,2026-04-01 16:25:05.869956
11644,837,232.32,2026-05-03 10:24:36.779264
11645,864,155.6,2026-03-10 11:25:12.161190
11646,415,936.98,2026-05-16 15:06:41.133817
11647,456,1378.31,2025-08-26 21:23:51.044190
11648,809,1912.4,2026-03-11 06:02:35.607245
11649,723,6341.82,2026-05-16 16:24:43.217731
11650,229,803.31,2025-11-01 04:00:58.153332
11651,1,2861.53,2026-03-21 02:04:02.300882
11652,415,1515.83,2026-02-15 19:14:59.840600
11653,835,497.15,2026-04-10 20:22:32.386668
11654,910,1910.61,2025-06-06 18:11:58.449171
11655,963,6833.2,2025-09-19 09:29:33.674732
11656,887,265.48,2025-08-27 23:20:40.304211
11657,513,1415.63,2025-08-11 22:48:52.042035
11658,415,105.98,2025-08-27 23:50:30.237023
11659,746,774.91,2025-10-15 08:01:00.361277
11660,727,,2025-12-24 20:33:50.664786
11661,483,3678.42,2025-11-24 14:54:35.437614
11662,65,2621.1,2026-03-23 10:52:20.068727
11663,939,1242.98,2025-10-26 02:38:08.132531
11664,415,4798.69,2026-05-25 22:45:01.077150
11665,334,721.12,2025-09-04 08:28:28.850252
11666,570,2804.71,2026-03-02 13:41:39.365984
11667,605,1284.94,2025-11-16 06:11:14.862819
11668,200,4578.07,2026-02-07 07:56:41.392931
11669,809,3193.37,2025-08-26 08:16:13.513058
11670,240,4634.78,2026-05-02 12:50:25.153776
11671,200,482.23,2025-12-28 22:01:41.122754
11672,365,2206.15,2025-11-01 19:25:35.460351
11673,711,2682.36,2026-05-05 04:34:06.646305
11674,965,2712.81,2026-02-05 16:23:53.537118
11675,776,1402.36,2025-12-19 22:15:03.993722
11676,947,22.63,2025-10-02 13:43:59.223084
11677,159,606.08,2025-09-14 01:16:39.385226
11678,47,781.06,2025-06-09 17:15:40.411226
11679,483,3821.58,2026-04-11 06:53:20.224780
11680,241,3676.27,2025-08-08 05:49:05.987060
11681,794,221.15,2026-04-24 04:09:38.072551
11682,604,5984.91,2025-07-12 11:22:22.996417
11683,973,402.9,2026-05-08 22:22:00.079571
11684,206,1070.1,2025-07-08 08:04:59.119471
11685,415,484.54,2025-06-03 10:21:19.798542
11686,434,3936.98,2025-09-03 16:38:59.003830
11687,200,2767.81,2026-01-23 08:13:34.771522
11688,524,872.45,2025-07-17 15:15:06.003477
11689,414,2290.64,2026-05-03 18:36:36.901902
11690,415,407.58,2026-05-25 08:48:58.654003
11691,333,963.5,2026-03-05 21:45:59.940369
11692,1,946.76,2025-06-13 16:08:11.358076
11693,457,543.45,2025-12-06 07:44:50.734812
11694,296,,2025-11-17 14:37:45.639992
11695,1,,2026-03-25 21:22:38.805079
11696,268,656.84,2025-08-08 01:06:50.752495
11697,229,554.46,2026-03-12 06:08:33.598766
11698,365,36.23,2026-05-28 15:25:43.578960
11699,137,851.08,2026-03-22 10:20:10.164223
11700,442,1496.35,2025-12-14 20:43:16.108940
11701,637,650.66,2025-07-16 03:16:33.091878
11702,570,2411.0,2025-07-06 06:35:18.911725
11703,768,1061.2,2025-10-10 18:31:55.296230
11704,415,760.52,2026-04-15 20:53:28.228054
11705,457,5595.65,2025-06-02 14:42:24.734240
11706,777,609.79,2025-12-25 21:00:13.253157
11707,389,1015.85,2026-05-21 22:59:28.946227
11708,661,963.47,2025-10-26 21:46:50.748356
11709,396,552.03,2025-11-23 02:08:13.865044
11710,379,490.46,2026-01-19 05:16:34.653180
11711,739,720.16,2025-08-22 01:34:22.781779
11712,200,3993.68,2026-04-17 00:16:11.596583
11713,298,,2025-11-21 07:41:28.149728
11714,200,2285.13,2025-10-22 11:13:21.318035
11715,332,1221.67,2025-08-17 07:19:13.857361
11716,200,1417.55,2025-10-10 17:33:47.796823
11717,513,621.6,2025-07-03 23:35:33.713423
11718,767,154.44,2026-05-08 02:07:17.015246
11719,760,804.06,2025-07-28 21:40:22.249654
11720,338,1368.71,2026-01-20 19:53:46.934625
11721,986,118.04,2026-02-10 18:56:40.868674
11722,534,184.74,2025-09-27 21:22:05.475610
11723,365,610.4,2025-12-18 14:20:03.770590
11724,809,914.82,2025-09-24 06:11:40.064469
11725,711,999.5,2026-01-08 15:46:39.341764
11726,733,250.87,2026-03-27 03:01:17.017280
11727,200,511.91,2025-11-07 14:58:41.420766
11728,415,606.67,2025-09-29 01:27:28.439720
11729,846,140.06,2025-08-15 14:48:43.325935
11730,441,,2025-08-19 18:06:08.697376
11731,618,149.92,2026-04-17 14:54:47.048192
11732,522,2431.13,2025-10-09 18:59:17.404849
11733,821,975.68,2026-03-11 21:46:53.113221
11734,235,791.28,2025-08-16 02:23:44.062450
11735,504,270.55,2025-11-19 21:11:55.684427
11736,128,513.67,2025-11-07 17:23:14.383261
11737,633,529.77,2025-08-16 21:12:34.749370
11738,711,8426.83,2025-07-15 09:31:50.279248
11739,15,3607.86,2025-07-13 10:36:11.356317
11740,609,30.76,2025-07-26 01:01:55.734145
11741,376,1918.59,2025-06-27 17:37:39.592175
11742,129,591.19,2025-06-10 02:35:03.529260
11743,379,220.47,2025-08-01 07:07:06.195877
11744,200,2445.63,2025-06-17 05:56:26.655925
11745,377,282.22,2025-08-08 02:29:23.377994
11746,365,1173.04,2025-06-11 00:19:57.367814
11747,722,2000.24,2025-12-04 08:32:26.210826
11748,746,1617.09,2025-11-14 14:00:59.171219
11749,543,7599.99,2026-01-28 11:13:21.707010
11750,1,3081.15,2026-03-25 12:15:55.880219
11751,939,2976.15,2025-11-14 14:04:45.553575
11752,621,878.86,2025-11-08 12:00:03.154225
11753,5,16.86,2026-04-16 22:01:20.876637
11754,792,2651.61,2025-06-22 14:18:49.536019
11755,200,16449.68,2026-05-06 09:05:36.193571
11756,513,1041.34,2026-02-18 10:23:35.502785
11757,415,8469.77,2025-09-02 21:21:16.209992
11758,379,305.62,2026-04-18 06:52:52.196398
11759,902,703.41,2026-05-08 11:41:57.304956
11760,401,374.41,2026-03-22 16:37:11.978651
11761,54,1289.38,2026-02-14 13:51:04.499916
11762,963,3188.92,2026-03-07 15:58:18.168719
11763,936,833.04,2025-11-21 06:49:57.059125
11764,618,4733.8,2025-09-30 13:25:37.778198
11765,415,,2026-01-20 10:38:41.072896
11766,69,1252.56,2025-06-15 05:36:05.424343
11767,761,3093.26,2025-09-11 21:36:03.938703
11768,55,213.93,2025-08-15 01:52:44.972240
11769,41,2972.25,2025-12-11 01:45:57.317848
11770,483,556.66,2026-04-23 03:19:49.497184
11771,197,659.27,2025-09-13 07:33:51.890039
11772,1,1829.85,2025-12-27 02:45:41.183930
11773,381,4644.24,2026-01-21 00:28:31.710215
11774,149,1727.43,2026-02-18 19:51:00.846400
11775,199,2093.65,2026-01-04 11:14:00.843084
11776,56,2997.53,2026-05-11 11:39:12.266868
11777,200,600.39,2025-10-23 18:54:16.763639
11778,697,3511.63,2026-05-16 13:48:47.434722
11779,776,1082.43,2026-04-27 22:45:00.676996
11780,415,386.33,2026-05-11 05:53:33.268086
11781,442,861.93,2025-09-26 05:06:55.349775
11782,5,565.07,2025-09-19 18:20:01.423780
11783,43,519.39,2025-06-12 00:41:37.123439
11784,211,664.14,2025-11-28 01:37:45.693788
11785,483,399.17,2026-05-07 12:32:06.618937
11786,726,2203.44,2026-04-08 08:21:43.653383
11787,543,1734.96,2025-07-22 02:31:35.500476
11788,365,2090.76,2026-04-26 01:18:24.241025
11789,118,842.35,2026-03-04 11:06:15.985332
11790,751,2937.04,2026-05-26 10:26:25.896473
11791,336,277.62,2026-02-07 08:31:49.420616
11792,716,1693.23,2025-08-20 12:20:49.019717
11793,454,644.42,2025-11-20 16:53:32.685493
11794,723,1499.9,2025-11-12 06:17:45.306121
11795,919,782.05,2026-04-07 14:26:23.605320
11796,936,3126.18,2025-07-27 00:39:07.431930
11797,480,4437.81,2026-01-20 05:40:15.167728
11798,450,,2026-03-08 08:30:05.746249
11799,229,386.16,2025-06-30 01:51:14.293645
11800,942,642.8,2025-12-10 18:50:43.462109
11801,415,5035.47,2026-02-16 09:01:27.287503
11802,131,1149.73,2026-03-28 17:12:30.484466
11803,396,5666.56,2025-10-10 10:42:03.662978
11804,131,,2025-10-02 06:57:41.181746
11805,436,6063.74,2025-10-20 20:12:28.245491
11806,483,5200.34,2026-03-27 03:18:26.704733
11807,297,2160.72,2026-04-02 20:29:06.050647
11808,47,17.73,2025-08-01 16:14:51.188393
11809,955,1022.77,2026-01-21 12:58:38.270750
11810,746,4843.53,2025-11-05 12:03:45.244853
11811,813,4327.57,2025-07-29 05:45:10.272438
11812,343,415.0,2025-12-12 06:13:10.286943
11813,740,1018.93,2025-06-14 15:10:17.415525
11814,415,,2026-04-25 10:31:46.784124
11815,200,1724.92,2025-08-13 10:37:34.094184
11816,130,3758.55,2025-10-02 10:23:21.003391
11817,311,3503.93,2025-06-15 22:09:31.852391
11818,149,4760.7,2025-06-10 20:10:31.712488
11819,995,249.36,2025-11-19 21:06:33.354067
11820,23,313.81,2025-10-12 03:29:50.877230
11821,408,172.88,2025-11-09 04:45:39.007662
11822,415,5475.03,2026-04-17 09:11:14.212883
11823,254,1289.33,2025-07-25 05:54:39.482445
11824,494,132.97,2025-10-15 10:42:10.772290
11825,181,775.83,2025-11-11 15:30:26.830307
11826,754,865.92,2026-04-11 01:05:24.428105
11827,296,3316.83,2025-08-18 04:45:56.321391
11828,527,2659.65,2025-08-18 05:47:31.370933
11829,697,2338.42,2025-07-16 19:52:51.585970
11830,901,44.21,2026-02-20 10:20:49.407399
11831,809,4831.41,2026-03-07 12:00:37.564357
11832,543,485.56,2026-01-14 17:49:23.453712
11833,365,1983.44,2026-01-08 21:44:09.598355
11834,439,127.62,2026-05-24 09:54:58.492539
11835,743,170.08,2026-05-30 13:21:46.443028
11836,886,,2025-08-28 10:54:44.829519
11837,95,1669.09,2025-09-09 11:05:13.676520
11838,365,1985.15,2025-12-01 07:09:17.554284
11839,750,103.56,2025-11-13 01:44:48.172941
11840,396,686.35,2026-03-23 14:47:20.797892
11841,296,3813.73,2025-06-28 13:45:30.556835
11842,369,213.63,2026-04-22 00:35:35.106920
11843,543,488.09,2026-02-08 20:52:10.436013
11844,1000,1104.65,2025-11-28 01:10:27.312444
11845,415,3693.79,2025-11-19 22:50:06.577714
11846,200,588.34,2025-12-03 08:42:24.631775
11847,200,11711.78,2025-08-31 20:49:30.720768
11848,13,877.82,2025-12-29 02:48:54.660470
11849,483,976.98,2026-04-05 06:00:55.519510
11850,483,260.46,2025-09-03 08:48:55.077481
11851,200,2280.11,2025-11-30 16:58:02.039285
11852,643,558.01,2025-09-07 14:59:22.454771
11853,729,1982.39,2025-10-07 23:29:55.904266
11854,216,505.04,2025-11-20 02:51:57.789720
11855,308,981.63,2026-04-05 14:17:12.154608
11856,986,3885.24,2026-01-21 17:25:57.688863
11857,355,2685.75,2025-12-13 13:05:50.481000
11858,739,335.87,2026-04-21 10:26:51.523713
11859,415,1871.5,2025-06-27 07:57:09.181666
11860,761,1981.17,2026-04-15 12:12:54.786085
11861,743,189.87,2025-08-10 11:10:00.026403
11862,598,1253.99,2025-08-24 02:32:35.509835
11863,829,604.02,2025-12-09 22:59:38.615699
11864,945,1258.96,2026-02-04 17:12:47.442750
11865,513,3001.8,2025-06-04 02:03:53.494484
11866,200,344.57,2025-12-01 04:12:55.242580
11867,365,263.19,2025-10-15 20:55:40.009459
11868,733,627.55,2026-01-26 00:59:08.224369
11869,577,6084.62,2026-02-07 08:06:17.247625
11870,200,2755.26,2026-05-18 14:46:53.505201
11871,24,39.3,2025-11-30 20:36:23.722345
11872,618,1025.0,2025-12-15 04:09:05.336061
11873,203,595.19,2026-03-07 05:09:07.274383
11874,431,2033.02,2026-02-24 06:36:28.858035
11875,733,,2025-10-15 03:12:06.493373
11876,483,6676.36,2026-02-23 05:39:38.537194
11877,59,494.31,2026-04-10 14:22:09.275937
11878,200,1772.77,2026-04-29 10:00:49.791011
11879,200,2409.35,2025-05-31 21:04:14.534625
11880,212,3492.4,2025-11-29 20:12:28.757051
11881,483,1045.02,2025-07-17 09:50:04.872107
11882,441,2322.61,2025-06-22 16:01:33.744547
11883,200,722.52,2026-05-15 12:17:54.695119
11884,41,1143.55,2026-03-10 19:58:23.262887
11885,200,4519.57,2026-01-21 08:15:46.206911
11886,979,5987.77,2025-07-19 13:38:13.143912
11887,415,2537.5,2026-01-09 04:48:49.194453
11888,860,937.93,2026-05-24 06:10:22.157501
11889,829,3430.24,2026-04-12 04:28:58.400151
11890,450,52.42,2026-02-24 22:50:22.127541
11891,673,216.83,2026-04-14 09:30:57.436804
11892,200,2165.72,2026-05-27 22:44:42.963524
11893,627,688.5,2025-11-23 09:25:49.776156
11894,229,6047.7,2025-06-15 20:54:10.294245
11895,803,1145.62,2026-04-24 04:58:42.212761
11896,59,1122.01,2025-06-20 16:38:26.310786
11897,746,2266.9,2026-05-08 14:40:17.047466
11898,84,2918.32,2025-09-07 17:40:01.960913
11899,892,1290.84,2026-03-07 01:07:39.566607
11900,263,481.6,2026-03-27 09:33:23.039265
11901,577,2968.33,2026-01-12 02:44:18.340595
11902,415,772.36,2026-01-31 12:09:59.646457
11903,342,385.01,2026-02-04 13:05:46.954376
11904,577,1997.39,2025-08-04 20:36:49.776559
11905,963,189.62,2026-05-08 16:48:08.036123
11906,13,7105.39,2026-03-19 18:35:39.068882
11907,936,2001.5,2026-01-04 11:14:23.317654
11908,543,8522.53,2026-04-02 00:27:33.475077
11909,772,827.68,2026-03-16 01:02:31.150866
11910,365,7095.12,2025-09-29 00:23:27.977534
11911,415,314.62,2026-01-06 12:55:43.458115
11912,865,83.09,2025-07-14 00:34:27.227624
11913,376,67.08,2025-08-27 08:59:04.320150
11914,480,1250.49,2025-11-20 09:56:33.230671
11915,1,173.3,2026-05-07 23:26:59.059699
11916,193,1435.57,2026-05-16 04:24:43.723721
11917,577,,2025-08-04 01:20:49.924625
11918,701,817.83,2025-06-03 23:46:32.788553
11919,519,2019.06,2025-06-05 02:58:11.939301
11920,168,,2025-06-03 00:38:14.579090
11921,415,2909.6,2025-11-29 22:25:58.626687
11922,331,1744.7,2026-02-10 16:55:58.177099
11923,423,4928.91,2025-07-30 07:42:50.430651
11924,868,907.76,2025-06-14 15:36:34.738903
11925,749,8115.83,2026-02-06 02:58:36.570496
11926,60,1715.23,2026-05-28 23:46:41.977846
11927,903,7253.84,2025-06-17 16:43:23.340339
11928,415,54.87,2026-04-05 00:47:50.523687
11929,731,2603.73,2025-06-08 18:46:38.285708
11930,157,3392.41,2025-10-12 04:37:06.940566
11931,601,109.28,2025-07-14 04:13:41.283733
11932,200,1730.1,2025-11-19 00:34:03.525572
11933,401,3238.39,2025-10-27 17:22:36.014484
11934,1,1646.69,2025-06-03 10:46:53.422023
11935,184,131.88,2026-02-28 13:22:49.607966
11936,68,2364.73,2026-02-16 00:44:35.968729
11937,200,125.02,2026-01-11 10:05:37.553204
11938,84,3401.67,2025-11-22 16:58:07.146534
11939,635,87.98,2025-11-10 23:33:36.326159
11940,5,295.6,2025-10-14 18:47:33.236778
11941,555,643.46,2025-10-30 19:34:01.956274
11942,160,2006.78,2026-05-24 04:23:44.876018
11943,959,7489.55,2025-07-07 06:51:08.894207
11944,939,250.72,2026-02-14 09:35:33.825977
11945,200,307.95,2026-04-20 22:22:54.394046
11946,548,920.49,2025-09-23 07:03:03.661901
11947,5,3618.45,2026-02-28 18:05:09.290066
11948,939,1259.33,2026-02-28 16:52:50.080512
11949,458,776.07,2025-11-25 23:43:31.205953
11950,16,1647.44,2025-11-16 17:31:10.636839
11951,306,603.62,2026-03-01 11:48:38.437912
11952,56,1025.52,2025-06-07 23:33:42.950862
11953,365,808.75,2025-12-23 14:28:19.296197
11954,600,3260.72,2026-03-26 18:51:16.740691
11955,415,5160.78,2025-09-28 17:38:51.901226
11956,365,2850.67,2025-09-07 13:56:17.815045
11957,119,1156.37,2025-08-31 15:31:20.794644
11958,200,1403.71,2026-04-30 15:37:49.545521
11959,85,267.23,2026-04-30 13:23:40.719594
11960,773,2747.66,2025-09-15 20:35:25.827716
11961,143,1815.04,2025-08-27 09:09:54.462457
11962,536,4654.58,2026-04-09 19:49:38.018296
11963,306,447.82,2025-06-03 22:58:13.082339
11964,200,2851.95,2026-01-29 03:24:29.071192
11965,576,2308.28,2025-06-11 05:23:15.558117
11966,415,618.07,2025-09-06 14:46:02.232740
11967,365,2201.5,2025-06-13 09:54:27.464520
11968,533,5163.89,2025-06-06 14:39:10.723230
11969,415,5012.73,2025-06-06 23:58:58.993285
11970,262,2543.27,2025-11-11 15:31:05.816126
11971,483,98.53,2026-01-08 18:38:06.311937
11972,600,4115.58,2025-08-15 12:50:08.350272
11973,2,2144.59,2025-10-25 23:12:19.983525
11974,415,743.39,2026-05-03 04:02:32.390541
11975,33,414.66,2025-12-02 15:24:39.927495
11976,200,247.06,2025-10-10 06:58:49.435655
11977,483,103.09,2025-09-19 08:21:55.138656
11978,856,2805.69,2026-01-06 08:56:59.115678
11979,895,537.96,2025-08-10 22:12:32.757055
11980,45,49.1,2025-06-26 11:17:42.574301
11981,379,1012.57,2025-07-19 12:24:05.468964
11982,519,1317.91,2026-04-02 21:32:47.160925
11983,172,370.81,2026-02-22 00:29:41.532434
11984,740,90.1,2026-03-09 00:38:35.716095
11985,731,419.28,2026-05-26 14:30:53.935290
11986,914,2273.27,2025-08-01 19:47:03.274849
11987,1,171.65,2025-11-17 18:56:45.254068
11988,200,1619.53,2026-01-10 14:15:48.750055
11989,793,316.61,2026-04-28 23:01:52.542828
11990,601,435.54,2025-10-27 06:04:59.062431
11991,907,998.71,2026-04-23 18:05:10.399168
11992,33,212.56,2025-12-15 03:20:17.151731
11993,540,380.39,2026-01-12 00:20:04.211498
11994,488,858.35,2025-08-15 21:55:32.806212
11995,7,799.97,2026-02-25 00:25:47.838694
11996,455,2766.77,2025-11-07 00:50:47.503791
11997,543,,2025-07-31 18:30:59.483864
11998,200,3938.68,2026-04-03 09:35:25.248443
11999,229,3388.16,2025-09-08 00:14:50.548579
12000,577,2904.8,2026-04-24 10:55:12.954250
12001,415,740.31,2025-10-28 12:29:04.600743
12002,832,3461.88,2025-11-07 17:32:17.674587
12003,306,403.75,2025-06-12 15:42:42.840636
12004,229,265.71,2025-09-19 13:51:04.627602
12005,981,92.0,2025-07-30 13:50:10.955773
12006,928,5603.96,2025-10-08 06:13:28.308611
12007,5,,2025-11-03 21:55:42.496552
12008,744,4992.77,2025-07-13 18:07:20.684814
12009,103,636.59,2026-01-29 17:10:40.802851
12010,4,4762.52,2025-08-11 10:41:22.217226
12011,229,4685.34,2026-04-13 09:38:44.515720
12012,229,5145.54,2026-05-23 08:26:53.885887
12013,792,1370.97,2025-08-06 15:58:42.412695
12014,686,4019.03,2025-07-01 15:54:55.398029
12015,977,6022.34,2025-08-30 09:10:34.756582
12016,688,784.95,2025-10-29 03:22:52.632355
12017,379,1085.58,2025-06-05 19:59:38.779751
12018,655,2540.51,2026-02-26 17:06:48.790999
12019,999,714.38,2025-06-12 20:23:52.564216
12020,685,2803.3,2025-07-08 20:57:22.117482
12021,740,153.53,2025-12-09 01:49:53.026031
12022,944,1482.57,2025-06-05 00:37:42.496808
12023,105,260.93,2025-10-26 07:28:22.815107
12024,668,694.36,2026-02-01 06:07:48.240934
12025,829,598.5,2025-11-28 03:56:54.006451
12026,963,3651.86,2025-11-27 21:57:42.144138
12027,200,430.15,2026-01-24 06:24:45.884928
12028,441,,2026-04-30 12:55:39.720504
12029,617,3159.37,2025-07-17 11:05:40.960125
12030,200,1381.83,2025-12-08 06:04:28.356289
12031,543,532.74,2025-08-13 06:17:27.725587
12032,211,514.68,2025-07-29 00:15:22.186002
12033,296,1250.7,2025-10-31 23:39:25.170429
12034,409,17.7,2025-11-11 07:20:00.961202
12035,474,1515.8,2026-03-10 04:39:24.930548
12036,415,6105.86,2026-05-22 17:40:29.358752
12037,415,336.14,2025-08-24 10:35:36.582489
12038,249,1703.56,2025-10-31 01:44:21.657276
12039,194,6528.72,2025-09-03 15:19:32.959661
12040,20,3939.7,2025-09-09 23:40:53.363510
12041,200,3799.31,2026-03-27 23:39:33.837325
12042,519,3450.26,2026-02-15 11:01:27.319898
12043,760,739.3,2025-10-25 15:09:32.645570
12044,200,4425.8,2026-02-06 04:18:28.691518
12045,101,5672.01,2026-01-25 07:12:51.095927
12046,733,1369.53,2025-10-21 10:23:02.882878
12047,266,875.68,2025-08-04 20:34:46.851435
12048,963,1069.65,2026-04-02 16:03:39.285726
12049,693,813.55,2025-08-06 18:23:38.048150
12050,293,477.58,2025-10-11 02:37:44.271150
12051,240,1927.02,2025-11-21 13:25:30.773802
12052,460,1653.8,2026-04-17 01:56:17.324221
12053,56,1241.97,2026-01-01 23:37:07.907632
12054,117,201.51,2026-03-25 06:47:13.642562
12055,200,3188.04,2025-12-27 12:57:45.728016
12056,746,384.58,2026-02-01 07:53:28.101024
12057,455,243.35,2025-10-16 06:25:06.519728
12058,1,1951.4,2025-11-16 16:05:03.268630
12059,605,1017.14,2025-11-24 04:22:38.241037
12060,383,123.34,2025-08-02 12:22:16.415165
12061,448,878.77,2026-05-18 04:37:49.703486
12062,200,2954.89,2025-07-24 05:23:30.857988
12063,483,1910.32,2025-11-01 01:36:56.637844
12064,977,901.3,2025-10-16 09:38:21.349576
12065,48,425.9,2026-04-02 09:32:33.305911
12066,233,1998.23,2026-05-17 18:24:13.800548
12067,200,4370.59,2026-02-03 03:40:23.425540
12068,200,2078.46,2026-03-20 10:25:30.218027
12069,364,3352.27,2026-05-14 16:34:30.617807
12070,792,,2026-04-03 04:03:16.647094
12071,929,2531.49,2025-11-11 23:07:59.267934
12072,200,4531.09,2025-09-28 05:18:52.279550
12073,483,,2025-08-03 22:18:46.025546
12074,574,4812.65,2025-12-14 09:27:45.342244
12075,457,,2026-05-09 04:46:21.859940
12076,396,4691.41,2025-09-18 00:34:50.713794
12077,200,1943.43,2025-12-08 14:48:07.605603
12078,415,4081.19,2026-02-07 17:27:00.868760
12079,365,80.35,2025-07-18 20:47:18.982782
12080,761,2145.03,2025-07-19 16:15:26.881247
12081,740,3767.42,2025-07-27 20:30:28.712119
12082,141,382.81,2025-07-09 14:24:25.637756
12083,68,2168.16,2025-08-30 05:37:44.193680
12084,921,3485.42,2025-09-05 13:30:45.110709
12085,481,679.21,2025-10-11 02:22:30.649956
12086,832,1039.22,2026-01-24 23:55:45.473679
12087,33,1685.7,2025-12-21 07:01:32.641833
12088,468,1464.47,2025-10-28 16:51:57.878808
12089,483,79.96,2026-03-06 02:20:07.268134
12090,842,207.77,2025-10-27 05:35:07.536461
12091,81,211.76,2026-04-24 05:02:18.925075
12092,200,608.35,2026-04-20 07:56:26.930446
12093,365,564.37,2025-09-13 20:11:17.562186
12094,856,2711.32,2026-04-23 15:09:12.955893
12095,944,1700.75,2026-05-20 06:04:03.905701
12096,986,2887.64,2026-03-28 01:17:22.633178
12097,964,144.92,2025-12-31 23:30:19.832131
12098,1,1328.01,2026-03-10 17:37:37.374854
12099,21,782.46,2025-08-03 22:44:42.255444
12100,174,3793.43,2026-03-25 01:23:31.057487
12101,321,2460.56,2026-01-03 15:50:22.308599
12102,798,4069.07,2025-12-12 06:20:49.186371
12103,905,95.08,2025-10-14 22:48:42.942246
12104,200,2551.82,2026-03-26 19:33:35.890098
12105,559,1553.09,2026-03-30 07:57:06.563069
12106,936,3485.94,2026-03-13 14:34:06.054976
12107,415,1415.14,2025-08-09 04:17:35.370958
12108,94,,2025-08-07 04:53:31.689946
12109,415,106.31,2026-05-08 04:54:18.596006
12110,357,2208.39,2026-01-31 10:46:56.853441
12111,507,638.04,2025-12-05 07:28:09.638834
12112,402,39.78,2025-11-27 12:18:46.503929
12113,1,137.49,2026-04-12 14:47:09.787267
12114,986,6306.44,2026-03-25 23:29:40.623186
12115,483,849.53,2025-08-29 06:07:48.605350
12116,415,4051.05,2025-06-27 14:34:12.221053
12117,963,6421.68,2025-07-24 14:28:57.858836
12118,191,5738.81,2025-07-16 20:00:22.495713
12119,200,,2026-03-06 10:42:29.396192
12120,774,4504.62,2025-10-25 02:12:30.934857
12121,222,682.19,2026-03-19 14:08:04.142748
12122,767,328.5,2025-09-12 15:19:47.836342
12123,229,2039.21,2026-05-17 11:15:56.860826
12124,5,1339.27,2025-06-02 23:01:05.489814
12125,457,207.94,2025-12-20 10:00:55.080601
12126,200,2263.56,2026-05-16 21:07:15.969323
12127,733,1655.0,2025-08-02 10:19:00.113372
12128,577,3976.53,2025-11-29 23:23:22.695553
12129,936,1879.04,2025-08-20 12:40:06.477979
12130,752,1706.38,2026-04-25 01:56:15.435208
12131,200,1162.32,2025-07-30 04:58:02.416660
12132,767,1242.72,2025-06-14 09:27:13.220978
12133,577,6174.87,2025-06-08 04:13:55.315709
12134,599,298.04,2025-06-23 01:52:30.811216
12135,803,1181.97,2025-12-02 12:40:24.944955
12136,502,2133.22,2025-10-27 21:35:31.802702
12137,415,1134.83,2025-10-22 06:05:48.577766
12138,573,665.96,2026-02-28 19:36:15.641420
12139,247,677.55,2025-09-18 04:22:19.275814
12140,200,532.25,2025-07-05 11:07:49.858198
12141,552,842.89,2026-04-14 19:01:11.465441
12142,200,4106.37,2025-08-25 08:13:10.944996
12143,56,1407.3,2025-08-09 08:00:22.343483
12144,1,549.5,2026-02-08 21:19:45.603602
12145,543,970.73,2025-07-21 11:51:04.675417
12146,333,223.72,2025-12-02 05:41:24.083889
12147,733,4687.56,2025-09-20 11:22:24.124279
12148,357,1049.17,2025-06-19 19:35:11.446433
12149,415,7863.55,2026-05-15 12:31:27.066068
12150,365,854.01,2026-03-02 22:00:55.497367
12151,577,3620.12,2025-06-25 08:53:45.966539
12152,332,592.46,2026-01-23 00:29:11.920597
12153,965,158.42,2026-02-17 12:21:10.311661
12154,942,64.5,2026-03-23 18:35:31.949624
12155,829,1863.66,2026-01-03 19:47:08.643269
12156,936,746.69,2026-04-14 22:22:09.458010
12157,415,1172.25,2025-08-31 19:02:15.372445
12158,483,3414.62,2026-03-10 08:38:15.629481
12159,729,570.33,2025-10-01 08:42:41.550101
12160,645,738.23,2025-11-15 23:47:50.517101
12161,903,3733.0,2025-08-23 11:54:52.631455
12162,700,1357.55,2026-02-13 10:50:42.092664
12163,993,3516.63,2025-09-06 14:43:50.082883
12164,319,938.33,2025-11-22 00:29:43.458804
12165,806,1016.23,2025-06-22 04:52:42.251126
12166,651,365.78,2026-02-15 06:19:34.305732
12167,634,4962.13,2026-04-05 23:13:45.603337
12168,293,4541.86,2026-03-30 21:23:09.971735
12169,760,8297.65,2025-06-15 13:30:02.004006
12170,914,1029.83,2026-02-22 08:37:38.303127
12171,200,3414.27,2025-09-04 23:09:33.985821
12172,567,1072.13,2025-12-25 21:33:22.289410
12173,365,1211.37,2025-08-05 23:47:57.230771
12174,986,3543.91,2025-07-26 21:03:12.878314
12175,415,390.49,2025-10-04 23:59:38.598030
12176,200,497.72,2025-12-11 21:04:20.516252
12177,365,755.88,2026-03-28 23:39:41.577652
12178,577,3104.03,2025-11-23 06:26:12.109191
12179,56,932.51,2026-05-17 04:40:50.325382
12180,543,886.86,2025-08-24 20:31:26.721298
12181,939,13478.3,2025-07-23 13:11:50.936774
12182,829,968.39,2025-06-25 07:21:34.746874
12183,41,569.43,2026-02-13 07:17:58.354120
12184,986,1952.15,2026-05-26 04:17:58.527456
12185,654,3237.76,2025-10-29 05:38:59.506572
12186,200,144.3,2025-09-06 20:24:44.204599
12187,1,1929.35,2026-04-18 11:29:18.460516
12188,200,72.78,2026-02-17 02:13:49.284610
12189,811,1494.5,2025-10-05 09:57:53.594447
12190,1,594.1,2025-10-26 16:47:33.630802
12191,200,732.42,2025-10-13 17:33:51.514900
12192,733,1258.83,2025-06-20 08:05:18.994282
12193,521,5237.54,2025-06-10 03:46:45.889427
12194,752,2480.36,2025-08-24 23:03:59.245755
12195,733,5524.35,2025-07-24 06:43:41.581359
12196,24,2157.45,2026-01-31 12:31:23.487973
12197,905,14.27,2025-10-24 00:55:47.501592
12198,200,617.36,2025-09-09 00:31:33.232705
12199,483,4724.09,2026-03-28 07:11:45.855133
12200,577,2062.54,2025-11-25 02:11:13.125687
12201,200,7995.95,2025-09-14 10:31:01.928176
12202,975,339.12,2025-08-09 09:43:11.411489
12203,415,704.08,2026-03-28 02:24:30.682934
12204,33,899.99,2026-01-24 11:28:05.982447
12205,944,790.71,2025-09-23 14:28:50.957665
12206,521,580.68,2025-12-22 15:18:25.813155
12207,656,1172.05,2026-04-15 22:29:47.363739
12208,463,2056.11,2025-09-01 05:52:58.491771
12209,808,745.77,2025-08-04 01:54:17.302551
12210,5,166.11,2025-08-08 21:08:22.427953
12211,229,2465.65,2026-05-22 19:11:18.941099
12212,415,1228.73,2026-02-10 19:20:36.610137
12213,56,1626.04,2026-02-04 19:53:33.922428
12214,670,1215.41,2026-05-22 01:28:38.003845
12215,365,,2026-01-30 00:39:52.711444
12216,229,1636.26,2025-09-10 15:14:25.457575
12217,1,5135.1,2025-10-07 23:51:48.156887
12218,705,1429.05,2025-10-17 20:52:16.813191
12219,807,692.28,2025-12-20 09:26:16.260244
12220,365,878.38,2025-08-24 19:56:49.678863
12221,483,1476.83,2025-09-10 19:07:50.525497
12222,200,1510.0,2025-11-27 20:58:13.554454
12223,563,2325.26,2026-05-14 05:45:58.867811
12224,1,508.48,2025-06-07 12:57:28.058259
12225,415,2150.82,2025-08-19 20:20:51.878713
12226,577,3015.46,2026-03-15 22:35:07.448096
12227,936,2257.68,2026-02-09 20:09:41.306703
12228,365,,2026-04-11 08:23:11.133754
12229,740,9578.34,2025-10-17 06:49:34.977405
12230,540,1037.76,2025-12-24 15:19:56.725188
12231,939,225.42,2026-04-17 02:46:59.682582
12232,365,3446.38,2026-01-22 03:58:17.327492
12233,288,477.03,2025-08-31 02:28:01.480213
12234,901,2498.54,2025-11-16 20:17:44.506387
12235,23,394.41,2025-11-28 15:19:45.328548
12236,147,34.04,2025-10-29 17:16:06.436769
12237,57,348.23,2025-06-21 04:13:55.345932
12238,824,946.38,2026-03-21 05:39:48.210095
12239,1,225.48,2026-02-20 00:35:54.134129
12240,846,440.49,2025-10-02 01:35:44.198261
12241,415,2893.16,2025-10-30 20:38:43.015927
12242,1,2938.34,2025-12-10 15:26:31.781511
12243,365,3401.88,2025-12-07 14:00:04.015270
12244,200,3679.66,2026-04-21 00:31:45.473056
12245,566,1090.96,2025-09-03 05:18:07.124368
12246,615,4043.1,2026-05-26 03:17:38.701954
12247,415,1492.83,2026-02-11 12:19:17.418992
12248,12,1272.01,2026-04-24 19:49:56.405615
12249,580,2535.5,2025-06-24 10:18:52.939420
12250,819,481.13,2025-12-12 21:08:53.335949
12251,705,3116.51,2026-03-25 15:07:57.437567
12252,798,1122.36,2025-10-07 13:39:22.485067
12253,200,272.32,2026-04-15 15:16:02.803628
12254,901,254.1,2025-09-10 22:53:46.851750
12255,291,360.42,2026-03-30 13:24:39.222857
12256,1,4424.99,2025-12-21 12:48:33.411027
12257,824,9407.29,2026-02-19 20:48:42.975302
12258,951,883.14,2025-08-13 02:22:18.346321
12259,577,691.03,2025-08-17 22:04:53.012502
12260,200,493.77,2026-01-14 17:56:10.198452
12261,205,3472.46,2025-08-02 04:12:37.485184
12262,415,,2026-05-24 06:13:33.541769
12263,914,5156.42,2025-07-27 13:37:56.409487
12264,181,2201.33,2025-08-11 15:18:02.075652
12265,793,4548.54,2026-05-16 05:11:10.911468
12266,242,1614.92,2026-01-28 11:07:49.675009
12267,775,2346.76,2025-07-18 22:20:40.890742
12268,936,1932.32,2026-04-19 20:24:50.151482
12269,389,3558.03,2025-10-09 06:22:04.470752
12270,339,3614.08,2026-02-06 21:17:13.983741
12271,768,1782.19,2025-11-07 04:59:03.647173
12272,474,2002.11,2025-06-01 21:46:17.145547
12273,618,5098.91,2025-12-18 18:35:02.724036
12274,563,5314.71,2026-04-21 05:39:57.395020
12275,186,2182.78,2026-05-08 02:30:01.480793
12276,828,15.57,2025-11-23 15:47:22.853737
12277,200,220.55,2026-03-12 08:46:59.439644
12278,939,3903.05,2025-10-07 02:20:32.611785
12279,203,177.04,2025-10-05 21:25:41.618236
12280,711,480.37,2025-12-11 14:19:01.004869
12281,235,524.15,2025-06-03 14:57:12.178876
12282,287,,2025-09-04 16:11:35.494575
12283,271,1719.03,2025-12-20 12:59:07.563810
12284,733,683.34,2025-12-16 02:34:46.412048
12285,483,465.41,2025-06-08 00:57:20.071925
12286,895,2892.36,2025-08-24 04:02:18.785887
12287,267,5480.82,2025-11-29 15:41:22.234676
12288,635,108.5,2025-11-16 17:38:19.085819
12289,733,285.85,2025-11-11 19:49:53.954604
12290,183,2055.36,2026-03-16 19:34:26.038265
12291,365,3263.79,2026-01-05 09:30:29.871906
12292,415,3132.65,2025-09-21 16:48:27.377538
12293,331,2543.67,2025-11-17 03:19:16.567843
12294,291,4368.32,2025-12-16 05:43:00.158116
12295,621,490.14,2026-04-10 21:31:28.071461
12296,200,226.99,2026-05-28 00:54:19.001543
12297,684,1910.91,2026-01-22 10:38:37.648158
12298,941,3455.05,2025-07-31 18:11:08.613594
12299,483,1744.76,2026-04-25 06:46:11.995752
12300,543,6593.54,2026-05-21 12:01:57.707253
12301,42,3175.01,2025-11-14 08:55:43.458167
12302,851,2413.23,2026-04-25 15:21:29.540964
12303,238,124.3,2026-04-20 00:25:16.314519
12304,550,228.0,2026-02-06 21:55:11.520329
12305,977,3072.72,2025-09-08 23:32:58.861068
12306,537,441.89,2025-07-25 04:48:40.409277
12307,705,58.52,2026-04-03 02:11:58.298631
12308,415,,2026-01-18 21:34:53.057315
12309,33,4429.25,2025-12-30 23:53:47.453996
12310,766,493.04,2026-01-29 08:42:57.966063
12311,7,3030.13,2026-03-29 05:28:02.589926
12312,660,98.34,2025-06-08 05:43:15.722564
12313,1,671.11,2025-08-26 11:10:26.883683
12314,846,1954.56,2026-04-23 05:18:42.948676
12315,191,2880.9,2026-05-23 08:26:39.603013
12316,456,20.91,2025-11-15 12:06:59.939346
12317,540,789.67,2025-10-08 04:39:12.798763
12318,415,482.48,2026-04-25 11:16:37.072223
12319,301,13418.47,2025-11-03 04:04:52.209131
12320,415,2223.29,2025-06-17 07:59:06.982100
12321,273,1040.65,2026-02-26 06:35:01.466877
12322,401,157.33,2025-10-23 06:47:46.977513
12323,332,1825.94,2025-10-03 03:25:17.347171
12324,483,2052.78,2025-12-26 15:28:06.527315
12325,200,3390.06,2025-05-31 12:00:12.470914
12326,985,680.98,2026-02-14 06:32:57.288412
12327,434,7972.21,2026-03-09 23:22:50.842494
12328,200,1157.73,2025-07-30 15:39:59.735643
12329,415,701.79,2026-02-17 15:15:35.172800
12330,856,,2025-11-04 10:25:32.028740
12331,1,1466.21,2025-12-29 09:10:00.971856
12332,616,5519.79,2025-12-14 17:56:00.577738
12333,483,2657.25,2025-07-04 09:39:18.568223
12334,200,1721.28,2025-06-26 20:47:39.719088
12335,791,355.41,2025-10-10 18:27:28.512331
12336,347,323.52,2026-04-23 02:53:57.035065
12337,244,1395.1,2026-01-06 18:29:02.964615
12338,794,2609.12,2025-06-04 21:10:52.035714
12339,576,2780.7,2025-10-02 09:58:16.748174
12340,914,512.15,2025-06-11 23:10:02.520325
12341,570,210.94,2025-08-03 06:32:20.236850
12342,728,970.51,2025-09-04 13:19:37.541449
12343,809,5006.28,2025-06-07 17:43:20.865436
12344,27,1576.53,2025-12-23 18:59:14.409133
12345,750,771.62,2025-11-11 00:11:42.171485
12346,546,782.05,2026-01-25 09:49:59.749437
12347,44,283.33,2026-02-16 18:07:56.795256
12348,444,1281.96,2026-03-08 07:47:16.497139
12349,57,3134.32,2026-03-27 18:20:58.922542
12350,716,6919.27,2025-07-29 00:45:27.077045
12351,483,1392.68,2025-07-26 18:23:24.562373
12352,963,365.96,2025-08-23 01:21:18.943759
12353,200,2297.39,2025-11-06 09:18:33.414005
12354,543,2827.67,2025-07-26 11:15:01.197909
12355,200,148.8,2026-04-22 02:58:02.539066
12356,547,3796.1,2025-06-23 07:28:26.702706
12357,705,3535.96,2025-12-13 13:45:13.337277
12358,705,1279.37,2025-08-26 22:32:34.880418
12359,789,1643.88,2025-10-13 23:04:47.669268
12360,829,2499.39,2025-09-02 01:26:59.898417
12361,56,2258.65,2025-11-24 12:04:19.583774
12362,307,33.35,2026-03-31 02:27:41.014133
12363,623,261.21,2026-01-06 04:16:16.043321
12364,427,,2025-09-23 16:05:33.721033
12365,200,2818.52,2026-02-07 14:55:00.591807
12366,483,1159.94,2025-10-20 06:02:58.187338
12367,365,1577.13,2026-05-06 23:16:11.945950
12368,365,2962.86,2025-06-11 23:36:25.655669
12369,776,834.01,2026-04-17 06:52:24.527749
12370,365,,2026-05-08 03:07:53.788245
12371,2,1167.87,2026-02-21 00:14:58.313148
12372,33,947.0,2026-05-11 12:24:01.645897
12373,830,810.04,2025-06-22 18:52:29.555217
12374,965,6701.66,2026-02-11 09:22:30.381996
12375,627,2956.59,2026-04-07 17:00:24.435298
12376,337,40.81,2025-07-18 13:14:18.266038
12377,944,6312.53,2026-02-27 10:25:06.609364
12378,590,2987.22,2025-12-10 21:55:53.460276
12379,826,323.1,2025-06-30 11:10:44.943692
12380,740,158.82,2025-12-24 10:43:17.814777
12381,365,736.9,2025-10-13 04:54:50.343157
12382,415,1957.3,2026-04-08 18:06:28.743861
12383,200,1917.07,2026-01-26 23:25:50.936327
12384,243,645.51,2026-01-16 21:04:05.942016
12385,751,1180.01,2025-10-02 06:28:05.249701
12386,905,476.24,2026-02-07 04:55:55.725489
12387,705,103.81,2026-02-08 09:03:19.278255
12388,415,1455.35,2025-07-28 09:49:30.774785
12389,62,852.33,2026-02-03 04:35:52.069418
12390,33,1565.63,2026-05-04 07:43:10.344032
12391,355,5856.42,2025-07-07 14:21:32.464466
12392,415,309.5,2026-04-07 06:57:05.259736
12393,543,3.93,2026-04-07 14:25:19.187803
12394,1,159.99,2026-03-29 00:58:10.635084
12395,986,1242.43,2025-12-13 00:35:24.981552
12396,336,2454.7,2025-11-03 16:36:55.853077
12397,829,1738.64,2025-08-20 11:24:17.934734
12398,480,1365.98,2026-04-30 11:14:14.742718
12399,136,873.8,2025-12-02 10:35:46.361955
12400,765,742.05,2025-12-20 08:05:52.725518
12401,684,944.13,2025-11-01 20:06:49.078966
12402,470,,2025-09-28 06:02:27.609378
12403,457,367.25,2025-12-08 12:13:01.617540
12404,66,2951.23,2025-12-27 23:38:14.241947
12405,578,1712.52,2025-10-18 10:55:31.618637
12406,928,627.11,2025-11-09 00:18:34.752468
12407,70,1390.91,2026-05-21 22:54:11.987670
12408,229,6581.75,2026-03-26 09:46:53.025393
12409,914,41.41,2025-08-23 14:47:05.857210
12410,234,445.09,2026-01-18 20:02:34.918629
12411,577,1189.79,2026-05-12 08:00:42.549232
12412,480,2034.65,2025-11-20 16:19:35.036546
12413,540,477.09,2025-12-19 05:51:47.261617
12414,377,5359.04,2026-04-05 07:58:16.241719
12415,253,2057.64,2026-03-20 09:52:15.287955
12416,21,4198.18,2025-11-13 10:55:30.494919
12417,731,798.92,2025-09-03 08:47:55.165928
12418,733,3531.64,2025-08-25 13:34:11.726617
12419,601,950.34,2025-06-30 20:47:57.457924
12420,577,582.72,2025-08-07 07:46:08.108537
12421,200,4853.02,2026-04-08 01:34:36.794438
12422,1,193.5,2026-05-03 05:13:45.217211
12423,775,5725.51,2025-10-22 20:09:16.620636
12424,415,1226.88,2025-12-01 14:09:21.976084
12425,267,9819.45,2025-09-01 02:25:54.045548
12426,92,1551.3,2026-04-29 11:34:11.453959
12427,36,2833.41,2025-06-22 17:51:08.261170
12428,321,14.19,2025-07-25 23:19:18.721555
12429,770,1373.01,2025-06-02 11:22:12.118121
12430,936,2674.65,2026-02-21 01:20:22.806045
12431,913,3054.12,2025-07-02 14:53:07.026395
12432,936,344.07,2026-04-28 14:48:59.597859
12433,920,1085.91,2025-09-28 15:56:09.680274
12434,470,1086.26,2026-05-13 10:41:33.868623
12435,200,218.83,2025-12-07 00:44:36.465031
12436,767,1170.54,2025-07-06 13:14:41.666742
12437,200,3291.09,2025-07-13 06:23:03.345070
12438,229,713.87,2025-12-21 01:51:48.920155
12439,200,1133.29,2026-04-13 00:36:26.961433
12440,457,6486.27,2025-06-07 09:22:39.706173
12441,291,64.44,2026-05-08 11:40:58.417349
12442,191,1790.63,2026-05-25 20:08:20.845762
12443,415,2720.75,2026-02-13 14:14:56.788904
12444,878,2861.6,2026-01-02 12:42:00.748194
12445,491,2517.13,2026-03-19 17:44:18.415303
12446,886,2592.55,2025-10-21 17:59:26.582296
12447,200,121.65,2025-06-14 04:43:50.277401
12448,200,1527.73,2025-08-17 07:42:29.480325
12449,504,3055.43,2026-05-22 18:09:49.360807
12450,415,197.58,2026-01-23 06:47:54.234897
12451,587,24.25,2026-02-08 00:30:04.315213
12452,761,3370.07,2025-10-12 06:54:24.085439
12453,733,2491.64,2025-09-05 14:37:16.064814
12454,953,1062.76,2026-02-24 21:24:39.403695
12455,365,5640.08,2026-02-17 19:09:52.446355
12456,200,2909.99,2025-11-14 23:00:40.431381
12457,483,6875.37,2026-03-21 03:24:23.543977
12458,104,5299.05,2025-12-04 11:58:30.573931
12459,240,1312.83,2025-07-07 12:30:28.019192
12460,200,2810.62,2026-04-18 19:33:12.410374
12461,365,2212.43,2025-06-28 18:37:36.154257
12462,105,3336.73,2025-07-22 07:18:17.252024
12463,5,3099.4,2025-06-14 22:10:50.276565
12464,581,332.66,2025-09-05 13:45:26.097267
12465,543,532.46,2026-03-04 11:58:08.850062
12466,680,617.76,2026-01-17 18:10:42.203349
12467,587,3412.98,2026-03-03 07:38:18.805329
12468,107,3329.29,2025-12-21 12:05:53.694732
12469,242,1367.72,2026-03-10 23:05:44.226497
12470,135,1738.97,2025-08-22 20:58:23.118920
12471,823,3508.03,2026-05-18 19:29:21.284821
12472,733,749.66,2025-11-09 22:34:05.548666
12473,200,102.96,2025-12-17 19:51:20.954781
12474,304,1317.86,2026-02-18 21:08:14.496947
12475,965,4900.25,2025-06-21 03:05:55.268310
12476,535,3125.76,2026-04-16 10:28:53.741294
12477,767,913.36,2025-12-03 06:29:07.329886
12478,229,133.93,2026-02-19 18:10:42.882762
12479,200,2026.26,2025-06-20 20:49:39.753991
12480,754,3597.46,2026-04-23 21:10:21.281493
12481,619,2186.94,2026-04-04 12:31:15.109466
12482,617,1107.03,2026-04-29 02:02:10.560861
12483,483,263.3,2026-02-17 22:11:54.932212
12484,483,4833.17,2025-09-21 05:39:44.056246
12485,716,645.81,2025-06-05 12:05:30.103044
12486,229,507.95,2026-02-10 19:27:59.140682
12487,328,3385.39,2026-04-17 09:20:37.802233
12488,871,7949.92,2026-05-22 05:39:19.803356
12489,271,2158.56,2025-08-20 16:05:20.857258
12490,483,1960.65,2025-08-09 09:04:47.642172
12491,661,769.65,2025-08-04 07:20:52.803256
12492,1000,41.25,2026-05-28 17:13:17.188042
12493,397,425.89,2026-01-26 02:26:40.698319
12494,389,1756.21,2025-09-06 11:55:41.105705
12495,821,328.14,2026-04-14 22:41:32.449155
12496,772,4305.5,2026-02-01 12:21:05.641578
12497,711,416.87,2026-04-23 00:25:08.676342
12498,415,1476.73,2025-09-15 18:32:51.627958
12499,291,1434.93,2026-05-14 20:32:31.587727
12500,543,,2025-08-18 09:41:31.840358
12501,886,793.31,2025-10-05 11:24:09.247294
12502,899,4135.57,2025-10-22 11:04:12.404120
12503,100,1175.06,2025-07-05 14:46:16.247592
12504,390,2408.97,2026-01-08 07:31:23.571317
12505,415,2020.71,2026-01-11 05:56:03.150674
12506,977,249.21,2025-12-06 22:34:26.470587
12507,613,1949.11,2026-03-31 05:37:16.029316
12508,365,1600.14,2025-07-09 23:16:31.608171
12509,2,4577.44,2025-10-28 04:22:09.123374
12510,483,4255.19,2026-05-25 23:01:10.119489
12511,78,327.29,2026-05-05 04:46:08.693623
12512,807,170.43,2025-06-12 02:02:01.677294
12513,733,697.96,2025-09-14 20:22:35.053634
12514,415,8626.92,2025-08-29 04:28:09.872410
12515,393,43.62,2026-04-07 03:37:19.265015
12516,914,2234.93,2025-11-16 08:59:32.933435
12517,240,1875.61,2026-01-28 13:18:34.334576
12518,200,2080.19,2026-05-17 14:05:55.621822
12519,945,492.53,2025-09-29 06:04:49.863934
12520,776,514.22,2025-10-14 09:14:43.285742
12521,792,1126.49,2025-08-03 06:38:06.885676
12522,200,201.54,2026-01-01 16:38:46.634656
12523,168,155.09,2025-08-02 04:46:15.649726
12524,2,185.02,2025-09-04 06:29:40.685414
12525,200,1701.84,2026-01-29 17:31:22.420811
12526,746,1014.14,2025-11-30 16:28:51.834897
12527,200,695.19,2026-02-08 10:21:08.060466
12528,711,759.07,2026-03-01 02:01:33.173839
12529,206,464.58,2026-04-14 23:41:31.097815
12530,365,1060.37,2025-09-24 17:41:57.862920
12531,977,,2026-04-27 05:54:10.689315
12532,200,2394.96,2025-08-16 05:44:15.029291
12533,357,264.62,2025-09-13 00:52:29.571239
12534,255,5922.36,2025-09-19 11:31:27.016006
12535,101,188.22,2025-11-24 07:45:55.187917
12536,415,5745.64,2026-01-18 01:11:59.251454
12537,364,3583.06,2025-12-15 12:25:57.024035
12538,642,2283.32,2025-07-12 01:15:59.736109
12539,791,4867.7,2026-02-15 20:10:58.963571
12540,483,299.83,2026-05-29 05:43:24.276648
12541,5,387.93,2025-08-31 09:13:40.862305
12542,558,581.11,2025-09-08 16:14:20.197377
12543,29,561.58,2025-11-27 13:13:14.328039
12544,552,744.59,2025-09-05 20:57:12.647595
12545,619,1714.3,2025-06-07 10:47:38.711091
12546,200,57.15,2025-06-05 07:26:57.850931
12547,792,963.42,2026-02-20 01:49:29.695786
12548,928,565.75,2025-09-22 09:18:31.307036
12549,783,1866.01,2025-08-07 11:54:01.684864
12550,266,8422.12,2026-03-09 08:50:07.777347
12551,521,1458.19,2025-07-16 04:18:26.210296
12552,933,1109.16,2026-03-01 01:41:31.210994
12553,290,918.5,2025-12-13 21:57:07.802212
12554,792,3073.76,2025-09-15 22:40:56.716124
12555,1,149.41,2025-10-22 17:29:02.346030
12556,1,6426.31,2026-02-12 12:08:44.993327
12557,738,1082.29,2025-06-15 07:15:08.699930
12558,740,752.88,2026-01-01 18:29:29.061205
12559,760,7304.56,2026-02-18 19:14:05.049023
12560,939,5493.96,2025-09-12 12:13:55.561148
12561,117,2054.08,2026-05-10 14:49:51.674842
12562,200,37.36,2025-06-06 12:11:31.022221
12563,914,2760.9,2026-02-17 01:49:26.184500
12564,200,817.61,2025-09-19 08:20:58.163049
12565,617,982.96,2026-05-18 12:57:10.195442
12566,474,345.71,2025-11-30 20:37:04.632976
12567,59,1482.4,2026-05-24 10:02:48.871825
12568,238,2729.48,2026-05-20 16:27:05.330407
12569,457,637.69,2025-07-11 16:26:43.421775
12570,829,5585.02,2025-11-19 10:34:27.752545
12571,676,433.17,2026-02-18 11:34:34.092016
12572,563,137.12,2025-08-17 07:38:45.589979
12573,423,2067.69,2025-06-29 02:05:15.796482
12574,250,3785.18,2025-10-22 22:41:34.179071
12575,119,6120.88,2025-11-24 05:07:57.927053
12576,368,2914.9,2025-07-17 11:47:58.765968
12577,5,445.41,2025-12-01 11:47:52.597819
12578,200,7602.86,2026-04-26 05:26:37.710518
12579,396,5037.4,2026-05-03 23:24:53.074323
12580,379,356.26,2026-03-27 07:13:28.415180
12581,17,1636.45,2025-06-25 12:16:28.711456
12582,523,1621.69,2025-07-27 18:15:27.619502
12583,483,1168.71,2025-11-18 01:01:17.872803
12584,56,8305.81,2025-10-04 13:10:47.221012
12585,954,122.95,2025-12-22 23:02:12.611202
12586,83,1973.47,2026-05-16 18:09:10.120990
12587,829,459.59,2025-12-04 14:51:23.806482
12588,1,1498.72,2026-03-12 01:13:49.921895
12589,893,3025.9,2026-01-29 08:37:36.300107
12590,1,566.65,2026-04-29 07:00:43.446044
12591,733,999.64,2025-11-09 06:30:59.265122
12592,333,6022.43,2025-10-16 11:32:58.137146
12593,722,2866.61,2025-09-20 03:42:14.136182
12594,365,1700.65,2026-04-15 01:24:53.304593
12595,47,502.05,2026-03-13 00:36:15.686932
12596,743,1107.83,2025-06-24 19:12:04.260288
12597,47,2974.98,2025-09-19 12:39:46.674250
12598,936,3435.64,2025-08-30 13:12:25.714324
12599,24,561.03,2026-01-12 11:41:16.898516
12600,415,2169.78,2026-01-27 20:34:48.264224
12601,705,199.65,2025-07-13 01:18:41.430348
12602,365,46.97,2026-04-15 16:43:59.906090
12603,200,,2025-09-30 17:21:20.290692
12604,736,508.18,2025-10-07 21:48:43.875606
12605,755,164.4,2026-02-11 02:26:02.995430
12606,936,2617.4,2025-06-05 01:07:22.434153
12607,357,1378.21,2026-02-07 05:21:08.908612
12608,442,3181.99,2025-06-21 04:06:49.031509
12609,333,2180.96,2025-06-13 23:24:09.478806
12610,209,2617.22,2025-11-01 23:17:40.375207
12611,733,734.49,2026-03-19 13:13:18.790385
12612,299,611.08,2025-10-28 07:33:23.663080
12613,389,1836.96,2026-05-04 22:26:51.204778
12614,365,446.49,2025-06-18 03:01:44.625502
12615,690,3379.26,2026-04-24 20:09:23.139323
12616,936,1480.14,2026-01-23 15:12:19.535837
12617,595,514.93,2026-01-14 03:02:06.254075
12618,415,1962.56,2026-02-13 17:39:51.730296
12619,751,5802.14,2025-07-31 15:26:04.076580
12620,577,171.32,2026-03-01 20:57:14.844458
12621,33,231.6,2026-03-09 14:25:07.304680
12622,76,3713.74,2025-07-07 04:03:35.440936
12623,9,232.15,2026-01-12 07:42:49.438951
12624,415,80.34,2025-07-21 21:18:19.125003
12625,793,855.21,2026-03-22 20:37:03.418385
12626,280,1257.36,2026-05-06 12:11:42.462871
12627,365,1685.36,2025-10-27 02:43:34.722167
12628,925,1415.71,2025-11-21 09:00:51.954480
12629,809,4887.94,2026-01-10 03:02:20.082073
12630,593,2927.8,2025-07-23 09:37:12.267631
12631,229,8246.75,2025-11-27 06:47:55.477999
12632,115,1294.27,2026-04-02 10:43:01.141303
12633,1,176.2,2026-03-17 12:47:13.826727
12634,98,6225.91,2026-02-21 01:46:20.872606
12635,243,8.24,2025-10-28 07:11:54.521923
12636,483,2993.08,2025-10-19 02:51:30.280995
12637,39,63.56,2025-09-10 06:19:22.355685
12638,146,2864.38,2026-04-07 15:06:27.388556
12639,200,5559.27,2026-04-08 02:34:42.356954
12640,570,986.17,2025-06-02 05:52:01.578142
12641,551,551.41,2026-03-30 10:19:28.360628
12642,483,513.09,2026-01-10 17:29:41.152382
12643,202,1353.44,2025-11-23 11:59:11.935037
12644,350,374.8,2026-03-22 05:22:24.868826
12645,80,2235.12,2025-11-21 02:00:41.157620
12646,200,918.85,2026-01-26 19:48:37.163788
12647,914,780.49,2025-05-30 23:23:45.930086
12648,977,1237.14,2025-11-09 05:14:44.036046
12649,577,1564.34,2026-03-07 15:11:43.651888
12650,936,306.14,2025-06-24 00:13:39.042432
12651,577,2460.38,2026-01-30 18:12:25.646890
12652,5,4290.26,2026-05-28 05:55:02.654422
12653,990,651.42,2025-07-27 09:12:33.797482
12654,81,397.86,2025-06-12 13:14:45.358792
12655,617,2858.45,2025-11-10 13:15:56.667249
12656,206,405.56,2025-09-21 01:31:49.752727
12657,365,84.26,2025-10-27 07:56:03.896039
12658,577,1931.19,2025-09-01 00:32:53.482731
12659,400,548.22,2025-07-27 10:01:48.325050
12660,203,377.03,2025-12-27 20:55:35.309897
12661,296,7991.11,2026-03-26 18:16:55.090044
12662,304,690.24,2025-11-05 22:51:37.177315
12663,964,4675.25,2025-06-02 17:20:38.324941
12664,767,392.56,2025-06-12 05:45:17.978917
12665,415,3418.26,2026-04-24 18:15:10.683575
12666,200,1394.39,2025-08-17 09:19:10.481875
12667,778,163.71,2026-04-28 03:10:27.200818
12668,191,2645.55,2026-03-15 10:15:44.040992
12669,200,4452.61,2026-01-30 13:08:20.418308
12670,341,355.9,2025-11-14 20:27:27.905617
12671,890,,2025-06-27 15:30:19.027028
12672,137,1177.76,2025-11-25 02:25:27.547903
12673,127,2803.79,2026-01-09 17:47:42.603577
12674,418,2503.02,2025-10-20 19:50:34.446876
12675,229,,2026-02-18 10:33:19.897708
12676,487,393.78,2025-12-22 08:57:44.116954
12677,415,1273.64,2025-06-04 21:32:54.032853
12678,397,5423.94,2026-02-21 07:17:13.989012
12679,105,837.32,2025-10-20 02:52:09.893913
12680,160,1982.42,2025-11-19 07:51:22.125852
12681,793,24.31,2026-05-19 04:51:01.438005
12682,901,2483.54,2026-05-18 07:54:05.898305
12683,200,1847.98,2026-03-17 03:31:21.842137
12684,105,2513.3,2026-05-05 03:45:56.343126
12685,26,4700.62,2026-05-05 18:12:17.813939
12686,543,316.82,2026-03-22 07:08:20.828988
12687,697,606.51,2026-04-19 15:31:39.950206
12688,350,10936.26,2025-08-24 22:54:20.108082
12689,616,339.88,2025-07-07 12:30:43.944050
12690,690,2550.41,2026-05-03 07:53:22.596123
12691,941,2582.52,2025-09-07 17:46:26.750325
12692,39,2297.67,2025-10-18 18:04:44.118591
12693,200,516.09,2025-11-26 09:02:02.562122
12694,41,,2026-02-15 07:31:59.418973
12695,862,2195.27,2025-07-17 06:58:26.045976
12696,761,412.2,2025-09-03 04:05:22.014656
12697,504,2166.84,2025-06-22 10:46:24.314527
12698,59,1356.63,2026-02-01 17:43:40.536058
12699,229,977.57,2026-03-02 03:33:44.117936
12700,247,714.01,2025-09-16 19:22:13.707826
12701,483,5896.82,2026-01-21 17:00:03.662408
12702,213,1418.93,2026-01-08 11:58:07.519100
12703,47,1647.66,2026-03-02 10:08:05.193160
12704,711,5961.93,2026-05-24 03:40:31.506655
12705,251,2121.92,2025-08-14 15:56:06.324409
12706,415,6333.18,2026-04-11 23:16:10.390529
12707,131,224.92,2025-11-08 10:29:28.804409
12708,768,3749.93,2026-04-22 14:59:20.167979
12709,483,817.18,2025-06-26 00:02:34.983457
12710,914,3326.6,2025-10-27 16:30:03.649497
12711,422,3870.84,2025-08-13 20:10:01.243407
12712,950,633.5,2026-04-14 12:39:34.517767
12713,904,1051.31,2026-02-16 09:37:30.860274
12714,505,2589.36,2026-03-08 13:39:08.347762
12715,940,208.62,2025-07-20 11:29:34.275704
12716,291,2817.35,2026-03-10 09:21:31.265090
12717,341,234.13,2025-08-24 00:02:35.551401
12718,17,4917.44,2026-02-21 05:44:36.698647
12719,523,646.87,2025-06-14 10:27:56.660179
12720,705,1714.15,2026-03-16 19:24:19.369941
12721,746,249.21,2026-04-11 19:40:44.934134
12722,181,628.03,2026-02-18 20:50:13.668175
12723,415,1034.88,2026-05-19 21:48:54.847357
12724,200,,2025-10-20 23:14:13.621052
12725,589,0.13,2025-09-29 18:49:12.658724
12726,193,4390.26,2025-11-04 11:50:35.927597
12727,914,15.41,2026-04-12 05:34:14.967796
12728,200,2971.65,2025-10-26 21:06:54.098686
12729,242,1271.94,2025-06-03 10:51:39.372438
12730,829,1484.17,2025-11-17 22:12:08.379766
12731,415,467.06,2025-12-16 10:51:27.763436
12732,1,1869.77,2026-03-08 21:14:00.364078
12733,420,1541.06,2026-03-13 14:26:28.301462
12734,60,,2025-06-11 02:54:41.043055
12735,981,543.93,2026-04-02 10:49:43.713957
12736,523,138.49,2025-06-14 12:16:43.422838
12737,207,137.16,2025-11-27 12:51:26.380013
12738,483,27.74,2026-03-12 14:05:40.466078
12739,56,498.14,2026-04-24 01:11:56.527838
12740,767,2276.75,2025-10-04 09:14:37.501413
12741,938,760.22,2025-08-27 04:33:23.661394
12742,879,839.33,2025-07-25 12:30:38.868666
12743,305,282.91,2026-01-26 12:21:48.840302
12744,293,1713.55,2025-07-15 09:31:51.979645
12745,7,837.54,2025-11-22 11:30:41.228303
12746,577,2255.98,2025-06-01 23:48:07.364138
12747,480,2705.41,2025-09-10 17:11:00.873085
12748,415,1757.47,2025-12-03 11:20:44.572148
12749,920,646.12,2025-10-05 05:36:07.865362
12750,200,1421.03,2026-03-10 18:31:08.008654
12751,1,580.52,2026-04-04 08:51:59.834070
12752,48,4664.29,2025-06-06 18:35:03.773231
12753,200,2908.17,2026-05-29 13:15:48.472055
12754,5,1358.51,2025-07-20 09:32:40.079788
12755,438,6731.11,2026-02-16 10:31:28.345318
12756,281,1582.65,2026-02-01 13:54:55.961130
12757,200,796.59,2026-03-20 19:00:41.112824
12758,733,200.67,2026-05-26 15:18:40.842161
12759,200,1569.41,2026-05-10 16:14:02.604732
12760,625,3938.19,2025-10-30 20:58:42.091866
12761,322,4030.59,2026-05-17 10:22:42.329079
12762,451,1855.55,2026-02-05 06:43:27.175542
12763,940,999.9,2026-03-12 12:14:24.724691
12764,9,2101.34,2025-07-22 08:52:27.283853
12765,433,2872.15,2026-01-19 22:38:22.674149
12766,829,1060.78,2025-06-14 10:05:24.364986
12767,523,1293.5,2025-06-24 13:20:31.327297
12768,229,,2025-09-16 05:18:40.397432
12769,365,4185.5,2025-11-24 06:23:35.053818
12770,617,3130.94,2025-07-24 00:37:22.465078
12771,903,,2026-05-11 17:14:13.814416
12772,12,265.63,2026-01-13 23:06:02.825677
12773,47,3831.63,2025-07-27 19:10:20.850254
12774,293,3589.4,2025-09-01 04:52:25.760730
12775,200,984.68,2026-04-06 17:01:02.583755
12776,229,1755.48,2025-07-25 19:39:18.069653
12777,200,4725.63,2025-11-19 04:56:58.271809
12778,200,4850.83,2025-07-11 19:21:32.551742
12779,136,3056.57,2025-10-21 07:26:19.476164
12780,941,470.4,2025-10-11 18:51:48.386158
12781,169,2620.76,2026-02-26 20:10:40.236198
12782,200,213.16,2025-09-03 15:27:36.260350
12783,200,4487.47,2025-06-22 16:00:19.335005
12784,939,323.04,2025-07-04 02:30:14.810398
12785,733,2171.48,2026-05-19 09:42:28.686620
12786,760,1884.47,2025-11-25 14:19:19.790720
12787,98,3000.27,2025-10-15 02:21:44.796373
12788,809,1604.04,2026-03-25 18:02:25.667760
12789,366,122.83,2026-02-19 21:44:09.566699
12790,226,2447.31,2025-07-31 09:31:13.236881
12791,504,966.27,2025-12-02 13:47:43.585375
12792,793,772.16,2025-08-16 09:25:20.185590
12793,751,9576.64,2025-06-06 06:24:59.770695
12794,903,1785.15,2026-05-03 00:00:21.416277
12795,939,2480.71,2025-06-07 13:20:49.663037
12796,200,1494.47,2025-06-05 12:28:35.804503
12797,383,2939.11,2026-01-22 13:59:27.383914
12798,1,2789.24,2025-09-02 03:42:21.933245
12799,887,2140.9,2025-08-09 03:32:26.493983
12800,191,12187.49,2026-02-07 18:41:22.523642
12801,845,1231.61,2025-08-06 17:43:06.002920
12802,295,2449.66,2025-09-02 06:48:55.099451
12803,347,3196.78,2026-05-20 08:54:05.629884
12804,12,943.32,2025-06-01 12:45:37.987792
12805,293,1221.94,2025-06-03 08:56:50.661500
12806,901,6958.36,2026-03-23 01:10:07.167316
12807,2,65.65,2026-03-23 11:13:04.336579
12808,365,816.83,2025-08-01 23:17:25.046919
12809,5,1331.89,2026-04-23 06:29:06.492356
12810,350,2.93,2026-04-11 14:10:02.373121
12811,200,,2025-06-25 15:51:05.117951
12812,206,674.43,2026-04-24 07:54:15.654463
12813,886,596.02,2025-10-07 05:20:13.635606
12814,398,3433.22,2026-01-27 12:37:01.228369
12815,229,651.41,2025-06-11 11:16:21.182695
12816,523,2143.68,2025-10-27 02:07:29.089440
12817,163,3446.37,2025-07-12 16:22:54.587391
12818,217,3145.02,2026-01-11 09:05:14.284231
12819,483,3046.07,2025-12-26 02:49:27.448460
12820,200,185.63,2025-12-25 22:35:40.592970
12821,614,166.43,2025-06-11 17:36:04.338368
12822,415,732.79,2025-08-23 19:47:21.778767
12823,746,73.22,2026-02-25 17:59:38.220661
12824,963,1388.01,2025-10-30 07:28:34.403819
12825,110,1004.33,2025-12-24 09:20:13.345641
12826,296,1628.49,2026-04-18 15:04:26.548655
12827,288,709.89,2025-07-04 13:03:47.206546
12828,182,1330.11,2025-11-25 18:46:04.831167
12829,777,815.17,2025-11-03 14:26:00.866192
12830,739,434.34,2026-02-24 20:18:44.227365
12831,415,2096.03,2025-06-03 04:01:15.091267
12832,483,2238.26,2026-01-13 16:58:58.134316
12833,33,3534.9,2025-09-19 08:00:57.549839
12834,483,4154.92,2026-05-14 05:37:35.809964
12835,761,2437.92,2026-02-12 20:30:42.113800
12836,502,2326.29,2026-03-07 05:05:50.036304
12837,229,116.69,2026-02-22 04:46:34.965167
12838,597,232.57,2025-06-08 02:38:21.305031
12839,333,3348.62,2025-10-21 10:27:58.850530
12840,483,530.41,2025-08-22 20:28:41.142584
12841,415,878.76,2025-07-24 21:39:06.687468
12842,365,314.0,2025-08-05 21:37:36.184842
12843,705,434.2,2025-10-23 23:28:29.176923
12844,899,2987.02,2026-05-18 15:27:23.643974
12845,1,607.24,2026-01-04 18:48:00.372027
12846,940,1192.17,2026-01-21 05:14:46.604667
12847,450,328.97,2026-02-24 14:56:49.311273
12848,660,2265.97,2025-08-17 08:24:30.048616
12849,829,2605.89,2026-04-20 05:05:02.149178
12850,415,897.87,2026-01-02 19:32:23.007485
12851,808,3071.88,2025-12-23 07:35:28.105278
12852,200,548.63,2026-05-26 15:43:54.807216
12853,194,2354.69,2026-04-26 21:30:30.840787
12854,582,2618.4,2025-09-11 21:29:06.914590
12855,868,6925.55,2025-12-15 03:44:37.430734
12856,905,528.77,2025-08-03 16:14:50.791360
12857,577,196.79,2026-03-05 04:53:35.041161
12858,464,610.43,2025-10-20 19:08:44.607686
12859,296,262.18,2025-11-11 13:07:38.712398
12860,977,371.92,2026-01-27 13:04:17.551073
12861,288,813.28,2026-04-24 09:54:16.548211
12862,731,1068.84,2025-06-08 20:23:38.064856
12863,474,4681.08,2025-06-24 15:07:04.824698
12864,543,435.36,2025-08-13 19:04:27.826169
12865,365,7133.96,2025-08-28 00:31:46.609223
12866,965,3323.08,2025-09-25 12:23:04.526501
12867,495,4265.2,2026-05-15 23:28:26.505780
12868,944,5302.7,2026-05-25 07:38:43.927578
12869,1,2798.69,2025-07-22 16:02:03.433654
12870,498,3109.71,2025-10-11 19:06:29.818292
12871,702,1151.86,2025-06-14 10:35:07.539508
12872,732,1428.54,2025-10-22 01:14:39.999583
12873,915,5390.82,2025-06-02 23:38:21.080940
12874,1,950.45,2025-12-02 06:15:19.581888
12875,1,85.7,2025-06-05 19:34:39.074637
12876,415,2877.32,2025-11-03 17:04:15.178161
12877,5,1702.68,2026-05-16 14:10:27.185616
12878,973,3373.46,2025-12-24 09:42:54.167568
12879,200,157.12,2026-03-01 22:16:54.056001
12880,415,1941.66,2025-10-23 21:10:38.520293
12881,33,569.26,2025-09-08 07:34:18.379118
12882,457,4671.63,2026-04-14 18:28:39.815939
12883,365,232.87,2025-08-24 11:13:33.848780
12884,17,3703.9,2025-09-30 08:33:20.246685
12885,296,185.45,2025-09-10 06:52:32.020490
12886,365,50.84,2025-07-22 18:02:52.612801
12887,986,535.91,2026-03-08 17:38:03.994443
12888,200,810.06,2026-02-14 00:36:39.424506
12889,483,1969.83,2025-08-21 20:40:27.104287
12890,982,282.49,2026-05-08 03:40:19.026128
12891,761,1150.12,2026-01-23 07:35:30.036168
12892,986,456.97,2025-06-29 20:17:20.597146
12893,966,3866.23,2025-10-17 08:23:11.807758
12894,415,92.02,2025-06-05 23:00:22.158382
12895,646,879.92,2026-03-20 00:27:04.463321
12896,103,,2025-07-11 11:11:15.007205
12897,408,4885.72,2026-02-17 00:57:00.911882
12898,776,4049.81,2026-01-15 00:54:28.877443
12899,442,4511.25,2025-06-07 06:39:58.236466
12900,662,129.83,2026-04-25 11:26:06.481694
12901,733,3676.74,2026-02-18 15:20:32.737461
12902,206,3027.46,2026-03-17 22:29:53.409427
12903,884,4654.4,2026-02-26 08:10:19.212754
12904,415,,2025-10-19 10:44:42.651122
12905,200,4855.51,2026-01-31 06:46:34.206883
12906,854,1030.47,2025-12-04 21:47:46.348801
12907,379,2010.79,2025-07-29 05:15:48.080819
12908,733,1103.92,2026-04-04 16:48:09.503219
12909,483,1116.0,2025-08-30 12:41:54.545738
12910,365,1582.12,2025-10-19 03:40:13.931292
12911,776,879.89,2026-04-25 17:29:44.177207
12912,521,3147.53,2025-12-09 20:13:49.087204
12913,365,2008.27,2025-11-04 20:01:21.215961
12914,101,2340.79,2025-07-20 01:44:02.705263
12915,908,525.42,2025-07-01 22:25:43.094403
12916,7,6985.0,2025-10-20 09:21:01.403205
12917,848,2158.66,2025-08-16 20:46:16.290543
12918,333,439.29,2025-11-04 23:07:14.691105
12919,576,2776.51,2025-08-17 07:03:04.933638
12920,936,381.63,2025-09-15 01:48:40.284210
12921,184,130.97,2025-10-14 04:31:43.156598
12922,483,1499.66,2025-12-13 21:57:50.345447
12923,740,1612.74,2026-02-11 16:53:02.234851
12924,733,418.89,2026-03-22 11:05:20.083057
12925,464,856.58,2025-09-03 23:40:43.302513
12926,567,5829.02,2025-08-04 04:51:46.108948
12927,733,670.95,2026-05-28 11:50:36.860739
12928,819,338.18,2025-10-17 05:17:15.197783
12929,740,9802.3,2026-03-08 10:10:35.317083
12930,331,719.95,2025-12-02 16:10:28.628222
12931,990,2280.45,2025-06-01 06:10:46.560621
12932,396,526.79,2026-05-13 15:52:26.019275
12933,1,1597.55,2026-04-03 01:47:12.626604
12934,333,976.44,2025-12-09 01:54:53.295663
12935,131,6518.32,2025-12-23 13:26:39.316912
12936,125,1134.11,2026-05-01 19:15:34.344069
12937,229,1754.98,2025-12-23 22:25:12.585294
12938,26,5792.36,2025-06-13 04:21:17.272105
12939,627,9062.78,2025-07-06 17:15:00.091615
12940,50,214.41,2026-01-19 17:49:18.167015
12941,200,3595.4,2025-10-05 10:36:48.655441
12942,69,962.91,2025-12-09 08:39:43.244613
12943,38,1806.89,2026-02-11 16:03:05.121682
12944,229,940.16,2025-08-14 13:04:04.635270
12945,495,1025.38,2025-07-17 00:48:30.757895
12946,965,345.99,2025-06-18 20:55:07.632232
12947,884,1700.85,2026-03-12 04:31:05.076465
12948,885,1582.47,2025-08-11 15:03:30.271710
12949,200,419.85,2025-12-10 10:11:33.397783
12950,229,1560.6,2025-11-16 21:35:42.845559
12951,56,7231.4,2026-05-30 03:33:52.465089
12952,751,2506.39,2026-05-22 07:04:37.566722
12953,45,1311.64,2026-04-29 10:55:29.940024
12954,483,4955.88,2025-10-30 12:02:23.059326
12955,200,1712.81,2025-06-30 16:20:18.305892
12956,200,290.16,2026-01-26 17:03:51.999892
12957,986,1585.98,2026-01-16 21:22:10.821605
12958,733,399.28,2026-04-24 02:34:36.717065
12959,809,2917.77,2026-05-26 01:33:16.425629
12960,495,6833.08,2025-07-07 16:23:53.775900
12961,870,895.13,2025-09-01 06:23:17.401863
12962,577,1141.57,2026-01-17 22:27:28.299322
12963,963,1094.62,2025-11-15 07:21:14.902233
12964,229,671.78,2025-11-15 01:49:47.109476
12965,536,3161.51,2026-04-01 19:27:50.905817
12966,633,1923.25,2025-08-08 18:04:46.047568
12967,365,132.39,2026-04-12 21:28:02.443827
12968,888,3650.3,2025-07-28 22:50:39.494797
12969,977,414.27,2025-10-12 08:45:33.846739
12970,417,7740.91,2025-12-27 23:01:13.703331
12971,365,945.34,2025-09-29 00:24:02.968818
12972,415,1916.57,2026-04-16 20:53:21.199940
12973,829,162.04,2025-12-03 03:42:21.718088
12974,577,845.21,2025-09-13 07:14:03.285211
12975,17,3242.56,2025-08-12 17:32:32.894566
12976,483,1297.15,2025-11-15 01:27:41.002615
12977,1,4699.43,2026-02-21 08:10:00.671668
12978,751,1711.98,2026-04-26 13:32:44.748280
12979,293,5278.14,2025-11-27 04:55:35.866780
12980,415,8103.71,2026-02-26 14:37:47.034828
12981,767,1209.89,2026-03-21 04:25:57.135955
12982,19,1665.54,2025-10-29 19:13:31.525427
12983,193,3602.66,2025-07-29 17:34:19.221336
12984,365,500.86,2025-07-14 22:37:53.847512
12985,200,3955.64,2026-02-23 20:14:42.842590
12986,297,1792.58,2025-11-24 02:42:55.509208
12987,994,2585.61,2026-05-08 00:20:01.900924
12988,793,166.45,2025-11-01 22:31:11.177041
12989,899,2906.47,2026-01-03 12:51:52.792011
12990,943,744.41,2025-11-16 08:26:44.868095
12991,302,3271.9,2025-05-30 18:57:34.129079
12992,246,1423.24,2026-03-30 14:17:07.031848
12993,200,642.1,2025-12-05 14:40:21.642273
12994,798,6105.02,2025-07-13 21:00:38.779290
12995,616,2896.87,2026-02-13 12:47:06.459299
12996,200,8493.04,2025-07-28 10:21:20.893247
12997,359,906.59,2025-08-08 00:51:46.722986
12998,442,,2025-10-31 06:13:58.908696
12999,473,1891.38,2025-05-31 02:26:34.151198
13000,901,2326.66,2026-01-30 11:11:06.197561
13001,365,78.14,2025-06-17 08:08:22.752898
13002,922,689.83,2026-02-11 06:26:24.169997
13003,409,4801.22,2026-01-11 23:23:47.077653
13004,733,1102.67,2026-01-27 06:46:12.078843
13005,939,6470.2,2025-08-28 00:09:52.985153
13006,920,480.33,2026-04-11 19:20:33.359229
13007,33,11923.01,2025-11-18 17:05:51.274136
13008,200,2391.88,2026-05-11 13:01:49.890652
13009,415,2995.73,2025-09-18 18:43:43.910072
13010,396,1011.22,2025-12-07 01:25:16.036177
13011,577,4750.49,2026-02-18 00:49:53.231669
13012,959,1576.95,2025-11-13 09:27:48.709929
13013,105,2284.74,2025-09-17 01:43:12.615280
13014,415,199.22,2025-12-05 15:30:34.122659
13015,200,1997.61,2025-06-25 21:18:30.243138
13016,906,4225.24,2025-12-06 03:58:34.595871
13017,965,,2026-02-26 03:45:19.983777
13018,415,2676.73,2025-10-08 15:05:17.152749
13019,96,51.46,2026-02-24 01:46:36.652012
13020,759,5212.87,2025-11-24 07:31:09.021314
13021,649,8139.36,2025-08-02 16:34:14.458769
13022,331,874.47,2026-02-18 22:11:56.348695
13023,901,226.5,2026-03-29 18:42:49.710447
13024,975,2149.26,2025-10-13 20:58:51.773803
13025,483,60.58,2025-06-23 11:45:02.186588
13026,483,1317.44,2025-10-16 22:27:16.605189
13027,247,634.3,2025-09-17 14:49:23.604142
13028,521,1282.4,2025-10-19 00:01:18.695466
13029,403,36.89,2026-05-07 15:30:35.586317
13030,258,105.98,2026-01-11 21:07:26.627139
13031,41,32.21,2025-12-24 21:04:45.956486
13032,206,1930.6,2026-05-15 17:38:36.724904
13033,200,1642.38,2025-07-27 23:48:55.828746
13034,483,530.95,2026-05-03 03:03:04.539215
13035,543,2080.55,2025-06-30 21:59:03.542878
13036,543,4311.91,2026-04-21 20:16:51.523999
13037,365,649.58,2025-09-17 23:44:17.282073
13038,379,3567.51,2025-07-26 11:33:45.098388
13039,807,2172.43,2025-09-05 09:41:10.118248
13040,415,68.81,2025-06-30 08:38:28.649221
13041,983,940.49,2025-10-27 09:41:20.191022
13042,403,1417.57,2025-11-19 21:09:38.535669
13043,577,2631.29,2026-04-08 11:59:57.643040
13044,24,676.91,2025-08-14 08:47:28.518222
13045,577,8117.58,2025-08-20 00:58:20.075660
13046,829,2307.45,2025-10-15 04:41:30.033893
13047,954,933.02,2025-09-09 02:23:08.130594
13048,992,204.12,2025-07-16 15:04:48.634201
13049,229,400.24,2026-01-23 11:36:41.951901
13050,504,1337.33,2026-01-22 14:11:34.210716
13051,415,1365.19,2025-12-31 23:40:48.654448
13052,483,2919.61,2026-03-20 09:09:13.090038
13053,191,2590.54,2025-07-21 15:33:06.813792
13054,829,449.47,2025-10-27 06:27:48.436554
13055,925,1807.52,2026-02-23 12:38:51.861541
13056,415,41.67,2026-05-07 18:15:53.746856
13057,229,1016.82,2025-11-01 14:20:47.005054
13058,160,2888.74,2025-06-23 15:32:56.877169
13059,618,1020.01,2025-10-15 13:48:35.047202
13060,276,3610.86,2025-06-26 18:02:57.403061
13061,925,7472.39,2026-03-28 20:52:44.196182
13062,602,1868.97,2026-04-11 12:13:16.011605
13063,577,313.32,2025-08-16 03:11:05.179347
13064,483,955.03,2026-04-13 05:13:18.590016
13065,17,19.06,2026-05-30 14:46:45.932600
13066,939,1846.26,2025-09-28 16:44:46.987532
13067,570,3447.1,2025-09-17 21:50:48.680823
13068,986,1988.18,2026-03-13 11:04:07.571962
13069,483,3084.36,2026-02-03 01:42:19.244046
13070,685,3217.92,2025-12-01 21:44:15.206154
13071,31,3807.79,2025-12-21 01:25:17.108185
13072,570,620.3,2025-12-28 02:51:56.222389
13073,740,4100.05,2026-04-19 22:58:43.464078
13074,751,2123.18,2025-07-27 12:02:42.673914
13075,744,684.21,2025-12-17 05:15:42.334527
13076,200,8731.47,2026-03-05 03:34:00.265934
13077,973,5998.77,2025-07-30 13:10:15.907068
13078,987,1708.7,2025-08-02 23:16:43.013565
13079,55,3705.68,2026-04-08 05:54:21.914243
13080,942,606.25,2025-09-05 12:57:25.426400
13081,240,1075.84,2025-09-12 23:04:24.319907
13082,630,406.61,2025-10-17 14:14:08.628522
13083,297,1468.37,2025-09-19 02:43:46.371668
13084,965,1370.36,2025-12-26 16:12:16.954432
13085,90,478.58,2025-09-04 11:46:58.872796
13086,424,2234.38,2025-08-03 10:19:53.792394
13087,389,250.65,2025-06-05 19:23:49.259545
13088,293,127.35,2026-03-28 10:01:37.674577
13089,577,971.96,2025-11-17 00:26:49.357102
13090,136,1054.67,2025-09-27 09:21:54.781034
13091,700,770.56,2025-07-31 07:09:43.731563
13092,977,596.67,2026-05-10 16:20:34.915123
13093,770,827.33,2026-01-13 22:42:36.435145
13094,839,,2025-09-11 11:05:43.421853
13095,333,1033.19,2025-09-23 03:12:01.905221
13096,293,4699.42,2025-07-10 11:02:56.430837
13097,457,508.31,2025-06-26 11:24:04.899565
13098,17,2306.88,2025-09-11 01:09:27.062651
13099,960,305.8,2026-04-19 22:28:53.701494
13100,169,873.62,2025-12-27 10:15:26.944862
13101,914,774.78,2026-01-05 03:47:19.181576
13102,59,5530.17,2025-06-30 15:43:07.805949
13103,793,1117.17,2026-01-11 19:05:47.477915
13104,185,2345.37,2025-10-29 01:47:49.868281
13105,9,1844.93,2026-01-06 01:22:02.052800
13106,705,304.04,2025-07-09 10:00:47.048711
13107,229,5611.56,2025-12-24 09:04:58.779653
13108,693,848.9,2025-07-26 10:08:01.425341
13109,483,91.58,2026-03-21 22:07:27.813826
13110,101,714.62,2025-07-07 01:56:50.505327
13111,939,817.84,2025-09-08 04:34:22.631271
13112,415,194.66,2025-07-17 01:48:26.503894
13113,713,,2025-07-30 14:57:08.082708
13114,434,851.63,2026-02-22 11:03:57.883124
13115,543,1983.83,2025-12-15 00:31:05.035070
13116,261,13.53,2025-06-10 22:08:38.437845
13117,200,8040.15,2026-05-12 19:08:34.927253
13118,483,373.9,2025-11-05 06:28:23.080632
13119,404,2153.69,2025-07-28 21:53:54.409340
13120,365,2516.04,2025-08-26 11:12:50.157533
13121,604,376.54,2026-01-06 13:06:59.236115
13122,633,236.92,2025-06-06 03:24:05.179605
13123,18,331.11,2025-10-25 12:15:33.921654
13124,298,566.9,2025-06-28 08:29:20.314174
13125,370,368.4,2026-05-29 08:25:52.326881
13126,81,2241.71,2025-11-16 09:14:13.708620
13127,200,1092.33,2026-05-27 03:20:03.756210
13128,24,1543.48,2025-12-14 10:43:16.516676
13129,988,96.99,2025-09-01 18:13:37.606560
13130,716,3950.15,2025-11-29 21:39:40.992482
13131,66,374.04,2025-08-30 04:19:20.847987
13132,1,893.05,2026-04-17 23:46:14.401946
13133,705,149.24,2026-02-25 08:34:02.879759
13134,403,294.2,2025-10-28 16:26:38.684741
13135,760,2192.03,2025-09-24 15:57:37.113013
13136,936,2359.13,2026-04-02 14:11:25.907222
13137,543,2259.99,2025-06-24 14:37:25.821013
13138,200,1606.53,2025-06-11 06:25:25.235458
13139,752,6094.96,2026-03-08 16:39:19.602727
13140,963,1415.21,2025-12-19 03:07:01.941254
13141,513,1193.54,2026-02-22 15:00:27.673574
13142,617,568.83,2026-05-18 14:22:52.156799
13143,297,208.17,2026-03-20 07:07:31.679286
13144,365,1588.83,2026-03-05 10:49:33.179877
13145,714,756.35,2025-12-29 14:23:04.839550
13146,939,1484.78,2025-10-14 23:54:03.775794
13147,570,461.64,2026-01-03 11:33:12.093352
13148,760,3642.45,2025-07-17 00:51:10.465488
13149,200,16204.94,2025-12-11 19:57:34.236850
13150,200,778.41,2025-10-23 23:50:10.177677
13151,474,3694.47,2025-06-04 04:37:29.253316
13152,200,4126.92,2025-12-12 11:01:31.603872
13153,570,11080.16,2026-03-25 09:16:51.516303
13154,242,839.29,2025-09-28 04:46:14.590052
13155,761,2821.51,2025-07-19 11:36:11.911087
13156,774,519.64,2026-03-05 09:04:24.331564
13157,415,1960.57,2026-05-02 20:04:09.224749
13158,200,2440.49,2025-06-25 06:04:03.120919
13159,577,2702.79,2025-12-22 05:40:23.159095
13160,986,464.3,2026-05-01 06:54:08.284547
13161,563,3777.32,2026-03-25 09:55:51.075381
13162,8,1092.81,2026-02-06 22:41:51.750518
13163,1,487.64,2025-06-25 15:12:17.522692
13164,289,1564.09,2025-06-22 07:44:42.982167
13165,200,3980.77,2026-04-21 08:12:25.923836
13166,783,6827.83,2026-05-29 12:04:52.837274
13167,828,2758.3,2026-02-01 11:26:10.197024
13168,215,11.28,2026-02-01 14:49:37.428269
13169,293,289.36,2025-12-13 05:42:41.827427
13170,200,158.68,2026-01-27 13:09:55.538663
13171,921,,2025-06-24 01:46:53.172620
13172,437,965.89,2025-11-30 00:22:07.616736
13173,580,826.47,2026-02-24 01:15:32.130159
13174,377,241.37,2026-03-17 16:07:35.260664
13175,570,4278.13,2025-06-07 12:27:26.542993
13176,365,1911.25,2025-09-06 06:23:39.094492
13177,299,3183.82,2025-06-07 14:11:55.943162
13178,570,929.0,2025-12-28 03:17:46.695873
13179,526,1056.07,2026-05-09 01:50:14.779567
13180,244,764.34,2025-12-08 09:03:24.822383
13181,180,1154.03,2025-05-30 15:24:31.082843
13182,347,1885.15,2025-07-11 19:25:47.891371
13183,377,1358.43,2025-11-27 23:57:48.595749
13184,570,3639.29,2026-05-11 19:41:27.269515
13185,933,4607.96,2025-11-22 12:48:33.969446
13186,8,1268.56,2026-01-11 19:24:41.149163
13187,200,548.21,2025-11-01 07:17:08.901072
13188,200,5807.85,2026-04-29 02:42:57.348232
13189,435,2656.34,2026-05-21 14:42:22.213331
13190,395,2044.01,2026-02-19 15:52:53.643404
13191,711,2736.23,2025-10-10 00:10:07.973918
13192,200,158.05,2026-02-24 21:13:24.661823
13193,535,140.04,2025-12-31 00:10:20.532717
13194,899,332.39,2025-12-12 20:36:20.274812
13195,928,319.05,2025-06-20 04:11:46.815588
13196,963,1091.77,2025-07-04 02:12:43.541789
13197,746,342.54,2025-06-01 11:44:55.359047
13198,916,3855.51,2026-01-02 01:09:06.550447
13199,200,1725.96,2025-11-24 16:06:45.966898
13200,200,918.56,2026-04-12 14:01:26.281550
13201,1,144.33,2026-01-02 15:48:32.243742
13202,674,1788.22,2025-09-05 20:55:22.565677
13203,944,247.8,2025-12-10 03:45:41.411938
13204,200,2719.07,2026-04-07 23:08:01.279286
13205,574,3246.65,2026-05-03 19:03:47.464580
13206,733,1570.42,2025-08-20 11:06:09.985395
13207,939,324.1,2026-03-27 18:30:17.789365
13208,577,3091.64,2025-12-25 07:56:52.945416
13209,972,735.84,2025-05-31 17:40:21.062643
13210,310,503.74,2025-09-23 06:28:53.148080
13211,323,1271.86,2026-01-29 17:41:24.814044
13212,483,,2025-09-26 20:11:58.500142
13213,365,705.86,2025-12-13 20:31:33.295768
13214,1,4719.97,2025-08-11 07:13:52.691573
13215,711,110.29,2025-06-09 05:36:08.064682
13216,733,174.44,2026-05-12 05:42:36.178398
13217,733,2398.38,2025-08-16 07:21:18.765510
13218,311,422.91,2026-05-18 21:43:21.830288
13219,457,761.41,2026-05-17 00:13:05.910454
13220,333,293.23,2026-04-05 16:31:27.942060
13221,1,807.68,2025-08-16 11:43:27.389025
13222,483,658.29,2026-05-08 17:20:44.018390
13223,128,2666.17,2026-03-02 04:00:05.734120
13224,56,2421.48,2025-11-29 12:03:45.315734
13225,733,6198.95,2025-06-06 14:38:59.153282
13226,1,2577.77,2026-01-10 01:57:03.726153
13227,964,2373.69,2026-05-09 22:11:51.996161
13228,457,2369.67,2025-11-11 06:48:39.367758
13229,977,4290.61,2025-08-07 02:32:45.664676
13230,33,702.63,2025-07-29 21:00:04.190254
13231,520,713.61,2025-10-16 10:31:31.048066
13232,322,2703.51,2026-04-07 01:51:10.520820
13233,824,519.37,2025-11-24 03:14:09.121407
13234,333,4861.29,2026-04-02 23:46:41.435044
13235,221,1530.5,2025-07-18 00:44:42.720553
13236,831,713.71,2025-09-30 05:51:22.622285
13237,356,2993.11,2025-09-21 21:20:57.487315
13238,1,748.87,2026-05-17 16:14:20.668884
13239,365,6608.78,2025-10-18 22:12:45.703068
13240,577,8147.81,2026-05-02 01:36:20.068205
13241,206,2198.0,2025-06-27 03:42:17.581805
13242,396,241.25,2025-08-30 02:39:40.864429
13243,33,610.9,2026-03-08 04:01:58.090335
13244,523,1448.93,2025-12-08 15:27:23.983335
13245,733,3813.63,2026-03-06 18:17:20.219913
13246,373,408.86,2026-01-29 12:49:06.229397
13247,379,220.53,2025-12-21 16:43:01.438028
13248,68,154.79,2025-07-05 17:42:12.978809
13249,200,1414.36,2026-02-21 19:59:16.023691
13250,191,4320.45,2026-05-22 14:30:21.692095
13251,415,86.57,2025-09-22 19:45:37.145153
13252,474,477.33,2026-04-11 12:12:12.730511
13253,963,2363.49,2025-06-15 14:38:48.128691
13254,47,3495.83,2025-09-10 14:02:51.023997
13255,543,3294.27,2025-06-05 02:56:53.217743
13256,468,3074.87,2025-11-29 02:26:25.166634
13257,457,278.06,2025-08-08 03:15:48.616944
13258,875,1012.46,2025-06-23 18:56:10.559671
13259,200,8365.65,2026-04-23 09:25:48.915815
13260,12,8999.38,2026-03-15 05:42:38.642936
13261,604,1844.76,2025-12-27 22:37:37.644272
13262,311,2470.7,2025-07-14 12:28:22.307224
13263,1,6043.49,2026-02-02 03:44:16.794707
13264,204,1195.41,2025-07-24 07:09:00.577709
13265,271,294.37,2026-01-12 22:03:20.276273
13266,553,2210.96,2026-02-11 22:02:55.670811
13267,200,,2025-10-28 03:21:32.951532
13268,373,2389.41,2025-10-13 23:03:33.649913
13269,415,3252.37,2025-07-09 20:48:27.454141
13270,415,1098.96,2025-11-29 14:10:08.254620
13271,973,202.88,2025-09-05 22:52:41.593482
13272,17,369.97,2025-09-28 17:37:22.692209
13273,963,8108.88,2026-05-15 10:42:04.631899
13274,519,1359.22,2025-06-07 11:55:37.138627
13275,761,,2026-02-23 07:28:38.636604
13276,395,6218.58,2025-12-15 22:56:11.544137
13277,415,1377.43,2026-01-15 03:05:18.283281
13278,887,3619.05,2026-03-02 08:37:27.784106
13279,910,1590.17,2026-01-24 00:55:40.302631
13280,200,214.51,2025-08-03 08:20:03.784267
13281,200,1911.98,2025-08-02 02:55:03.116158
13282,423,11904.7,2025-09-11 03:43:34.128095
13283,914,70.71,2025-09-24 00:56:26.390364
13284,291,3687.72,2025-10-13 02:57:32.464769
13285,577,537.02,2025-11-13 06:44:21.992786
13286,679,1001.31,2025-11-26 05:05:37.147382
13287,751,932.69,2026-01-24 18:06:33.320233
13288,483,4581.26,2026-02-27 18:44:59.763534
13289,365,1404.32,2026-02-18 07:59:02.351556
13290,965,1185.42,2025-06-26 04:35:46.022742
13291,543,3407.77,2025-06-24 19:43:04.043843
13292,711,100.29,2025-12-03 18:20:06.106901
13293,311,180.85,2025-08-20 23:09:03.141562
13294,600,43.86,2025-06-05 02:37:29.432893
13295,212,2329.39,2026-04-08 18:37:08.770949
13296,200,1491.48,2026-04-18 15:40:36.994646
13297,694,4175.3,2025-11-28 03:51:03.377226
13298,457,1380.43,2025-10-24 14:42:15.113192
13299,618,501.59,2025-09-23 20:11:26.768254
13300,229,3271.02,2025-10-03 03:14:52.153274
13301,541,697.2,2026-01-30 15:33:43.586088
13302,415,5488.07,2026-02-16 05:53:14.166025
13303,540,576.49,2025-09-04 18:05:39.245599
13304,242,367.17,2026-05-09 12:04:43.935527
13305,697,1359.77,2025-10-13 05:24:09.171520
13306,772,103.67,2025-12-23 21:23:12.730951
13307,219,74.18,2026-01-26 09:33:53.467446
13308,254,1370.42,2026-05-18 08:34:46.515838
13309,587,484.42,2025-12-27 00:25:35.424493
13310,644,18.79,2025-06-03 09:30:33.876543
13311,665,702.12,2025-07-18 08:55:58.220636
13312,617,1297.75,2025-08-29 23:42:38.918436
13313,365,1002.7,2026-05-24 00:36:50.817236
13314,365,291.14,2026-02-01 12:30:51.952400
13315,206,1733.45,2026-01-23 02:41:11.642802
13316,191,2478.05,2025-08-29 12:14:44.607703
13317,637,2251.18,2026-01-26 20:04:54.832791
13318,70,1000.97,2025-11-29 13:37:44.579489
13319,944,296.06,2026-03-23 17:02:12.133736
13320,793,,2026-02-26 08:30:58.492621
13321,831,4422.42,2026-04-12 21:34:09.403870
13322,917,1264.94,2025-09-02 14:46:12.521471
13323,367,435.52,2025-11-20 21:00:22.977187
13324,829,195.34,2025-06-09 17:30:40.284782
13325,193,5762.19,2025-07-10 22:26:37.847080
13326,1,2717.43,2026-04-10 16:44:08.627789
13327,757,750.75,2025-07-30 06:35:00.948747
13328,53,700.11,2026-02-25 18:58:30.046588
13329,985,4511.76,2025-08-23 09:40:35.442022
13330,606,390.98,2026-04-22 14:07:03.327801
13331,733,1531.6,2025-12-28 18:15:35.050209
13332,200,2500.06,2026-05-22 11:36:53.303525
13333,605,1009.66,2025-10-21 15:54:20.546352
13334,16,81.44,2025-12-23 05:38:43.643579
13335,810,516.92,2026-01-09 06:00:17.687303
13336,200,4641.66,2025-12-09 05:36:12.276598
13337,650,1480.98,2026-02-28 11:10:07.037458
13338,200,3379.57,2025-06-28 05:20:50.554009
13339,41,1622.45,2025-09-09 19:26:55.856788
13340,415,5750.65,2026-01-08 02:42:51.053974
13341,200,4796.74,2025-08-07 14:38:32.662512
13342,711,1318.99,2025-10-19 03:56:14.548617
13343,200,766.25,2026-05-14 11:00:45.600105
13344,306,1840.94,2026-01-29 15:36:44.604333
13345,484,2247.17,2025-11-05 00:01:53.273683
13346,236,1379.73,2025-06-02 13:06:58.382018
13347,361,3455.13,2025-08-16 18:30:28.185630
13348,791,405.04,2025-07-04 08:49:15.466304
13349,200,814.17,2026-02-17 17:37:39.570243
13350,56,2319.12,2026-05-28 09:23:34.731749
13351,293,566.54,2025-06-26 05:48:49.436714
13352,385,1159.08,2025-09-29 06:01:53.910594
13353,483,6633.72,2025-12-04 16:05:33.642740
13354,350,1966.34,2026-03-14 01:27:12.296403
13355,760,5954.11,2025-07-22 09:37:37.954798
13356,12,2563.45,2025-09-09 18:32:30.913427
13357,396,2579.55,2025-07-17 22:46:16.024201
13358,365,1792.28,2026-01-07 02:16:00.742127
13359,577,306.79,2026-01-05 15:38:44.486871
13360,965,1466.75,2026-05-18 21:17:07.641026
13361,447,582.49,2026-02-04 01:37:28.799513
13362,981,13249.0,2026-01-09 08:57:14.693158
13363,259,621.12,2026-03-31 03:27:23.949726
13364,5,524.51,2025-07-13 19:10:40.963666
13365,200,1955.71,2026-03-16 14:16:55.563112
13366,365,1430.58,2025-08-21 17:49:02.135763
13367,285,43.17,2026-05-12 18:10:21.779697
13368,81,277.45,2026-03-18 02:40:11.102460
13369,396,3332.47,2026-01-01 02:59:32.420299
13370,297,1322.1,2025-08-30 01:00:22.841641
13371,128,315.68,2025-12-29 07:29:45.563260
13372,245,1251.88,2025-12-26 22:49:42.126213
13373,901,583.78,2025-06-05 13:01:14.080880
13374,258,506.15,2025-08-24 07:18:49.579015
13375,692,6327.13,2025-12-12 00:06:51.032520
13376,543,898.91,2026-04-14 20:00:20.023516
13377,388,95.09,2025-10-30 14:14:55.744230
13378,200,7035.01,2025-11-11 21:36:25.208982
13379,347,3167.93,2025-10-30 00:15:24.144393
13380,530,587.17,2025-08-29 20:00:47.819545
13381,324,1051.51,2026-04-10 21:32:28.834153
13382,200,3965.2,2025-06-24 01:42:36.901649
13383,112,884.51,2025-06-12 06:54:56.024665
13384,888,1675.9,2025-08-08 12:12:05.048577
13385,404,1530.82,2025-07-07 06:09:09.336874
13386,567,1025.97,2026-04-12 14:38:34.496026
13387,415,2040.54,2026-01-03 16:15:48.276025
13388,873,1282.21,2025-06-05 19:55:27.277354
13389,483,42.92,2025-06-26 04:57:07.834106
13390,415,3368.14,2025-11-05 23:48:57.007567
13391,938,240.17,2026-02-15 18:05:47.591575
13392,705,1247.58,2026-03-13 02:00:15.573367
13393,105,1734.53,2026-03-23 00:27:35.013416
13394,200,2444.99,2025-09-21 15:50:22.939127
13395,760,1057.97,2025-08-10 06:19:42.640281
13396,809,2660.19,2026-01-26 20:47:29.884087
13397,483,281.63,2025-07-03 15:18:41.033695
13398,483,,2025-09-29 18:20:37.230162
13399,570,3501.3,2026-03-23 22:14:27.778381
13400,403,4404.47,2026-05-11 13:30:45.028034
13401,617,1732.94,2025-08-26 13:19:06.561330
13402,100,750.54,2026-01-12 17:22:14.651584
13403,965,356.71,2026-05-06 21:13:13.039234
13404,733,,2026-04-21 20:09:14.948321
13405,570,1552.95,2026-04-28 06:20:15.158486
13406,285,437.13,2026-03-13 01:49:21.790717
13407,200,6094.68,2025-08-13 14:14:01.744266
13408,369,4548.68,2025-10-21 01:02:41.948749
13409,588,67.03,2026-01-09 19:24:40.730712
13410,570,1650.9,2026-04-25 16:59:01.556630
13411,365,3114.72,2026-04-06 15:00:05.266969
13412,545,563.11,2025-11-10 17:46:17.853086
13413,785,1484.24,2025-12-15 02:43:26.170133
13414,2,1041.72,2025-07-08 22:11:35.129516
13415,415,437.67,2025-11-21 03:21:11.277516
13416,734,1907.66,2025-12-13 07:51:06.276679
13417,483,10131.93,2025-09-18 19:10:18.433795
13418,577,909.17,2026-05-08 12:17:28.505781
13419,457,1607.62,2025-08-06 15:36:59.450792
13420,986,794.56,2026-01-18 22:55:18.137509
13421,27,4190.31,2025-07-28 00:21:55.660572
13422,415,3999.08,2026-04-07 21:41:00.035486
13423,68,393.91,2025-12-19 22:24:20.473102
13424,196,4604.15,2026-02-22 09:58:49.878216
13425,365,328.59,2025-06-12 10:47:27.721885
13426,191,200.61,2025-10-22 07:04:36.081202
13427,965,2116.48,2026-03-28 21:45:51.525254
13428,963,975.21,2026-04-10 01:11:50.208657
13429,296,1513.2,2025-06-07 10:11:33.997320
13430,576,2114.39,2026-02-28 14:57:22.237679
13431,478,108.57,2025-06-28 09:12:47.923479
13432,791,693.32,2025-07-05 15:48:56.264210
13433,568,1235.73,2025-07-23 16:40:28.656646
13434,1,620.09,2026-01-04 18:01:16.866251
13435,740,100.42,2025-12-27 09:38:08.303847
13436,733,181.33,2025-10-08 06:56:37.524924
13437,446,3236.43,2025-06-29 14:17:29.057685
13438,914,4846.95,2026-02-26 01:04:48.246289
13439,922,330.3,2026-01-16 08:09:09.653944
13440,460,573.4,2025-12-09 15:12:53.027582
13441,543,2112.54,2025-09-12 18:55:04.051535
13442,989,6170.08,2025-07-24 08:09:16.034919
13443,250,712.18,2025-06-30 18:24:22.755369
13444,292,3864.99,2025-07-29 04:20:53.343829
13445,200,1410.54,2026-02-02 12:07:30.053860
13446,910,6272.69,2026-04-28 19:10:25.759865
13447,731,292.96,2025-08-06 20:52:12.038170
13448,98,7274.27,2025-08-06 22:06:22.865855
13449,977,1163.14,2025-11-22 02:46:57.373088
13450,711,6112.6,2026-01-11 10:46:04.939309
13451,829,1227.53,2026-03-24 22:26:01.135737
13452,21,1510.39,2026-04-04 04:24:16.214915
13453,441,3267.21,2026-02-19 10:00:10.828407
13454,654,2564.8,2026-01-09 06:02:11.581207
13455,483,1933.08,2026-02-10 10:22:48.637020
13456,595,1079.07,2025-06-30 11:11:17.092714
13457,791,3144.65,2026-04-24 19:51:03.284753
13458,355,5921.82,2025-11-16 18:08:01.384521
13459,829,19.72,2025-09-15 02:08:28.641721
13460,200,1772.71,2026-04-11 19:58:37.073222
13461,229,4019.55,2026-02-02 19:50:17.894285
13462,16,2117.51,2026-04-25 04:49:29.279955
13463,337,3227.19,2026-04-28 20:46:58.715440
13464,365,4508.75,2025-08-15 05:48:09.807417
13465,771,2780.21,2026-02-16 12:57:52.673740
13466,577,2524.74,2025-08-07 18:29:12.416061
13467,400,6690.35,2025-06-16 18:26:46.992350
13468,577,3985.57,2026-05-09 16:08:21.883543
13469,25,3378.89,2026-01-20 06:01:07.454669
13470,200,180.73,2025-06-30 00:09:11.839615
13471,567,546.32,2026-01-28 11:57:44.943974
13472,577,1627.27,2026-03-13 04:12:15.170719
13473,746,2472.72,2025-07-29 16:20:55.491199
13474,365,,2026-03-28 18:40:13.274682
13475,705,195.95,2026-04-22 09:52:37.120227
13476,618,745.32,2026-04-17 19:17:39.184529
13477,965,2948.32,2025-11-11 23:53:46.213257
13478,200,4197.67,2025-12-13 18:19:48.491277
13479,483,4881.48,2025-10-08 15:31:08.027190
13480,543,952.42,2026-02-02 06:25:39.113946
13481,996,932.15,2025-09-05 23:44:25.439931
13482,200,1044.14,2026-03-27 13:52:41.460496
13483,458,942.6,2026-04-15 21:14:43.377772
13484,312,2194.41,2026-03-05 15:46:45.956890
13485,465,887.34,2025-07-27 00:45:18.940951
13486,200,41.11,2025-08-13 03:36:51.541937
13487,21,1156.16,2025-10-28 20:49:33.490419
13488,498,507.6,2025-12-23 01:19:55.308297
13489,296,58.46,2026-05-25 16:56:09.912315
13490,200,1272.94,2025-11-12 11:56:51.642824
13491,291,461.23,2025-12-05 14:54:14.682314
13492,23,1205.67,2025-09-25 21:55:25.436171
13493,963,650.77,2025-08-20 08:35:02.163627
13494,516,1851.21,2026-05-08 11:07:11.163240
13495,787,9394.0,2025-12-29 07:16:26.010378
13496,381,1584.75,2026-04-25 02:45:52.948919
13497,914,2081.98,2025-07-21 13:00:01.361980
13498,415,5033.43,2025-06-24 06:28:22.958844
13499,502,936.81,2026-03-23 00:42:31.339207
13500,415,364.36,2026-02-03 19:59:24.160102
13501,711,664.79,2026-04-12 15:42:22.635482
13502,483,1030.99,2026-01-29 16:06:58.234282
13503,229,2071.37,2025-10-02 22:44:25.630012
13504,170,9.2,2026-05-16 21:27:10.941796
13505,543,3839.87,2026-01-21 07:59:05.010112
13506,415,158.29,2025-11-17 13:55:57.166366
13507,78,4618.32,2025-09-23 10:51:02.700224
13508,365,5968.97,2025-10-24 23:18:33.048043
13509,457,9231.01,2026-01-08 07:40:10.694241
13510,793,3316.31,2026-01-20 14:53:44.883775
13511,56,305.97,2026-05-14 01:00:25.738098
13512,319,2449.49,2025-11-15 20:16:25.410061
13513,793,454.61,2025-08-06 20:30:09.906879
13514,577,4548.54,2025-07-05 11:14:15.576808
13515,240,761.37,2025-06-12 10:39:46.660256
13516,828,791.41,2025-05-30 22:59:34.114147
13517,415,4993.63,2025-06-03 16:01:04.185687
13518,426,26.64,2025-06-08 18:54:30.188547
13519,976,431.26,2025-11-06 04:39:55.360622
13520,963,1096.13,2025-09-14 21:12:01.213979
13521,332,2412.76,2025-07-29 00:19:52.254601
13522,159,2085.78,2025-09-02 05:47:25.475023
13523,293,2213.76,2026-02-06 17:53:48.542174
13524,5,4240.89,2026-03-14 17:36:03.264885
13525,1,258.01,2026-02-07 19:09:37.398182
13526,365,1476.97,2026-01-15 14:41:07.358237
13527,948,2585.45,2025-06-26 18:04:36.250571
13528,871,2021.85,2025-09-08 13:31:58.258893
13529,450,1189.55,2025-12-31 12:18:26.690097
13530,483,34.53,2025-10-09 20:34:11.557323
13531,1,124.71,2025-08-19 18:58:49.629951
13532,200,253.26,2025-11-07 14:47:36.459074
13533,1,840.84,2025-11-20 17:57:15.564771
13534,733,250.34,2026-03-09 03:15:08.492936
13535,170,1110.54,2025-07-29 02:44:52.419450
13536,865,393.59,2026-04-14 10:46:54.366738
13537,577,3020.69,2026-04-05 15:53:56.605196
13538,200,4103.46,2025-07-24 01:14:24.988909
13539,192,987.44,2026-05-23 14:05:19.370551
13540,569,1432.14,2025-08-08 03:23:53.723362
13541,914,6136.44,2025-10-11 17:09:04.932884
13542,705,1533.62,2026-01-13 16:18:23.985855
13543,320,10626.14,2025-08-23 21:56:02.488556
13544,521,306.61,2025-07-20 01:32:46.831642
13545,272,3964.29,2026-02-01 12:54:53.386833
13546,998,1375.14,2025-11-29 12:15:12.765783
13547,733,45.95,2026-05-16 03:44:07.011778
13548,548,7167.09,2025-09-24 07:24:13.716414
13549,381,6707.55,2025-12-18 07:47:29.778747
13550,556,966.65,2025-11-11 05:45:46.464271
13551,305,6164.41,2025-08-09 12:46:18.082829
13552,5,304.0,2026-05-04 11:20:32.616585
13553,365,2279.56,2025-08-23 19:22:54.598733
13554,939,426.21,2026-04-26 03:09:53.720665
13555,567,566.44,2025-07-10 22:43:24.317421
13556,60,3022.24,2025-11-20 10:19:16.364630
13557,899,947.57,2026-04-08 19:00:31.787146
13558,229,14.31,2025-08-01 04:14:58.127585
13559,200,1069.68,2025-10-21 03:34:28.091081
13560,246,517.72,2025-07-31 13:27:28.618403
13561,506,2299.79,2026-01-04 05:47:44.177598
13562,483,432.46,2025-07-22 07:00:03.823648
13563,415,3693.53,2025-09-19 13:55:30.904106
13564,703,621.47,2025-09-11 01:17:47.465254
13565,285,998.55,2025-09-08 10:42:00.064956
13566,751,707.75,2025-10-10 20:28:28.394575
13567,200,2065.22,2025-12-19 21:43:28.515234
13568,752,213.31,2025-06-01 15:52:09.973599
13569,591,1300.56,2025-10-10 09:28:55.766018
13570,618,814.3,2026-01-29 20:28:07.510226
13571,415,4310.71,2025-08-24 21:48:28.676311
13572,595,152.49,2026-01-11 18:39:46.070348
13573,56,3540.33,2025-12-12 03:04:55.503478
13574,829,367.08,2026-02-19 16:31:33.221884
13575,29,185.5,2026-05-01 06:52:42.954348
13576,179,452.1,2025-11-27 06:06:25.167499
13577,505,216.63,2025-12-31 08:30:31.257401
13578,725,1472.04,2025-07-03 01:39:37.149247
13579,56,8881.85,2025-09-29 16:33:35.886873
13580,936,69.86,2026-03-13 03:24:43.954168
13581,973,1236.56,2025-10-16 21:33:52.954791
13582,543,975.75,2025-08-25 19:15:54.989870
13583,415,829.84,2026-01-27 03:49:08.625247
13584,729,806.53,2026-04-04 13:44:49.787232
13585,293,4507.83,2025-09-12 01:29:13.572216
13586,415,38.32,2026-02-25 02:18:30.232418
13587,936,2982.57,2025-08-31 05:05:33.827553
13588,963,583.2,2025-07-02 12:51:28.001898
13589,939,966.73,2025-11-18 12:11:46.653192
13590,225,1089.97,2025-06-19 17:51:43.278747
13591,200,726.92,2025-11-01 11:39:47.333464
13592,247,196.46,2025-07-08 19:33:53.986607
13593,408,,2026-05-06 02:15:03.553908
13594,281,,2026-04-20 23:11:18.723247
13595,354,3449.8,2025-08-24 00:38:34.365311
13596,562,,2025-07-18 08:55:00.109098
13597,740,2714.56,2026-04-25 06:20:02.057525
13598,716,681.8,2025-12-19 05:50:54.300863
13599,787,4299.13,2025-09-07 01:56:31.929482
13600,5,1118.38,2026-05-04 17:14:18.176420
13601,21,376.82,2025-11-08 06:51:50.670131
13602,760,8515.3,2025-07-13 16:37:38.438161
13603,477,388.71,2025-06-04 10:45:28.939660
13604,508,1676.9,2025-08-24 09:47:58.666567
13605,25,1684.62,2026-01-05 12:12:46.971825
13606,206,933.02,2025-07-23 13:02:00.180935
13607,576,6051.91,2025-06-26 14:37:55.547300
13608,836,3714.19,2026-04-12 09:47:20.334382
13609,936,3541.79,2026-02-14 05:05:48.730358
13610,433,7311.04,2025-06-30 02:09:49.707196
13611,483,1221.69,2026-04-23 07:23:58.792061
13612,806,204.48,2026-05-15 10:03:04.309797
13613,483,2900.22,2026-01-08 13:05:44.407899
13614,457,958.69,2026-01-08 04:42:11.309848
13615,915,422.29,2025-09-18 11:25:39.144809
13616,760,1320.38,2025-06-08 07:49:18.574782
13617,924,5199.8,2026-04-07 00:49:04.726170
13618,200,375.93,2026-01-24 00:23:11.529185
13619,461,3776.97,2026-04-27 03:55:11.969068
13620,821,1083.27,2026-01-22 23:11:02.058265
13621,105,294.22,2025-08-20 12:43:36.884573
13622,761,3772.79,2026-02-16 23:55:00.476780
13623,200,6987.96,2026-05-07 13:46:43.465209
13624,774,688.56,2026-01-05 01:03:19.547184
13625,543,723.48,2026-03-07 18:54:15.671269
13626,200,990.38,2026-01-25 18:31:21.291311
13627,415,3365.42,2025-07-06 12:42:29.830360
13628,617,20.94,2025-06-20 09:19:26.814487
13629,570,507.09,2026-05-18 17:44:44.840594
13630,388,2447.67,2025-11-27 06:43:59.769258
13631,914,1040.54,2025-06-07 22:42:49.494841
13632,457,801.84,2025-06-15 04:34:03.719700
13633,442,4115.88,2025-10-30 13:45:19.195401
13634,36,4985.89,2025-12-12 00:01:16.327200
13635,936,5912.49,2025-11-28 17:40:00.561142
13636,200,636.42,2026-05-24 01:29:04.700464
13637,473,,2025-07-22 22:59:51.088978
13638,768,2670.94,2026-02-10 02:32:14.988728
13639,200,,2025-09-16 13:07:04.942422
13640,470,1884.6,2026-02-01 04:09:49.174456
13641,200,53.38,2025-12-17 08:15:00.093262
13642,738,2464.59,2026-03-07 10:15:14.517979
13643,483,2645.27,2026-02-08 00:23:17.958050
13644,829,3115.01,2025-06-10 05:15:53.817234
13645,908,378.75,2025-10-23 22:46:43.311767
13646,577,1979.07,2026-03-11 05:35:59.072406
13647,708,394.12,2026-01-16 23:41:57.902059
13648,483,5861.77,2025-12-15 03:34:10.541735
13649,365,2247.93,2026-02-06 17:57:16.671393
13650,577,200.36,2025-08-25 02:22:03.664522
13651,921,414.13,2026-02-03 14:12:33.214355
13652,379,2178.08,2026-02-25 14:36:20.375238
13653,281,1295.09,2025-06-01 02:38:43.010688
13654,365,2665.87,2026-01-11 02:37:11.170593
13655,397,659.2,2025-07-13 22:23:44.594839
13656,49,2145.41,2026-02-11 03:18:14.070970
13657,426,389.5,2026-02-24 16:46:38.094454
13658,419,1569.25,2025-07-13 19:08:23.927507
13659,523,6330.65,2026-05-18 08:55:13.182494
13660,333,1978.92,2025-06-26 14:04:09.642963
13661,544,102.57,2025-07-06 02:44:16.445911
13662,886,8976.93,2025-09-21 10:50:12.478585
13663,963,341.26,2025-11-26 17:46:22.519800
13664,521,2532.19,2025-10-06 13:59:06.657751
13665,14,1520.84,2026-03-02 12:23:57.346102
13666,968,697.3,2025-07-14 11:15:51.965162
13667,670,390.35,2025-11-03 23:20:23.454066
13668,296,391.31,2025-06-08 13:02:17.986526
13669,173,,2025-09-28 01:53:46.758880
13670,168,4125.76,2025-07-18 09:17:50.701460
13671,200,1251.52,2025-09-06 00:25:07.393575
13672,17,218.78,2025-08-21 19:47:03.918420
13673,914,4311.18,2025-12-15 06:37:16.389238
13674,483,1335.02,2025-11-07 00:07:00.443736
13675,658,1155.22,2025-09-16 05:20:36.630428
13676,794,1046.33,2025-11-09 09:21:06.450776
13677,761,908.31,2025-11-20 07:25:11.004503
13678,894,1493.12,2026-03-15 07:44:13.506586
13679,965,1855.42,2026-04-06 10:52:53.915248
13680,403,1256.34,2025-09-26 12:58:15.907420
13681,963,4539.23,2026-01-29 14:26:09.690308
13682,705,764.46,2026-03-30 17:06:32.329011
13683,47,1726.98,2025-08-31 21:09:58.479840
13684,617,,2026-01-12 04:43:36.845542
13685,622,2799.57,2025-07-05 01:06:01.443484
13686,916,215.44,2026-05-14 04:49:33.534229
13687,350,418.23,2026-05-25 12:00:23.099475
13688,521,3230.93,2025-11-16 22:10:28.751963
13689,1,404.72,2025-10-26 18:11:38.253288
13690,296,1965.64,2025-08-06 10:07:53.291646
13691,36,7029.41,2025-12-21 08:00:34.582543
13692,457,1480.02,2026-04-04 06:05:59.056463
13693,791,415.02,2025-06-01 18:53:07.836212
13694,200,773.36,2025-10-18 22:03:20.596878
13695,470,3468.39,2026-04-21 21:24:31.827724
13696,200,866.68,2026-03-13 06:50:21.904552
13697,123,2571.17,2025-12-17 03:43:22.235964
13698,448,3004.31,2025-11-19 14:36:26.759128
13699,56,1391.03,2025-09-18 11:43:41.982719
13700,521,3057.68,2026-01-31 01:09:16.215025
13701,5,762.24,2025-08-11 22:13:07.348433
13702,98,1452.0,2026-01-12 10:48:59.926447
13703,483,2320.28,2025-08-06 05:00:10.522590
13704,527,368.02,2025-12-10 05:13:06.221111
13705,5,639.37,2025-12-07 04:02:46.187066
13706,501,2111.32,2026-02-12 18:00:50.828134
13707,812,2130.51,2025-09-22 20:11:26.858616
13708,705,1359.68,2025-06-07 22:34:29.543665
13709,136,3175.21,2025-11-16 00:32:03.686580
13710,531,1315.77,2025-10-08 18:27:40.486351
13711,604,4262.69,2025-07-11 21:35:23.767031
13712,8,2662.88,2026-01-30 01:10:41.586362
13713,829,755.78,2026-03-03 04:40:58.801643
13714,916,1005.89,2025-06-23 16:31:36.387368
13715,829,2203.35,2026-05-12 15:07:30.135477
13716,793,4497.19,2026-02-22 13:10:45.185200
13717,732,393.75,2026-01-12 22:34:55.048887
13718,570,1445.83,2025-09-25 21:03:09.910745
13719,613,252.91,2025-11-03 21:24:01.497449
13720,772,655.5,2025-06-02 02:43:43.920013
13721,589,2316.61,2026-03-28 06:41:47.059526
13722,293,161.84,2025-11-06 02:49:15.634712
13723,357,2171.54,2025-08-08 22:51:36.745598
13724,914,4621.46,2026-02-14 11:04:37.142246
13725,1,6971.57,2025-12-24 07:33:50.257328
13726,655,488.31,2026-01-21 14:33:36.853900
13727,963,2763.79,2026-01-30 03:34:28.857216
13728,671,5217.42,2025-12-12 23:14:17.402736
13729,986,191.63,2026-05-28 06:41:32.170457
13730,625,1068.95,2025-08-17 23:12:32.336948
13731,5,5036.76,2026-05-04 23:51:48.842883
13732,793,453.27,2026-03-29 02:04:39.678208
13733,235,5428.96,2026-03-17 07:55:03.235396
13734,415,1498.13,2025-08-14 02:59:29.405805
13735,276,210.48,2025-06-29 08:58:21.122897
13736,229,1195.23,2026-03-01 14:06:22.136737
13737,396,,2025-12-20 05:51:22.472076
13738,364,663.14,2025-10-14 17:45:12.472270
13739,570,1559.48,2025-11-08 21:57:34.019735
13740,783,1321.72,2025-11-16 19:55:51.863742
13741,246,1315.43,2025-07-21 23:54:52.919288
13742,200,184.54,2025-08-24 20:36:16.963603
13743,595,3242.19,2025-07-18 00:45:21.989034
13744,600,1313.4,2026-01-05 09:31:52.233026
13745,914,3439.69,2025-09-19 17:54:36.314925
13746,1,3481.31,2026-05-10 20:51:47.359964
13747,829,762.92,2025-08-12 18:12:19.573828
13748,457,8.71,2025-10-02 18:30:15.255574
13749,563,4843.77,2025-12-12 13:04:01.539753
13750,68,2860.03,2025-07-15 02:21:38.795530
13751,396,226.9,2026-05-09 01:50:41.727111
13752,200,2419.49,2025-06-20 11:34:42.547980
13753,206,40.45,2025-12-08 09:34:27.407130
13754,441,56.3,2025-06-01 10:16:38.325340
13755,781,1492.35,2025-10-23 22:11:08.037066
13756,730,201.93,2025-09-13 16:38:04.838138
13757,525,6667.26,2025-09-20 12:13:25.034710
13758,483,4485.45,2025-08-19 12:55:00.775238
13759,388,2098.57,2025-10-17 17:45:12.822691
13760,973,131.66,2025-10-30 17:46:57.919095
13761,483,785.6,2026-01-13 07:00:55.556809
13762,206,929.55,2025-08-25 13:03:23.316748
13763,200,1311.24,2026-02-18 00:42:28.985789
13764,543,370.02,2025-08-18 16:22:34.262686
13765,458,1723.19,2025-12-17 03:43:30.896429
13766,1,1144.59,2025-12-15 07:52:51.235704
13767,798,5886.16,2026-02-28 01:38:02.495068
13768,665,5503.85,2026-04-12 07:32:39.759914
13769,588,1667.0,2025-09-24 10:20:46.269848
13770,42,2067.61,2025-07-03 16:31:33.763484
13771,333,296.53,2026-05-04 06:30:48.570956
13772,941,505.46,2025-12-13 00:15:12.549607
13773,846,4619.53,2026-04-17 15:53:55.699502
13774,239,2402.39,2025-09-11 08:34:42.651540
13775,191,420.04,2025-11-19 18:33:42.448505
13776,415,1688.92,2026-03-28 06:53:19.239046
13777,331,5459.4,2025-09-19 07:29:25.282957
13778,617,846.76,2025-09-16 11:59:28.407817
13779,965,411.15,2026-01-30 05:55:40.899195
13780,333,5695.5,2026-04-05 06:38:35.818078
13781,35,1237.06,2026-01-17 04:16:35.889965
13782,914,1079.97,2025-08-04 05:39:43.070815
13783,9,622.77,2026-05-17 21:14:34.899085
13784,963,4443.58,2026-01-05 04:17:23.241318
13785,593,3736.63,2025-09-21 11:50:18.904074
13786,951,1031.64,2026-01-12 04:14:05.721323
13787,200,62.18,2025-08-16 22:13:06.502833
13788,12,1183.53,2025-11-05 23:16:41.723727
13789,415,399.0,2026-02-24 12:10:38.405488
13790,415,308.01,2026-05-11 02:08:59.871007
13791,296,998.76,2026-04-24 20:43:02.087555
13792,963,208.67,2026-04-17 18:01:30.176958
13793,793,6314.83,2025-10-21 00:30:20.919991
13794,588,97.41,2026-04-29 20:12:48.963673
13795,200,1026.22,2025-08-18 11:24:27.580065
13796,713,355.15,2025-08-06 22:40:54.687434
13797,710,2334.71,2025-06-10 22:52:25.460340
13798,386,164.18,2026-02-16 07:43:43.217220
13799,938,1582.87,2026-03-20 19:50:28.703583
13800,200,2966.5,2026-03-25 21:30:07.992941
13801,229,5993.86,2025-07-15 23:17:41.665280
13802,38,2398.15,2025-11-02 20:49:11.678979
13803,761,209.59,2025-10-14 11:32:24.081345
13804,563,185.37,2026-01-28 17:37:56.895019
13805,282,2630.54,2025-12-06 15:00:23.156028
13806,200,484.98,2025-11-18 18:05:08.747124
13807,12,1185.66,2025-11-29 00:22:42.310289
13808,200,,2025-10-02 12:46:44.102914
13809,415,3428.56,2025-10-21 19:07:57.087476
13810,200,3749.33,2025-12-17 00:50:29.366247
13811,215,3943.25,2026-02-20 07:46:55.266622
13812,884,,2026-03-19 14:13:01.090501
13813,457,2724.64,2025-06-17 10:05:57.281108
13814,711,889.33,2026-01-17 12:26:17.216850
13815,7,12934.14,2025-08-03 06:43:41.582655
13816,339,655.96,2025-07-24 14:56:44.174233
13817,415,1783.23,2026-05-17 21:32:09.636412
13818,200,662.74,2025-06-29 12:56:09.260426
13819,122,237.73,2025-12-02 21:24:17.552004
13820,868,1676.74,2025-10-03 17:09:46.858308
13821,946,871.9,2026-01-07 18:49:02.571637
13822,56,1750.39,2025-12-25 20:09:31.005021
13823,321,1635.96,2025-09-30 17:08:02.350159
13824,963,1562.89,2025-11-19 02:26:40.779935
13825,59,263.18,2025-06-07 11:39:31.894833
13826,577,1160.28,2026-02-20 23:04:00.614552
13827,973,3342.67,2025-06-24 08:40:38.309902
13828,977,757.09,2025-11-01 12:30:41.608554
13829,415,,2025-10-23 07:30:57.351262
13830,200,1361.77,2026-01-24 23:15:38.534604
13831,200,3971.63,2025-11-29 20:01:57.318782
13832,901,2131.9,2025-09-12 07:31:26.390763
13833,928,211.17,2026-04-04 15:24:10.741101
13834,543,4007.5,2025-07-13 09:54:06.594662
13835,740,3568.37,2025-07-15 05:32:16.697661
13836,727,2801.97,2025-11-06 05:45:13.791872
13837,588,1254.94,2025-10-04 02:06:43.627306
13838,793,2833.88,2025-11-02 07:58:07.882890
13839,619,1303.02,2025-12-31 15:44:59.182003
13840,479,2668.34,2026-04-23 09:17:56.401995
13841,200,4242.36,2025-12-10 21:56:21.664931
13842,731,4424.42,2025-11-18 07:50:55.882407
13843,415,1212.39,2026-02-17 09:33:24.317734
13844,244,3922.86,2025-06-13 07:15:53.606825
13845,768,213.96,2026-03-20 00:23:26.163089
13846,647,214.77,2026-04-03 03:32:44.714936
13847,944,1589.33,2025-11-26 23:50:38.541954
13848,200,2110.21,2025-11-16 21:44:58.572761
13849,577,332.09,2025-10-06 10:37:14.409005
13850,200,1278.0,2025-06-19 05:41:08.344506
13851,914,198.23,2025-10-17 12:11:33.179596
13852,83,1843.11,2026-03-21 07:29:38.326630
13853,580,3863.34,2026-05-12 08:49:25.510117
13854,761,2676.07,2026-01-01 09:13:07.491840
13855,331,950.57,2025-09-24 23:49:18.734158
13856,963,10164.41,2025-06-19 22:08:12.957919
13857,829,2174.96,2026-03-17 20:24:42.946729
13858,244,3377.49,2026-04-13 06:13:20.718928
13859,1,2215.49,2025-08-13 00:01:21.785771
13860,245,9096.88,2025-06-05 16:38:22.930211
13861,229,3444.76,2025-07-02 15:53:27.257867
13862,903,1465.54,2026-03-26 15:18:49.847731
13863,965,914.19,2026-01-11 23:53:26.327241
13864,47,2292.38,2025-09-16 03:48:40.056982
13865,415,1784.28,2025-08-15 13:45:37.888006
13866,483,1985.0,2025-08-02 10:07:42.177945
13867,69,840.18,2025-06-06 09:45:03.505185
13868,360,1119.78,2025-07-18 20:50:36.991690
13869,286,1633.33,2025-06-30 20:20:35.440755
13870,483,3656.23,2025-08-15 18:46:41.474358
13871,587,2878.62,2026-04-30 12:25:08.541868
13872,665,252.61,2026-01-28 01:56:12.928730
13873,148,563.54,2025-09-23 19:44:36.746490
13874,783,54.04,2026-05-20 12:22:59.008135
13875,613,15.98,2025-06-06 09:29:28.626146
13876,901,508.17,2026-03-26 10:14:46.317038
13877,415,3212.1,2026-04-23 07:45:55.119057
13878,905,4702.45,2026-02-01 10:16:58.735997
13879,856,994.4,2025-12-10 22:20:57.333724
13880,401,,2025-09-16 15:08:28.136082
13881,365,2448.71,2025-10-10 05:32:42.129559
13882,939,6112.52,2025-08-24 14:24:33.835771
13883,696,4882.14,2025-10-30 19:54:10.127750
13884,939,117.79,2026-05-06 12:26:05.996471
13885,763,570.48,2025-10-03 04:40:27.903984
13886,543,100.79,2025-06-12 23:14:21.159223
13887,110,1917.05,2025-06-02 11:25:50.866635
13888,242,2479.15,2026-05-04 09:14:32.585485
13889,967,737.16,2026-05-23 00:02:11.920232
13890,288,,2026-02-27 21:29:35.450295
13891,70,1205.93,2025-07-21 08:58:14.769450
13892,676,12852.53,2026-05-27 22:10:25.480497
13893,711,0.8,2026-03-09 15:00:00.453393
13894,238,231.92,2025-06-20 09:23:32.922760
13895,247,718.48,2025-08-22 19:55:01.140177
13896,415,51.68,2026-01-09 20:26:46.718305
13897,1,3049.64,2025-08-30 12:36:44.855751
13898,760,108.43,2026-02-02 11:18:46.983534
13899,286,2764.44,2025-09-01 05:50:18.907002
13900,829,108.0,2026-02-03 11:14:57.212678
13901,768,582.65,2026-03-27 21:21:16.531633
13902,588,3681.19,2025-12-19 23:39:24.910314
13903,293,6035.76,2026-03-30 21:57:19.428331
13904,457,1070.67,2025-07-08 00:06:53.906652
13905,415,7009.05,2025-06-26 07:10:14.934611
13906,298,1971.72,2026-05-19 00:40:09.747647
13907,829,1075.14,2025-10-30 00:34:39.095095
13908,415,3247.09,2026-05-20 10:41:08.020009
13909,805,700.05,2026-05-21 01:09:02.836207
13910,98,617.94,2025-06-28 10:20:09.602601
13911,160,2137.41,2026-01-14 08:31:50.815751
13912,977,990.19,2026-04-22 05:20:01.314736
13913,522,292.18,2026-02-23 21:25:26.973304
13914,446,138.62,2026-03-23 23:51:44.001305
13915,458,3100.85,2025-08-04 20:15:14.852000
13916,200,2253.47,2026-02-05 00:32:08.922077
13917,705,1061.37,2025-08-22 04:14:19.367103
13918,60,4531.11,2025-10-08 07:17:03.797632
13919,501,1058.17,2026-04-03 07:48:42.958069
13920,492,2477.79,2026-04-20 10:59:52.902092
13921,932,4796.33,2025-12-21 18:10:07.565002
13922,466,3674.13,2025-11-09 00:22:41.500418
13923,149,1431.21,2026-03-19 03:38:26.064394
13924,498,2282.85,2026-02-20 16:40:02.518309
13925,68,1067.73,2025-10-31 15:06:33.352987
13926,200,2083.69,2025-11-17 19:25:38.774083
13927,5,595.61,2025-10-25 17:18:48.027574
13928,455,1140.95,2025-08-24 23:18:50.888330
13929,60,470.29,2025-08-02 07:33:59.592939
13930,415,77.87,2025-11-01 16:36:24.531923
13931,939,1776.09,2025-10-20 01:49:16.906624
13932,705,3996.52,2026-02-05 19:15:44.717534
13933,56,51.82,2025-12-02 07:25:57.075758
13934,200,,2025-10-13 08:39:09.127764
13935,605,1233.06,2025-06-27 21:21:43.716341
13936,908,2192.61,2026-05-20 07:57:43.608565
13937,5,375.62,2025-07-16 23:56:25.495610
13938,781,116.73,2025-12-25 19:26:14.545203
13939,483,1463.98,2025-11-21 21:31:57.635395
13940,483,3415.31,2026-04-19 09:10:42.195900
13941,963,71.74,2026-01-16 21:09:09.602778
13942,733,859.63,2025-08-29 22:38:52.356683
13943,829,2178.4,2026-02-15 05:45:05.634512
13944,331,280.23,2025-07-13 22:15:50.568472
13945,483,538.24,2026-03-22 16:42:55.235851
13946,551,1533.56,2026-05-17 23:24:47.822432
13947,291,6125.1,2026-02-20 01:17:08.211818
13948,490,677.51,2026-02-19 15:28:01.700939
13949,200,1337.02,2025-08-06 18:48:58.549490
13950,168,1021.42,2026-02-19 09:14:44.980994
13951,353,4553.77,2026-02-05 14:32:43.744411
13952,725,149.21,2026-02-01 12:50:23.124205
13953,936,1670.1,2025-08-24 07:34:09.424896
13954,415,3743.16,2025-09-15 12:54:33.948218
13955,577,8865.39,2026-05-06 11:11:16.486681
13956,93,2399.47,2026-01-04 18:15:47.369059
13957,914,955.86,2026-04-19 11:43:04.208408
13958,486,1061.46,2025-07-21 01:46:43.634328
13959,751,866.75,2026-01-04 08:52:07.155633
13960,761,1850.73,2026-02-02 02:47:48.556914
13961,207,2689.58,2025-06-29 19:28:21.962728
13962,474,3423.69,2026-01-03 15:21:41.487799
13963,965,1077.74,2025-10-08 09:26:18.375141
13964,68,2522.56,2025-12-02 13:48:07.991006
13965,618,4959.18,2026-01-05 02:51:56.217291
13966,965,5072.18,2026-03-21 01:47:21.444216
13967,254,2434.99,2025-07-25 05:20:49.139701
13968,845,2026.17,2025-08-23 19:35:02.004255
13969,940,1516.55,2026-05-24 21:15:42.881817
13970,733,404.72,2026-05-09 19:23:52.304419
13971,200,263.93,2025-07-07 03:08:37.265381
13972,296,1329.94,2026-05-29 12:36:41.680071
13973,8,347.38,2025-12-13 03:59:39.781554
13974,801,1720.77,2026-05-10 08:40:25.315720
13975,829,2075.24,2025-09-09 15:29:26.474055
13976,570,1491.47,2026-03-06 23:29:48.860571
13977,327,74.21,2025-08-23 17:07:19.590340
13978,56,118.92,2026-01-18 19:32:04.434254
13979,733,240.59,2025-08-30 09:12:31.567885
13980,710,333.63,2025-10-25 05:58:29.815978
13981,929,9187.0,2025-11-12 01:59:57.374670
13982,711,844.7,2025-12-06 22:57:08.761724
13983,795,690.55,2025-10-21 04:08:15.872306
13984,733,107.36,2025-10-13 14:17:14.087272
13985,570,2017.47,2026-05-29 10:54:46.050972
13986,388,2112.2,2025-10-10 17:29:22.999704
13987,914,385.83,2026-04-06 18:07:49.776848
13988,577,5032.59,2025-09-20 00:44:02.532520
13989,365,3223.82,2025-06-28 00:44:48.348390
13990,59,523.56,2026-02-14 09:48:59.823878
13991,242,,2025-11-11 08:02:05.720910
13992,483,1226.42,2026-03-13 16:07:57.065925
13993,229,857.02,2026-02-22 09:49:25.464658
13994,200,3403.49,2025-06-24 17:16:52.432235
13995,470,231.42,2026-01-05 03:21:07.719656
13996,200,1073.36,2026-05-20 05:31:24.948534
13997,767,1117.34,2025-08-27 14:50:50.192504
13998,415,1264.95,2026-01-27 14:18:04.162503
13999,502,3951.6,2025-10-07 12:12:25.448478
14000,174,492.23,2025-12-06 07:21:05.924748
14001,291,217.23,2025-11-18 09:33:30.613901
14002,369,1923.67,2025-09-26 18:25:58.810823
14003,775,381.92,2026-01-21 02:52:12.310726
14004,744,155.78,2025-07-08 12:58:09.412925
14005,200,1112.52,2025-08-20 16:55:57.236331
14006,552,496.02,2026-05-20 11:10:14.319386
14007,200,896.38,2026-04-12 16:06:05.862814
14008,984,601.43,2026-05-26 22:46:30.084264
14009,963,194.42,2025-11-27 20:02:22.353182
14010,483,1643.54,2025-08-16 22:38:41.478020
14011,655,54.78,2025-12-15 23:24:01.735614
14012,767,6784.99,2025-10-21 07:47:32.013197
14013,705,,2026-02-04 01:34:08.324713
14014,657,2375.92,2025-12-08 13:45:16.653941
14015,963,3325.29,2026-05-02 17:07:21.020471
14016,540,,2025-11-23 23:05:32.700628
14017,572,2762.52,2025-06-08 17:24:56.797702
14018,829,3572.6,2026-01-25 12:07:43.003241
14019,600,552.34,2026-05-16 17:12:41.729043
14020,711,9784.29,2025-09-22 14:45:45.326135
14021,200,41.81,2025-12-31 05:38:28.861967
14022,350,489.25,2026-04-16 08:14:31.733048
14023,173,3028.44,2026-04-05 14:50:49.116446
14024,442,,2025-06-19 01:24:58.114701
14025,415,2396.38,2026-05-17 21:21:30.895743
14026,991,3869.37,2026-05-12 19:37:57.746376
14027,543,6398.85,2025-10-04 18:01:56.365488
14028,760,1285.85,2026-02-26 21:53:34.899294
14029,296,7088.46,2025-07-05 03:16:47.229928
14030,802,1060.77,2026-01-14 09:30:46.862083
14031,550,492.13,2025-07-27 22:13:14.233329
14032,648,1442.77,2026-03-30 05:36:46.884778
14033,244,2098.63,2025-05-31 10:15:17.088627
14034,483,1224.84,2026-03-10 05:56:50.265327
14035,570,1673.91,2025-09-21 03:51:02.475559
14036,523,1077.11,2026-01-22 20:21:39.254755
14037,934,1487.88,2025-11-29 01:06:16.289185
14038,914,6098.08,2026-02-09 07:29:02.839307
14039,973,1385.62,2025-11-10 06:36:41.981774
14040,596,583.86,2025-11-04 06:17:23.899973
14041,973,2843.82,2025-07-09 23:26:51.779739
14042,804,823.72,2025-08-09 02:41:03.665207
14043,229,3387.89,2026-05-06 11:25:40.788703
14044,388,117.04,2025-08-25 16:34:28.716630
14045,200,807.47,2026-04-04 18:14:56.943646
14046,1,198.23,2025-09-04 13:09:21.619433
14047,200,178.36,2026-05-04 05:14:31.137068
14048,1,2148.17,2026-01-27 15:20:18.526765
14049,705,973.36,2025-07-29 16:41:36.974269
14050,386,4103.33,2025-10-26 21:39:54.209399
14051,278,1453.02,2025-09-17 15:24:40.229520
14052,740,700.09,2025-12-29 09:26:55.718795
14053,804,2552.29,2026-01-31 01:54:04.577969
14054,973,1956.42,2025-12-04 18:18:07.316942
14055,577,3214.83,2026-05-22 16:33:53.898599
14056,415,2063.34,2025-07-24 07:13:14.708949
14057,266,365.48,2026-05-20 17:56:47.752791
14058,200,2219.21,2026-02-09 11:57:59.389718
14059,200,993.68,2026-04-30 04:59:12.033265
14060,368,1244.05,2025-08-05 19:58:04.868839
14061,986,5090.96,2025-11-02 19:21:56.310149
14062,1,892.46,2026-02-08 23:52:56.367042
14063,200,,2026-02-26 14:31:52.410451
14064,200,903.48,2025-09-04 00:52:29.094277
14065,702,199.04,2025-12-29 00:42:31.899512
14066,327,1208.53,2025-07-24 07:33:42.910250
14067,415,1817.94,2026-01-24 21:05:33.071175
14068,178,1046.82,2026-04-27 20:42:52.245839
14069,365,990.78,2025-12-27 23:05:37.053084
14070,94,3433.81,2025-10-01 23:59:53.828424
14071,477,60.27,2025-07-03 10:41:09.868196
14072,81,700.78,2026-05-24 12:33:00.256078
14073,761,3340.05,2025-07-28 05:44:53.641533
14074,483,5064.76,2025-11-22 07:35:43.013613
14075,705,1063.08,2026-05-24 02:44:24.093583
14076,379,4392.75,2026-01-30 06:43:16.254513
14077,365,443.61,2025-08-20 19:24:09.238955
14078,81,500.59,2025-06-12 18:07:56.794459
14079,460,,2026-02-16 05:28:41.917164
14080,457,4671.41,2025-08-08 17:22:59.633755
14081,415,504.13,2026-05-12 08:12:24.642929
14082,728,122.31,2025-07-25 09:36:38.766016
14083,804,189.33,2025-07-25 04:31:02.857610
14084,733,605.95,2026-03-21 02:21:04.620743
14085,169,2866.34,2025-07-02 09:45:48.104967
14086,563,1426.67,2025-09-26 02:21:37.722161
14087,56,1216.1,2025-09-09 03:29:22.127054
14088,641,1754.81,2026-01-15 16:49:31.535423
14089,365,4418.61,2025-06-10 12:28:24.015803
14090,139,189.57,2025-07-02 17:38:50.035004
14091,846,2373.08,2026-03-08 03:01:03.227075
14092,547,5228.87,2026-03-28 08:28:49.360159
14093,331,479.94,2026-01-15 10:22:10.582334
14094,5,3637.51,2025-12-07 17:06:17.604347
14095,483,2394.82,2025-10-31 09:54:41.320595
14096,936,29.15,2025-08-13 15:20:28.371846
14097,540,526.92,2025-09-12 05:43:52.676229
14098,973,1862.02,2026-03-27 23:33:16.528994
14099,147,1395.92,2026-05-26 18:15:25.381371
14100,486,,2026-04-25 21:17:49.584476
14101,767,527.75,2026-01-15 14:05:09.728709
14102,464,2247.88,2026-03-10 21:20:12.826852
14103,68,619.63,2025-12-02 17:13:13.411031
14104,519,986.74,2025-10-11 08:00:41.982388
14105,543,920.63,2025-07-27 13:24:23.637764
14106,711,2229.64,2025-08-13 21:56:35.102247
14107,740,189.18,2025-07-08 14:17:21.812458
14108,744,460.19,2025-10-10 11:51:42.053277
14109,591,447.53,2025-08-11 17:34:10.110309
14110,200,229.53,2025-09-28 21:24:29.683906
14111,365,465.37,2025-10-08 22:17:38.147521
14112,750,1868.2,2026-04-12 10:23:32.273347
14113,963,2634.79,2026-02-04 08:53:05.095542
14114,56,2159.41,2026-01-26 20:14:16.574909
14115,481,1289.43,2025-08-22 02:58:00.954303
14116,278,107.72,2025-08-06 01:55:35.373839
14117,200,6388.71,2025-11-28 03:55:33.924109
14118,442,368.03,2025-06-29 15:45:41.111161
14119,543,2207.78,2026-02-11 11:12:26.762986
14120,1,4881.18,2026-05-06 19:02:31.948926
14121,751,2393.18,2026-02-08 17:54:19.925256
14122,792,491.93,2025-10-01 16:57:58.321061
14123,965,759.0,2025-07-12 02:06:06.313545
14124,200,61.34,2025-10-17 12:35:11.970248
14125,535,,2026-04-26 00:34:23.503375
14126,388,1898.62,2025-12-28 02:40:50.601614
14127,296,2585.61,2026-05-27 19:26:36.245129
14128,483,22.11,2026-05-02 04:31:59.277087
14129,752,3405.75,2025-07-19 15:03:24.848089
14130,1,2684.26,2025-06-18 21:45:58.610068
14131,969,303.71,2026-04-02 11:34:28.837774
14132,776,854.28,2025-08-01 13:04:30.890916
14133,733,2035.12,2025-11-13 12:05:46.910028
14134,739,1369.55,2026-05-25 23:59:51.841724
14135,365,244.55,2026-05-27 23:59:36.251961
14136,733,182.8,2026-02-06 05:06:19.656105
14137,365,3041.54,2025-09-27 16:12:16.166578
14138,914,339.13,2025-06-20 06:43:19.856387
14139,200,377.71,2025-08-30 17:29:25.694543
14140,243,3554.8,2025-12-21 04:31:21.597291
14141,483,1894.22,2025-08-22 09:10:21.215449
14142,288,1856.3,2025-06-25 00:19:20.610918
14143,385,1305.34,2025-11-10 22:55:07.115671
14144,415,1683.27,2025-06-18 12:15:44.763816
14145,830,1841.45,2026-04-20 10:20:35.988363
14146,458,6873.21,2025-08-28 17:50:05.997517
14147,333,504.56,2025-12-24 03:31:18.068441
14148,200,483.03,2025-09-02 10:06:33.863864
14149,367,117.84,2025-06-11 19:13:57.742952
14150,457,2147.05,2026-03-21 08:00:14.607350
14151,733,1592.76,2026-04-20 03:18:22.442206
14152,123,235.85,2025-12-28 07:23:09.965515
14153,200,906.81,2025-11-22 19:16:14.533313
14154,365,393.64,2026-05-13 00:54:22.753953
14155,333,805.38,2026-05-05 07:40:54.079532
14156,365,6042.68,2026-01-05 22:21:32.586182
14157,761,2299.72,2026-02-09 10:52:24.069666
14158,291,15.2,2025-12-12 09:24:12.189393
14159,434,582.06,2025-09-18 04:17:16.304086
14160,565,20.83,2025-07-12 04:50:45.478338
14161,200,2509.61,2025-06-11 20:45:47.011646
14162,705,1267.58,2025-12-05 23:12:42.540617
14163,483,10238.23,2025-06-22 22:52:45.746237
14164,415,2645.39,2025-12-03 18:16:20.314567
14165,776,1459.26,2026-01-01 22:32:30.355420
14166,200,3266.49,2025-11-28 13:42:10.510937
14167,896,2440.23,2026-03-11 02:16:01.686513
14168,483,558.84,2025-06-02 16:47:47.519864
14169,543,1511.14,2025-10-31 10:25:44.773905
14170,882,1623.86,2025-07-09 11:38:00.069648
14171,791,1200.16,2025-09-23 08:53:48.949514
14172,543,394.93,2025-10-22 00:49:35.718342
14173,733,505.58,2026-04-23 16:23:09.767661
14174,396,659.92,2025-12-29 19:10:42.310924
14175,483,20.62,2025-07-20 23:57:37.465818
14176,35,4976.48,2025-08-14 07:46:02.842373
14177,68,2317.34,2026-03-23 04:54:58.690180
14178,796,2339.9,2025-10-29 13:42:27.809672
14179,33,1698.81,2026-01-25 10:17:11.131531
14180,200,2337.92,2025-08-09 23:16:57.031429
14181,761,8019.55,2025-10-03 15:26:06.453406
14182,1,972.79,2025-12-11 08:14:18.871554
14183,229,2493.24,2025-06-02 15:50:47.580453
14184,521,891.1,2025-11-20 09:21:28.218382
14185,537,3852.26,2026-05-22 13:21:23.770482
14186,751,3904.26,2026-03-27 01:59:06.665196
14187,442,4651.02,2025-12-28 18:17:33.486104
14188,446,10.96,2026-03-21 12:54:17.194243
14189,708,708.19,2025-08-16 21:10:39.591663
14190,427,287.57,2025-08-20 04:36:22.089868
14191,543,1210.22,2026-04-17 21:10:54.126304
14192,914,1368.18,2026-04-17 18:29:16.327761
14193,365,591.17,2026-02-14 14:41:28.989693
14194,365,2570.7,2025-07-20 03:20:17.529001
14195,1,628.79,2025-08-19 01:17:51.560377
14196,545,3846.81,2026-03-10 03:16:09.061802
14197,5,391.2,2025-06-18 20:18:49.479131
14198,441,915.31,2026-03-28 11:42:46.113345
14199,769,1946.98,2025-05-31 15:01:22.558059
14200,483,1859.44,2026-04-01 13:56:52.448156
14201,229,162.48,2025-08-02 12:06:07.829293
14202,760,3744.97,2025-10-23 15:27:15.150084
14203,229,1822.93,2025-06-30 15:18:30.758415
14204,711,4078.28,2026-05-07 10:14:29.878889
14205,543,4044.39,2025-09-07 20:31:59.517361
14206,200,1578.96,2025-11-02 22:10:36.460978
14207,916,4833.33,2025-12-09 13:08:23.305262
14208,200,3773.12,2025-07-15 14:29:41.563941
14209,986,6346.03,2025-10-06 06:31:37.290868
14210,1,3800.9,2025-12-19 01:56:15.220019
14211,229,3443.02,2025-08-28 21:32:41.922603
14212,200,1267.34,2025-06-29 08:29:25.130732
14213,1,476.59,2026-03-05 20:42:25.132075
14214,711,,2025-09-23 01:05:39.852530
14215,640,2564.22,2025-09-24 04:59:58.459604
14216,761,661.87,2025-06-25 16:19:23.978572
14217,208,834.05,2025-10-24 14:53:10.925622
14218,415,,2026-03-27 20:15:05.116859
14219,587,1299.48,2025-08-31 22:51:34.234263
14220,403,169.99,2026-05-02 23:32:02.890782
14221,650,305.02,2026-03-15 09:16:46.915379
14222,570,2738.08,2025-12-15 18:50:38.232360
14223,108,796.69,2025-10-08 04:05:32.196809
14224,751,1417.13,2026-04-01 06:38:22.334842
14225,705,2910.19,2025-08-27 10:02:38.656045
14226,578,2782.02,2025-09-10 02:38:09.196020
14227,191,365.48,2025-10-05 17:26:01.440186
14228,229,207.16,2026-01-10 23:07:54.083118
14229,365,1788.83,2025-10-20 03:32:14.349138
14230,229,2706.75,2025-09-07 17:53:33.488411
14231,200,322.78,2025-08-28 21:27:38.891815
14232,772,930.29,2025-11-07 22:38:59.443416
14233,576,4084.72,2025-07-28 02:42:30.933138
14234,483,5772.79,2025-10-05 09:51:30.191972
14235,200,,2025-12-01 12:14:09.230666
14236,936,165.71,2025-08-28 15:25:29.884583
14237,200,595.99,2025-07-23 08:22:33.102117
14238,761,530.46,2025-09-28 10:11:38.227872
14239,965,546.15,2026-03-18 06:45:10.073353
14240,710,1361.97,2026-05-12 04:03:56.155935
14241,986,1750.42,2025-06-07 10:15:29.341082
14242,577,261.38,2025-08-08 18:37:57.654709
14243,200,4402.87,2026-04-21 07:35:51.286821
14244,200,1935.03,2026-03-10 00:49:13.754428
14245,291,1818.89,2025-12-14 15:12:16.260759
14246,1,,2026-01-14 11:08:37.996304
14247,617,1978.5,2025-10-25 05:24:59.858654
14248,229,5289.0,2026-04-17 19:12:37.359365
14249,789,674.46,2026-04-21 10:03:03.588129
14250,332,549.21,2026-04-01 18:28:06.774400
14251,415,1453.49,2025-07-24 14:52:14.334731
14252,965,1421.03,2025-11-29 04:44:28.052419
14253,200,513.62,2025-08-07 03:19:36.099007
14254,705,2405.65,2026-04-27 02:27:56.114473
14255,733,60.16,2025-06-12 07:21:13.189329
14256,200,2346.44,2025-11-24 03:57:02.492860
14257,434,1221.95,2025-10-12 13:29:25.383914
14258,324,2335.97,2025-08-14 22:18:59.248498
14259,746,1296.66,2026-03-22 09:58:15.939254
14260,563,7573.76,2026-03-09 19:18:04.247542
14261,415,814.99,2025-08-19 08:15:16.962781
14262,751,8099.46,2025-11-18 05:42:00.985405
14263,200,134.36,2026-03-12 01:09:08.472661
14264,733,2302.51,2026-01-20 04:17:44.691387
14265,854,1211.08,2026-01-26 06:26:38.376065
14266,886,3453.49,2025-11-25 05:38:46.886887
14267,753,3117.64,2025-12-02 17:32:21.356627
14268,365,3220.98,2026-01-26 16:33:04.096996
14269,977,199.06,2025-11-17 19:29:09.442838
14270,365,,2026-02-03 08:56:59.148167
14271,576,481.7,2025-06-10 12:28:21.438817
14272,200,52.03,2025-11-01 09:48:41.242823
14273,977,491.13,2025-12-28 06:17:36.614361
14274,665,1305.11,2026-05-24 05:02:16.018928
14275,733,2710.45,2025-07-01 17:57:38.218538
14276,39,493.42,2025-11-19 01:39:26.689170
14277,740,239.84,2026-05-02 03:53:26.998763
14278,746,2076.73,2026-05-12 13:10:42.685086
14279,604,8257.63,2026-05-14 00:43:57.076599
14280,242,1836.94,2025-10-20 03:34:50.393802
14281,415,2349.2,2026-01-22 23:08:21.294508
14282,103,1647.27,2025-10-03 16:37:33.872607
14283,415,3049.72,2026-04-20 05:44:53.447778
14284,200,7443.17,2025-07-09 10:47:17.446162
14285,322,1571.09,2025-07-09 09:09:23.913324
14286,200,1078.42,2025-06-19 03:09:01.763942
14287,200,3937.13,2025-08-24 04:22:41.943692
14288,56,6995.09,2026-02-12 00:27:11.560380
14289,936,276.64,2025-10-23 21:18:55.160285
14290,474,1726.31,2026-05-16 12:56:12.231653
14291,365,3144.86,2026-02-23 04:53:55.092024
14292,480,1524.31,2025-12-18 12:51:59.709098
14293,570,1052.55,2026-01-10 11:36:37.432243
14294,936,2129.75,2026-01-03 05:11:37.656810
14295,200,629.77,2026-03-24 05:35:16.778044
14296,245,858.9,2025-08-13 21:34:36.089623
14297,974,9727.02,2026-03-05 22:15:20.893343
14298,350,2023.76,2025-07-03 02:43:12.742849
14299,1,4125.99,2025-12-14 13:49:42.803695
14300,175,3298.11,2026-02-23 01:56:01.041312
14301,2,2112.67,2025-10-06 11:21:16.448693
14302,986,3674.3,2025-10-11 19:23:20.952556
14303,229,676.99,2025-06-28 17:38:51.050213
14304,936,2027.35,2026-03-05 03:48:10.713403
14305,987,1786.14,2026-02-27 21:25:54.945632
14306,543,1947.94,2025-05-31 03:14:09.365453
14307,5,369.37,2025-08-03 23:01:47.107883
14308,56,,2025-06-15 07:39:33.341803
14309,415,675.59,2026-05-12 01:31:19.383662
14310,365,1842.34,2025-07-07 03:15:14.097415
14311,543,7190.55,2026-04-29 11:51:33.773598
14312,403,6161.17,2026-03-18 04:35:44.855169
14313,941,515.44,2026-01-18 12:51:04.902945
14314,480,727.24,2026-01-30 02:05:44.116954
14315,640,73.46,2025-08-31 13:14:59.621336
14316,912,1017.71,2026-02-23 06:54:41.601865
14317,172,3599.67,2025-08-26 17:00:12.329727
14318,200,4947.97,2025-06-28 21:05:50.612220
14319,98,539.68,2026-05-03 23:25:24.797899
14320,155,617.93,2025-06-16 14:07:21.720228
14321,452,499.1,2026-03-17 22:22:11.926925
14322,291,861.88,2026-04-04 22:03:44.334872
14323,381,3267.05,2025-11-25 17:49:37.329748
14324,977,2081.77,2026-01-21 01:40:27.766167
14325,191,3083.01,2026-05-27 00:13:15.287557
14326,483,1749.49,2026-04-12 01:33:53.226415
14327,81,596.09,2025-10-20 15:37:23.083704
14328,288,517.53,2026-04-09 12:15:40.813032
14329,471,18.08,2026-02-20 20:45:29.571117
14330,963,3037.2,2025-12-05 20:49:44.297796
14331,365,3756.22,2025-11-12 01:03:55.255159
14332,39,2924.47,2026-04-02 16:27:11.149482
14333,365,,2026-01-16 15:48:17.318065
14334,170,2872.83,2025-10-28 00:46:42.994636
14335,200,93.7,2026-05-03 14:33:39.900462
14336,556,223.19,2025-09-14 08:52:55.982386
14337,41,1161.34,2025-06-30 16:10:50.786878
14338,415,1293.09,2025-11-16 02:38:01.911887
14339,543,3386.93,2026-05-16 02:17:06.170429
14340,379,2275.91,2025-08-05 05:54:43.800455
14341,1,332.87,2026-03-25 08:28:02.032766
14342,981,512.75,2026-01-06 09:34:30.969045
14343,344,672.84,2026-05-22 18:07:03.880418
14344,751,264.03,2025-09-22 18:08:11.201559
14345,293,678.36,2025-10-27 16:06:36.732567
14346,415,2608.31,2026-03-31 10:15:11.479099
14347,365,552.57,2025-06-30 18:51:35.265229
14348,306,3607.98,2025-11-26 19:37:54.373144
14349,1,1267.93,2025-09-12 03:12:11.745926
14350,333,779.98,2026-02-23 02:18:34.043761
14351,901,1063.48,2025-09-26 20:49:10.382021
14352,633,2472.28,2026-05-07 19:05:15.093614
14353,170,1454.62,2025-08-08 19:04:13.974024
14354,526,14.61,2026-05-13 13:43:31.431766
14355,905,5110.41,2025-11-23 18:42:54.487566
14356,658,136.55,2026-05-19 04:16:31.681590
14357,179,5581.39,2026-01-12 13:58:34.159332
14358,862,57.11,2025-08-11 15:59:04.777470
14359,256,2947.89,2026-04-08 23:23:26.398369
14360,415,1530.04,2026-05-24 13:22:37.733452
14361,466,1409.33,2026-01-17 14:09:55.036828
14362,829,151.13,2025-08-03 00:57:25.293072
14363,939,545.57,2025-10-23 13:29:03.132025
14364,939,3006.08,2025-10-13 09:48:31.996859
14365,1,4437.59,2025-11-20 09:01:48.207248
14366,936,1506.3,2025-09-22 23:20:13.874908
14367,26,871.88,2026-05-07 19:49:06.322341
14368,229,123.63,2026-02-13 02:25:36.164008
14369,457,2292.53,2026-01-03 15:45:54.396363
14370,415,652.7,2026-05-13 12:51:50.314683
14371,543,113.17,2026-04-26 08:59:24.097232
14372,415,2192.34,2026-05-26 01:17:55.450997
14373,941,1329.97,2025-08-29 15:08:18.519426
14374,200,24.07,2025-08-28 10:21:31.551574
14375,229,235.15,2025-08-26 00:22:57.920586
14376,936,2402.63,2025-11-17 01:18:42.495124
14377,56,131.58,2026-04-25 22:10:02.797066
14378,543,4019.28,2025-12-23 07:33:11.886661
14379,617,745.98,2025-07-28 18:18:52.035396
14380,442,185.69,2025-10-30 02:58:23.312184
14381,641,2852.21,2026-05-15 10:41:20.400204
14382,200,1486.47,2025-07-25 14:30:42.235089
14383,829,732.41,2026-04-16 20:45:04.169256
14384,157,1042.08,2026-01-10 13:09:26.512812
14385,365,43.29,2026-03-22 21:45:26.736446
14386,54,2173.56,2026-05-27 08:39:23.052546
14387,483,910.7,2026-04-29 08:09:41.124128
14388,600,2503.79,2025-06-05 08:25:47.959496
14389,949,1978.64,2026-01-24 04:37:09.347668
14390,725,2106.82,2026-02-15 23:45:46.915570
14391,483,3149.04,2026-05-16 07:16:32.460092
14392,939,1994.77,2026-04-03 09:58:41.383695
14393,415,1085.07,2026-04-26 21:23:23.503893
14394,483,988.36,2025-12-26 10:22:12.906544
14395,539,254.72,2026-01-24 06:27:18.390334
14396,369,3023.2,2025-08-20 07:35:48.861830
14397,812,2863.49,2026-03-23 17:15:20.436879
14398,200,565.52,2025-12-08 01:03:55.684225
14399,483,3970.91,2026-01-15 03:01:22.259779
14400,705,1778.34,2025-07-18 14:10:25.226003
14401,914,,2025-11-15 06:01:52.016403
14402,899,35.3,2025-09-15 11:40:47.044036
14403,444,964.93,2025-07-05 06:26:09.604212
14404,577,2047.03,2025-07-29 05:27:25.156512
14405,365,188.07,2025-10-25 11:37:57.903444
14406,415,1230.77,2025-07-06 14:00:48.869990
14407,916,,2025-10-12 16:44:56.545607
14408,939,2521.36,2026-02-24 20:37:25.343709
14409,908,1583.16,2026-04-18 02:10:38.865906
14410,152,1522.99,2026-05-26 18:30:53.626956
14411,829,89.5,2026-01-19 03:15:43.706216
14412,963,6307.79,2025-07-18 05:42:41.021489
14413,333,5267.12,2026-03-02 01:41:27.296056
14414,457,2293.95,2025-09-04 02:51:08.609723
14415,751,208.53,2026-04-09 18:44:37.661487
14416,483,465.97,2025-07-29 00:23:58.301555
14417,986,406.46,2025-12-03 23:51:35.100111
14418,415,1466.18,2025-07-31 02:37:50.437237
14419,692,465.89,2026-04-18 21:52:46.978135
14420,761,2380.14,2025-09-12 17:46:56.311070
14421,419,1575.93,2026-02-28 20:27:13.369420
14422,831,35.63,2026-05-19 18:09:08.395365
14423,483,2725.6,2026-04-29 13:47:21.072675
14424,370,418.55,2025-12-28 11:31:41.793249
14425,99,3484.63,2025-12-26 16:21:06.674085
14426,365,877.15,2026-05-07 13:49:47.799545
14427,711,826.85,2026-04-07 05:21:19.250751
14428,936,23.78,2025-10-12 00:07:01.159671
14429,205,8801.03,2025-11-26 18:21:53.616169
14430,331,1893.52,2025-08-22 02:37:42.610088
14431,190,1098.89,2026-02-20 10:13:23.362618
14432,633,203.23,2025-07-05 19:32:28.337797
14433,965,2402.27,2025-11-28 19:42:36.250913
14434,577,664.61,2026-04-19 05:32:23.099809
14435,554,8893.06,2026-02-12 03:49:26.988042
14436,483,6013.48,2026-05-22 17:16:58.343750
14437,68,2658.29,2025-08-27 06:21:51.310554
14438,711,7085.89,2026-04-17 02:09:45.220796
14439,543,223.28,2025-08-10 18:35:55.037295
14440,588,656.77,2026-01-19 16:09:56.649278
14441,914,584.03,2025-07-14 22:41:43.058378
14442,755,149.47,2025-07-10 05:05:24.484561
14443,751,7167.35,2026-05-08 12:14:23.403987
14444,939,123.7,2025-10-06 21:50:26.803904
14445,986,3885.48,2026-05-23 10:24:44.582515
14446,517,2923.43,2025-06-03 07:11:20.004054
14447,101,942.78,2025-06-28 17:04:47.605483
14448,415,37.97,2025-07-14 11:03:01.169765
14449,760,12.23,2025-12-20 08:18:05.295712
14450,5,456.3,2025-10-13 02:51:55.764571
14451,33,1361.95,2025-12-24 23:16:59.336595
14452,41,1224.65,2026-02-13 17:47:45.519230
14453,711,1760.36,2026-03-10 18:54:21.009293
14454,434,2956.46,2026-05-24 00:06:35.040453
14455,347,947.56,2025-07-06 22:53:09.488377
14456,98,349.57,2025-12-29 23:40:26.033055
14457,711,3219.37,2026-04-27 00:02:37.527388
14458,291,809.0,2026-01-02 05:02:40.544770
14459,229,676.22,2025-12-08 06:38:47.292516
14460,577,2890.49,2025-08-27 06:31:27.524358
14461,483,5440.43,2025-08-28 02:32:16.579145
14462,333,4929.3,2026-03-05 20:55:57.427264
14463,577,295.71,2025-06-17 16:08:02.042943
14464,229,1398.97,2025-06-27 03:20:28.493387
14465,761,194.94,2026-04-16 01:55:41.834606
14466,200,6487.15,2025-08-27 14:31:13.202647
14467,194,484.72,2025-09-27 21:25:05.447001
14468,752,439.87,2025-06-17 00:28:07.319057
14469,678,4394.39,2025-10-02 08:50:11.803711
14470,200,6874.72,2025-12-31 06:51:14.829637
14471,111,2392.22,2025-09-28 21:21:00.732382
14472,812,257.95,2025-10-18 16:08:33.661076
14473,751,1330.5,2025-10-21 14:39:22.816561
14474,293,3392.23,2025-06-12 10:45:17.481368
14475,585,1699.5,2026-02-01 05:57:43.019107
14476,129,284.5,2025-10-20 12:50:14.863341
14477,442,377.21,2026-03-05 21:27:57.202595
14478,1,3992.29,2025-11-03 12:15:09.124252
14479,365,1497.44,2025-09-05 03:26:37.176851
14480,53,2447.24,2025-09-21 13:25:54.279595
14481,415,933.82,2025-06-25 13:56:58.202276
14482,379,1520.65,2026-01-02 22:12:51.607085
14483,415,7553.51,2025-09-25 02:51:41.756713
14484,17,800.07,2026-04-04 04:33:09.596943
14485,333,2246.56,2026-05-03 11:22:36.842049
14486,733,378.71,2026-05-24 16:26:53.329357
14487,347,259.62,2025-09-10 23:41:28.596697
14488,696,3061.62,2025-10-04 23:18:28.231586
14489,347,3717.19,2025-08-30 00:46:26.523157
14490,381,2207.12,2026-04-26 02:07:53.753650
14491,483,344.42,2026-02-27 00:12:12.182424
14492,963,550.42,2025-08-27 00:05:44.546988
14493,101,4842.19,2025-09-22 07:44:54.821985
14494,5,681.33,2025-11-04 13:30:14.884998
14495,543,3416.98,2025-11-19 17:17:50.989006
14496,963,673.57,2025-06-01 10:34:36.573244
14497,986,5608.99,2026-05-18 13:54:32.238856
14498,415,4917.38,2025-07-28 12:45:45.862605
14499,415,88.45,2025-10-10 19:46:05.393639
14500,577,2942.96,2026-04-02 10:30:52.092994
14501,483,371.36,2025-11-23 01:46:43.791218
14502,570,484.84,2026-04-23 23:14:09.984526
14503,878,1231.8,2026-03-03 23:38:03.763041
14504,733,1717.54,2025-10-20 22:36:40.794298
14505,423,788.46,2025-06-13 06:39:20.254091
14506,415,1713.14,2026-03-28 20:53:32.293046
14507,576,374.25,2025-09-11 12:11:57.771971
14508,415,45.18,2026-05-24 17:20:07.553911
14509,415,1693.64,2026-04-26 23:16:51.230189
14510,1,1457.2,2026-03-14 01:38:58.731008
14511,200,2340.13,2025-10-28 07:47:54.363202
14512,415,2098.63,2025-11-04 04:47:13.434811
14513,793,4555.52,2026-05-17 13:50:51.206221
14514,229,1230.41,2025-12-24 17:01:34.698974
14515,458,16.81,2025-06-24 13:45:52.150979
14516,311,1992.04,2025-10-19 03:12:48.654253
14517,98,2248.68,2026-02-23 20:08:31.465336
14518,963,1474.18,2025-08-22 20:27:47.478414
14519,829,2337.89,2025-11-14 22:41:19.215862
14520,56,781.89,2026-01-14 12:03:36.765116
14521,705,322.24,2025-07-11 00:42:32.331713
14522,318,2184.59,2026-04-28 06:25:35.144681
14523,987,562.57,2025-06-07 03:27:41.877939
14524,259,1218.77,2026-01-30 08:50:35.453854
14525,200,1353.06,2025-11-08 12:35:51.057456
14526,485,1297.11,2026-04-26 03:24:35.996287
14527,808,,2025-09-16 19:48:17.389619
14528,200,59.79,2025-07-24 12:54:31.865997
14529,684,9147.83,2026-01-26 03:41:29.965390
14530,34,2519.75,2025-12-08 16:55:27.565404
14531,936,1108.12,2026-01-10 20:26:17.242544
14532,56,424.73,2025-06-12 22:53:07.344698
14533,932,167.15,2025-08-01 18:56:57.595902
14534,415,2230.64,2026-04-02 06:13:39.645115
14535,415,762.39,2026-02-21 17:04:09.790280
14536,973,521.38,2026-03-13 14:43:48.396658
14537,986,955.92,2025-07-08 05:46:47.433224
14538,577,1797.51,2025-10-09 06:31:43.166537
14539,131,2227.69,2025-10-03 13:52:57.785412
14540,442,2072.23,2026-01-02 12:11:47.868949
14541,474,3979.43,2026-04-09 16:14:14.193272
14542,457,493.74,2025-07-09 06:51:15.395257
14543,488,2025.31,2025-07-20 17:32:25.936765
14544,1,213.2,2026-01-13 17:32:42.024488
14545,688,1587.86,2026-01-04 19:37:54.501749
14546,689,1753.94,2026-04-07 06:19:31.969375
14547,109,487.3,2026-01-08 09:42:05.102534
14548,490,994.15,2026-05-12 18:03:30.350669
14549,486,3511.16,2025-07-13 07:36:48.046568
14550,617,321.3,2026-03-30 18:52:35.026953
14551,60,1140.11,2026-03-03 17:59:54.331733
14552,567,,2025-08-07 12:21:46.033413
14553,229,1402.8,2025-09-05 02:40:47.960273
14554,442,2582.94,2025-12-19 12:54:06.152662
14555,746,3507.38,2026-02-26 11:16:32.704309
14556,670,455.75,2025-12-05 17:56:01.450647
14557,118,492.36,2026-05-15 17:47:56.491632
14558,526,2842.53,2026-01-09 10:56:22.693615
14559,967,2799.22,2026-01-15 21:58:23.228337
14560,191,124.14,2026-04-18 18:25:08.132563
14561,829,778.69,2025-07-29 19:05:26.998806
14562,661,1016.77,2026-03-11 02:34:58.932144
14563,746,3532.66,2026-02-05 15:36:17.001148
14564,229,1095.89,2026-03-28 02:52:39.749896
14565,240,5205.46,2025-06-28 10:45:28.870487
14566,916,11372.54,2025-10-11 18:58:10.567353
14567,333,3034.87,2026-05-09 05:20:36.101125
14568,38,2195.55,2025-09-30 07:00:29.664996
14569,543,994.82,2025-12-19 01:52:15.990209
14570,131,138.78,2025-07-16 10:11:54.484785
14571,763,,2025-09-11 21:09:47.236618
14572,577,897.91,2025-08-06 00:57:20.967206
14573,880,864.33,2026-03-09 08:13:12.318594
14574,757,2327.64,2025-10-23 08:54:38.153634
14575,105,,2025-10-30 18:49:00.963099
14576,365,2789.41,2025-06-19 15:00:46.327044
14577,746,1015.57,2025-12-23 20:23:26.945960
14578,379,327.07,2025-10-17 01:40:17.701244
14579,973,1237.37,2026-03-13 01:01:19.597656
14580,716,6032.38,2026-04-26 16:59:20.396751
14581,1,3234.18,2025-10-05 03:07:46.754418
14582,889,,2025-12-25 13:47:50.959788
14583,87,992.86,2025-12-22 08:51:08.545184
14584,159,5256.41,2025-08-11 00:33:28.705290
14585,713,264.09,2025-09-26 10:34:21.179232
14586,852,585.93,2026-05-09 12:19:15.456195
14587,483,608.23,2026-04-20 09:29:57.292497
14588,240,1692.28,2025-07-02 23:39:09.046978
14589,324,1057.75,2025-07-25 23:48:01.847002
14590,307,166.48,2025-11-12 11:22:43.152496
14591,293,1984.08,2025-12-25 00:29:56.462605
14592,200,208.67,2025-09-10 11:51:06.892101
14593,543,1864.92,2026-05-25 08:32:55.174997
14594,914,1414.53,2025-06-26 11:30:30.758659
14595,267,1361.13,2025-07-16 12:25:48.538628
14596,200,139.76,2025-07-12 16:25:25.340099
14597,812,2038.98,2026-01-23 14:02:02.009896
14598,729,1128.88,2025-08-15 17:57:01.015538
14599,939,1059.02,2026-05-14 17:28:05.333515
14600,200,1814.92,2025-08-26 04:44:41.188282
14601,169,1864.07,2026-05-07 11:44:46.940293
14602,483,30.29,2025-09-07 05:00:13.840005
14603,548,267.58,2025-08-31 01:32:21.519634
14604,415,539.73,2025-08-28 16:53:15.571288
14605,542,2266.27,2025-10-28 22:47:13.881946
14606,200,1719.54,2025-08-06 23:59:39.363079
14607,415,2834.57,2026-01-01 19:34:25.455369
14608,584,2698.83,2025-07-25 00:49:42.759321
14609,396,3837.13,2026-03-26 18:10:47.565108
14610,615,945.82,2025-09-09 09:12:37.647095
14611,415,846.44,2025-10-22 01:30:43.543138
14612,296,3555.9,2025-11-03 06:43:53.745684
14613,262,542.57,2025-08-24 01:07:00.676414
14614,369,1236.72,2025-10-18 09:27:59.494269
14615,1,432.15,2025-08-30 18:58:41.878729
14616,599,4903.12,2025-06-03 23:51:43.101567
14617,828,1047.83,2026-04-06 05:58:22.501541
14618,331,477.75,2025-09-05 06:30:36.227133
14619,18,2355.4,2025-07-12 23:19:59.960538
14620,981,561.13,2025-12-26 01:18:56.868521
14621,229,5747.16,2025-12-03 19:59:49.075059
14622,131,916.52,2025-12-10 08:57:35.182104
14623,347,2185.11,2025-12-18 06:18:35.525712
14624,723,846.99,2025-11-14 08:43:18.305204
14625,244,3292.68,2026-04-08 10:16:00.982741
14626,504,4544.55,2026-03-28 11:40:23.276870
14627,377,3101.57,2025-09-12 16:27:18.547399
14628,117,3774.33,2025-11-16 00:22:02.065954
14629,296,214.91,2026-05-24 04:20:46.007371
14630,706,5155.75,2026-01-24 19:16:39.280421
14631,543,1957.93,2026-01-13 15:47:25.858798
14632,121,4068.44,2025-12-30 17:30:23.267258
14633,200,2306.79,2025-11-04 23:14:52.959995
14634,577,450.91,2026-01-31 19:55:38.987235
14635,784,1880.94,2025-10-21 23:25:22.897566
14636,322,190.7,2026-03-13 06:45:43.064188
14637,536,2379.63,2026-05-11 06:42:39.847015
14638,200,1051.88,2025-09-02 08:10:29.167528
14639,273,329.12,2026-03-31 17:18:23.149714
14640,1,7748.47,2025-07-16 17:59:23.438857
14641,743,4626.98,2025-08-26 17:00:49.218009
14642,365,4480.04,2025-08-04 22:28:40.994322
14643,791,3110.09,2026-01-24 04:16:42.043619
14644,680,2355.19,2025-11-03 18:07:58.754891
14645,796,2128.88,2025-06-05 02:13:25.584390
14646,239,224.31,2025-10-28 22:28:36.284920
14647,200,4616.53,2025-07-09 03:26:01.550179
14648,973,4259.42,2026-01-17 04:27:18.454085
14649,702,2755.48,2025-06-06 08:05:38.145185
14650,807,5243.24,2025-09-22 10:23:53.939422
14651,1,1610.77,2026-04-03 03:18:59.811422
14652,331,1187.12,2025-11-07 02:12:38.046623
14653,730,6880.75,2026-02-17 16:38:35.478886
14654,56,1247.73,2025-10-25 16:33:12.646602
14655,483,2050.67,2025-10-15 06:43:29.760917
14656,393,933.82,2025-10-25 09:35:54.585655
14657,1,2023.0,2025-07-15 04:24:27.665734
14658,200,2546.64,2026-03-16 07:18:50.193800
14659,236,1959.82,2025-11-01 11:16:50.217187
14660,105,1445.41,2026-04-09 16:43:43.454040
14661,570,713.67,2025-08-14 00:14:11.738206
14662,200,2064.78,2025-08-24 22:34:28.106958
14663,229,4781.28,2026-03-12 02:25:07.409337
14664,914,13.87,2026-05-02 15:37:11.682911
14665,415,287.58,2025-08-09 04:32:43.865735
14666,365,255.15,2026-02-17 21:48:49.719382
14667,705,5133.24,2025-10-22 23:39:09.881747
14668,925,2173.85,2026-05-23 21:03:36.882981
14669,1,6064.3,2026-01-19 19:09:46.817401
14670,415,1748.44,2025-07-17 15:46:36.034259
14671,543,1238.8,2026-02-07 07:59:24.730455
14672,288,3143.73,2025-09-23 14:12:48.938469
14673,746,350.95,2025-11-03 02:22:28.081013
14674,973,960.39,2025-11-22 16:37:45.017659
14675,955,1255.75,2025-07-24 22:17:37.809205
14676,229,708.95,2025-10-05 15:39:01.834656
14677,200,928.16,2025-08-24 10:07:18.087126
14678,963,162.65,2026-01-04 12:39:54.086808
14679,415,441.25,2025-08-21 20:29:15.928088
14680,200,817.43,2025-11-08 21:30:37.759742
14681,674,3178.2,2025-07-20 09:09:44.143298
14682,234,403.0,2026-01-24 02:48:25.407059
14683,229,851.26,2026-05-02 06:08:35.056409
14684,887,134.25,2025-12-13 21:30:55.708172
14685,200,1628.84,2026-04-27 10:35:15.258687
14686,39,1889.64,2025-07-03 10:00:36.928191
14687,229,4012.63,2025-08-24 14:22:51.421516
14688,543,3419.8,2026-05-08 20:17:40.875178
14689,128,672.0,2026-05-09 04:18:46.886609
14690,415,294.57,2025-10-04 14:45:52.139602
14691,568,339.4,2025-07-17 14:37:47.040156
14692,829,6945.21,2026-01-05 09:36:20.155875
14693,200,2236.97,2026-02-28 22:58:11.472182
14694,791,87.01,2025-10-13 02:41:39.989794
14695,200,294.17,2026-05-13 19:17:36.245236
14696,611,1330.29,2026-03-24 01:21:11.763058
14697,395,465.96,2025-09-06 02:47:21.140106
14698,108,3255.8,2025-08-23 08:19:07.355721
14699,693,1702.96,2025-11-15 18:48:31.382056
14700,200,1896.76,2025-12-22 23:33:43.916197
14701,200,1242.86,2025-07-21 09:38:41.458946
14702,332,591.6,2025-06-17 12:00:43.790214
14703,577,1780.29,2025-10-02 23:02:17.134475
14704,200,2524.41,2025-07-23 22:01:14.349579
14705,200,927.08,2025-11-08 16:45:43.791693
14706,1,1406.17,2026-01-18 18:17:44.789782
14707,415,3661.22,2026-03-11 07:17:00.896425
14708,391,321.94,2026-03-10 05:28:30.729109
14709,200,1575.9,2026-05-04 13:50:26.655026
14710,26,856.69,2026-01-26 11:37:28.641814
14711,393,2426.66,2025-08-18 15:28:26.739558
14712,760,37.98,2025-11-12 07:37:27.453042
14713,697,2220.2,2026-05-13 05:21:56.113007
14714,842,217.17,2026-03-21 12:13:03.439448
14715,1,133.92,2026-01-10 12:12:27.518404
14716,965,2579.23,2026-01-17 18:52:04.856040
14717,304,2045.2,2025-12-22 09:07:59.082984
14718,986,4506.37,2026-02-17 19:50:12.415674
14719,206,1466.5,2026-01-10 12:45:56.371270
14720,415,1510.15,2025-11-17 04:09:27.526162
14721,331,2455.29,2025-07-13 05:04:11.506483
14722,331,781.34,2025-10-28 15:57:22.244497
14723,820,75.22,2026-01-18 17:43:44.196295
14724,733,522.85,2025-06-15 02:58:46.701552
14725,986,543.65,2025-09-17 12:15:26.473921
14726,545,817.92,2025-12-02 00:38:15.270012
14727,415,5745.71,2025-11-27 09:45:43.813922
14728,68,3267.9,2025-09-10 20:47:18.088754
14729,989,5496.38,2025-07-15 13:35:40.370439
14730,483,13156.31,2025-09-22 00:38:57.275110
14731,659,1137.54,2025-12-01 10:28:21.514422
14732,365,515.14,2025-08-21 18:02:26.695073
14733,483,1641.98,2025-07-20 02:13:17.829303
14734,954,4259.52,2025-10-01 22:35:00.562334
14735,200,1253.71,2025-07-20 22:21:27.752719
14736,243,,2025-07-20 18:23:52.984724
14737,185,288.76,2025-11-25 04:39:27.698564
14738,761,1091.03,2025-07-30 20:45:40.878744
14739,35,978.76,2025-08-02 23:34:18.808795
14740,56,866.77,2025-10-25 10:55:53.891269
14741,249,4366.03,2026-02-17 13:04:04.460220
14742,456,122.27,2026-05-10 14:26:29.813712
14743,365,,2026-05-13 00:08:45.717702
14744,17,16.56,2025-11-28 16:20:18.969804
14745,963,5822.56,2025-09-19 13:13:03.028152
14746,963,1588.36,2026-02-15 12:45:37.135049
14747,229,2424.31,2026-05-01 17:10:50.888526
14748,711,414.38,2025-07-04 08:57:05.096069
14749,510,2123.86,2026-01-25 23:04:58.926985
14750,200,4273.42,2026-02-06 22:26:36.864994
14751,224,,2026-01-21 07:25:30.251188
14752,415,271.83,2026-02-09 17:41:12.520998
14753,379,724.75,2025-10-10 02:16:57.137410
14754,242,352.82,2025-09-23 17:09:03.513565
14755,773,234.52,2025-06-24 23:51:26.176085
14756,415,2268.39,2025-08-06 11:28:34.715909
14757,577,481.16,2025-06-28 09:32:38.883717
14758,200,2199.32,2026-03-21 03:08:02.645956
14759,478,3959.98,2025-08-28 19:05:21.482746
14760,287,2111.25,2025-08-27 15:33:35.248687
14761,467,254.23,2025-10-30 05:28:15.602922
14762,751,1704.65,2025-08-02 16:31:28.375934
14763,743,1000.53,2025-10-03 14:21:46.871980
14764,331,841.27,2026-03-29 17:35:22.836904
14765,641,767.01,2025-08-13 08:17:33.871092
14766,949,5302.36,2026-02-10 13:39:08.582795
14767,567,2713.53,2025-11-26 08:13:42.822822
14768,178,287.39,2025-07-17 22:09:01.200311
14769,616,1292.55,2025-08-24 22:33:55.452547
14770,98,766.11,2025-12-22 19:38:09.965742
14771,871,7627.83,2026-05-18 22:36:43.156790
14772,457,7636.06,2025-08-24 13:03:13.901242
14773,365,769.96,2025-09-19 00:19:31.420848
14774,33,868.08,2026-01-11 22:11:16.807121
14775,365,1829.65,2025-09-17 18:56:53.970797
14776,914,1305.19,2025-06-02 06:00:36.930752
14777,1,479.31,2025-08-01 11:47:31.301810
14778,415,2160.05,2025-06-19 18:04:10.914940
14779,939,813.32,2026-04-06 10:25:50.101226
14780,365,2120.99,2025-12-21 15:33:36.117287
14781,389,967.98,2025-08-31 09:34:04.025844
14782,510,2409.35,2025-10-02 14:24:42.692821
14783,415,2204.03,2025-11-16 14:54:57.669586
14784,200,1421.86,2026-02-26 13:38:31.200556
14785,1,2439.8,2026-05-27 16:16:05.730316
14786,543,1235.95,2026-04-03 19:17:11.914978
14787,936,246.91,2025-09-13 22:46:55.078372
14788,98,402.05,2025-06-04 02:01:16.614948
14789,200,564.71,2025-07-29 19:35:26.972343
14790,348,130.63,2025-08-10 14:15:49.573747
14791,775,2485.3,2025-12-27 11:22:50.752492
14792,229,915.8,2026-02-23 02:00:34.266713
14793,893,196.38,2025-12-19 06:04:14.612939
14794,28,3429.13,2026-01-15 19:15:22.193508
14795,948,2301.84,2025-12-23 09:19:21.649185
14796,483,1203.78,2026-05-10 01:35:36.519238
14797,586,568.51,2026-03-19 23:09:12.406572
14798,346,329.15,2025-12-08 05:43:11.813499
14799,751,1226.36,2026-03-11 01:12:32.877930
14800,200,4329.92,2025-06-15 20:56:13.235752
14801,23,417.48,2026-05-21 15:27:01.943848
14802,365,1681.71,2025-06-28 19:42:11.167969
14803,829,6523.88,2025-12-16 21:37:35.592590
14804,733,2027.35,2025-12-01 00:37:39.173092
14805,457,1159.51,2025-08-02 00:48:12.867338
14806,496,2520.19,2026-01-12 02:58:42.454448
14807,135,3481.12,2025-12-26 01:54:52.142012
14808,819,,2025-06-10 15:38:36.884617
14809,760,4108.83,2026-03-21 20:31:52.648508
14810,580,1445.53,2025-09-21 11:08:31.603815
14811,415,3544.25,2025-06-07 10:51:44.178858
14812,965,6073.91,2025-10-24 04:23:24.304832
14813,886,1391.27,2026-01-18 07:24:14.811628
14814,577,1857.75,2026-03-29 17:17:13.022667
14815,350,1880.49,2025-09-02 17:46:00.973325
14816,555,3041.34,2025-11-19 21:59:13.479765
14817,504,3462.83,2025-10-05 02:14:01.871291
14818,365,55.21,2026-05-04 22:00:00.136333
14819,267,2643.71,2025-09-29 12:01:50.197379
14820,365,3063.24,2025-07-27 13:46:52.395491
14821,502,2410.81,2025-06-02 07:57:53.601854
14822,389,2501.4,2026-04-22 16:00:16.874954
14823,229,84.57,2025-11-28 22:01:34.297812
14824,740,1166.93,2025-10-30 03:17:55.898601
14825,474,3409.47,2025-09-12 17:37:42.155645
14826,41,5436.42,2026-01-08 16:04:24.212020
14827,347,521.35,2026-02-09 10:46:13.289422
14828,899,1731.17,2026-04-16 08:21:06.228304
14829,733,3262.65,2025-09-18 03:04:38.603475
14830,291,2791.94,2025-09-28 01:50:03.441945
14831,944,,2026-05-10 21:20:59.903996
14832,56,37.74,2026-02-24 07:45:32.953598
14833,965,2573.88,2025-11-03 22:00:01.589544
14834,200,2967.75,2026-04-13 12:32:41.166039
14835,1,2566.39,2026-03-18 06:59:36.122312
14836,396,2903.24,2025-10-13 21:43:03.868929
14837,332,1127.45,2025-07-19 10:47:44.341432
14838,483,10151.03,2025-09-19 07:56:37.305449
14839,763,2946.21,2025-10-14 22:09:16.185489
14840,821,1728.73,2025-09-19 02:53:22.379051
14841,365,5442.01,2025-07-30 10:14:49.282125
14842,395,4776.25,2025-12-27 13:07:17.300333
14843,177,,2026-02-13 00:21:57.271753
14844,20,1658.83,2026-01-20 00:07:18.929622
14845,577,1497.75,2025-12-18 08:00:51.653767
14846,39,797.1,2025-06-07 05:28:20.630052
14847,711,,2026-03-10 00:49:32.109345
14848,483,1436.35,2025-10-02 00:15:49.024315
14849,200,1724.47,2025-06-11 09:45:55.151611
14850,483,560.82,2026-05-21 04:12:59.463142
14851,200,5117.57,2025-11-15 01:41:24.496719
14852,402,1629.61,2025-11-05 13:39:50.781218
14853,767,1495.23,2025-12-20 19:11:55.510259
14854,415,1144.12,2025-08-24 11:10:33.541680
14855,179,119.65,2026-04-02 13:51:42.198759
14856,705,4280.96,2026-03-24 16:05:48.983016
14857,200,762.5,2026-04-15 15:44:52.251685
14858,723,2057.02,2026-03-25 23:32:22.137002
14859,415,1870.1,2025-07-01 04:42:22.648257
14860,415,1756.48,2026-01-25 12:56:44.249987
14861,829,1491.88,2025-08-06 03:03:43.999481
14862,681,,2025-07-29 17:23:16.151108
14863,5,658.69,2025-06-11 21:41:29.414978
14864,245,1485.47,2026-05-26 17:33:32.574813
14865,870,3115.04,2026-03-09 07:54:57.752885
14866,1,1131.23,2026-04-23 08:13:46.322721
14867,483,456.12,2025-07-05 19:38:01.413671
14868,710,184.11,2025-06-03 20:05:12.131325
14869,563,2175.41,2026-04-08 04:10:38.197126
14870,739,1101.0,2025-09-07 07:07:40.112399
14871,709,267.91,2025-12-20 16:50:35.409210
14872,635,2244.58,2026-03-09 13:16:47.985104
14873,793,465.32,2026-01-29 03:16:32.836711
14874,577,1422.69,2026-05-01 13:57:30.429893
14875,365,731.11,2025-10-25 17:57:46.218653
14876,415,5367.4,2026-02-09 12:08:22.538300
14877,700,518.29,2025-11-30 12:51:57.184327
14878,886,1089.17,2026-04-04 15:15:07.452958
14879,229,6412.59,2026-01-19 00:00:25.509477
14880,305,767.58,2025-10-31 21:19:08.938899
14881,939,2068.98,2025-10-23 15:09:47.587068
14882,510,761.72,2025-09-29 18:45:49.504849
14883,200,234.59,2025-08-23 19:53:51.827873
14884,591,1975.29,2025-08-18 18:20:04.832562
14885,986,4954.63,2025-08-30 04:15:20.900850
14886,793,1205.02,2025-11-04 05:01:56.538497
14887,733,1967.94,2026-04-07 10:10:54.413518
14888,200,1877.58,2025-11-12 05:11:04.246573
14889,886,1072.59,2025-09-23 17:42:18.093305
14890,465,1908.49,2025-09-03 07:36:12.050447
14891,901,600.37,2026-02-04 03:43:29.777861
14892,296,949.75,2025-07-10 15:19:55.647149
14893,35,1167.94,2026-05-22 03:01:35.416760
14894,415,3990.33,2025-12-27 01:16:23.267352
14895,229,856.44,2025-06-10 22:03:17.083451
14896,696,2016.47,2025-12-19 19:20:43.550319
14897,963,480.08,2025-09-02 02:46:32.082585
14898,633,582.23,2025-08-05 09:02:53.125577
14899,901,2090.69,2026-05-20 22:12:49.724460
14900,415,2873.58,2026-03-30 09:15:45.540163
14901,745,1240.23,2025-08-05 15:09:06.785057
14902,823,816.24,2025-07-02 16:31:29.866969
14903,686,4821.93,2025-11-16 22:23:24.369590
14904,443,291.92,2025-08-18 14:54:57.219610
14905,567,2551.04,2025-09-25 07:09:01.714255
14906,659,2343.47,2025-11-15 19:24:59.849660
14907,206,,2025-11-05 17:50:15.685912
14908,776,5479.71,2025-06-11 04:27:47.610238
14909,963,2605.31,2025-08-10 00:43:54.457532
14910,415,717.83,2025-12-28 01:30:23.101207
14911,661,872.08,2026-01-13 04:50:03.876890
14912,718,992.24,2025-12-27 11:47:49.997648
14913,589,62.59,2026-05-22 07:57:22.462448
14914,483,4895.46,2026-03-17 14:11:31.623331
14915,893,152.8,2025-11-12 21:17:57.677643
14916,415,2406.57,2026-03-30 13:52:40.484078
14917,33,2619.86,2026-03-16 14:23:09.697580
14918,827,3712.15,2025-06-13 02:13:26.236735
14919,605,1612.01,2026-03-17 02:37:45.793780
14920,829,2583.89,2025-12-16 03:48:06.696190
14921,153,721.14,2026-02-15 05:51:45.675461
14922,5,2737.57,2025-09-22 08:26:08.998508
14923,941,841.41,2025-08-06 23:33:56.347416
14924,175,4662.76,2025-09-24 04:01:19.799026
14925,776,356.77,2025-07-17 15:00:39.841136
14926,793,758.89,2026-05-30 10:43:27.241427
14927,681,1381.38,2025-07-02 13:24:21.547477
14928,136,2990.88,2025-11-15 19:52:43.966024
14929,596,2763.0,2025-10-19 09:19:19.236318
14930,901,473.26,2026-02-28 22:38:02.492968
14931,386,311.52,2025-10-10 15:48:00.195386
14932,373,724.72,2026-02-07 09:46:17.666090
14933,412,1322.34,2026-02-08 06:13:18.463519
14934,56,1548.74,2025-07-10 17:23:35.615209
14935,905,1121.21,2026-03-26 23:44:41.477470
14936,866,2175.88,2026-03-14 23:02:42.774856
14937,993,1115.69,2025-09-05 11:02:43.357691
14938,521,5849.77,2025-06-24 19:13:57.849249
14939,733,604.83,2026-05-12 18:10:18.597320
14940,200,1974.35,2025-05-31 04:59:13.103813
14941,597,1890.3,2025-08-21 10:29:20.072469
14942,577,661.39,2025-12-19 15:46:01.801395
14943,914,1060.99,2026-05-25 08:47:12.682935
14944,800,,2026-03-12 14:12:45.980504
14945,944,378.69,2025-08-27 05:57:41.419466
14946,865,1297.48,2026-05-26 02:33:02.184817
14947,865,977.68,2025-12-02 09:42:56.825561
14948,39,392.8,2025-12-18 02:10:52.905046
14949,829,1195.24,2025-08-08 10:10:32.559790
14950,543,1095.82,2026-01-13 16:13:14.284544
14951,365,281.67,2025-11-09 21:59:07.554813
14952,32,281.26,2026-01-30 11:28:18.542437
14953,613,,2025-09-12 15:48:35.241794
14954,293,2452.31,2025-12-03 11:05:35.203923
14955,415,,2026-04-07 03:12:04.375838
14956,617,182.05,2025-11-01 19:37:59.371187
14957,928,250.81,2025-07-19 17:06:10.457089
14958,793,106.42,2026-04-21 22:15:48.142211
14959,415,1519.55,2025-07-31 02:54:15.204282
14960,365,1949.68,2026-04-01 03:27:06.412208
14961,200,1033.43,2025-09-01 00:14:09.299753
14962,350,3198.01,2025-08-09 10:52:27.461831
14963,104,2321.18,2025-11-11 02:07:15.269226
14964,973,8514.73,2025-10-29 11:56:22.889972
14965,502,296.76,2025-11-22 16:14:02.479550
14966,131,120.17,2025-07-27 06:19:25.208693
14967,328,642.63,2025-08-05 09:33:23.709842
14968,483,38.47,2026-03-10 01:00:05.639076
14969,476,5394.56,2025-11-29 08:20:03.541452
14970,7,724.67,2025-10-07 15:56:23.943664
14971,963,1607.85,2025-11-28 09:56:57.024368
14972,229,765.66,2025-06-10 15:33:51.218350
14973,1,564.22,2025-07-25 21:41:30.557553
14974,56,330.61,2026-04-04 18:47:01.008923
14975,513,772.4,2026-03-12 10:25:08.546702
14976,150,1911.2,2025-07-28 15:59:11.763510
14977,13,7124.23,2026-02-13 14:59:31.486866
14978,365,1633.31,2025-10-11 06:43:19.826301
14979,563,1521.61,2026-04-06 18:13:50.713202
14980,105,71.8,2026-02-05 22:45:55.594162
14981,280,3666.4,2025-09-17 05:52:12.312224
14982,379,91.76,2026-02-02 11:24:31.599136
14983,195,4733.87,2026-04-04 11:38:51.537737
14984,442,1547.29,2025-10-15 05:53:55.792827
14985,60,368.97,2026-02-12 00:17:57.959853
14986,19,1201.89,2026-02-12 14:49:14.556830
14987,457,10590.44,2026-05-23 10:20:42.736008
14988,200,,2025-11-18 10:11:58.606641
14989,75,627.94,2026-04-11 00:40:02.569924
14990,384,251.14,2026-04-07 11:33:48.393866
14991,934,1818.34,2026-04-19 19:45:55.647193
14992,705,186.92,2025-09-04 01:11:02.599275
14993,791,2904.94,2026-02-21 19:59:41.546101
14994,871,5032.14,2026-01-29 07:12:07.364812
14995,973,5372.71,2026-05-26 01:38:31.532239
14996,740,228.39,2025-08-26 23:33:01.495636
14997,543,1634.08,2025-09-13 19:20:07.890133
14998,340,204.31,2025-09-13 15:10:54.756089
14999,200,,2026-04-09 09:15:55.314495
15000,622,3374.59,2025-11-18 08:37:25.108358
11596,331,1660.18,2025-10-19 17:57:16.012949
1078,100,1120.48,2026-02-20 18:03:44.118894
5189,250,5287.05,2025-12-17 19:43:00.942586
12853,194,2354.69,2026-04-26 21:30:30.840787
2821,1,404.64,2025-06-15 23:13:58.730648
693,415,224.42,2026-04-17 02:42:26.872420
4187,333,1443.31,2026-04-17 14:17:51.843256
10004,598,819.63,2025-07-15 13:05:19.079515
9976,200,978.82,2026-02-11 11:41:40.621750
8223,847,106.58,2026-01-08 22:34:32.443143
621,369,905.83,2026-05-20 01:29:03.436769
13236,831,713.71,2025-09-30 05:51:22.622285
9661,978,1643.12,2025-07-28 08:47:49.433275
4877,936,1451.36,2025-08-24 02:44:13.553962
10594,415,263.95,2026-03-03 21:22:02.871562
13601,21,376.82,2025-11-08 06:51:50.670131
9797,946,,2025-08-13 16:29:19.058100
13463,337,3227.19,2026-04-28 20:46:58.715440
8142,939,334.48,2026-05-03 06:23:02.209342
14952,32,281.26,2026-01-30 11:28:18.542437
6472,200,1364.48,2025-07-14 01:11:38.759284
12835,761,2437.92,2026-02-12 20:30:42.113800
9931,5,3484.28,2025-07-25 14:16:24.894872
8671,415,231.6,2025-07-03 01:25:20.751727
8075,365,1439.78,2026-05-24 18:33:08.558442
10468,415,1336.29,2025-11-07 08:03:49.193377
3665,262,259.33,2025-09-28 21:29:09.100667
10618,74,427.11,2026-04-06 19:53:34.263608
1067,711,633.18,2025-10-29 06:20:35.772412
3255,474,2783.61,2025-10-09 13:54:40.078497
7590,237,461.41,2025-08-18 13:16:05.724580
9672,605,3582.08,2025-08-28 01:11:51.104621
7193,200,1440.6,2026-05-28 08:13:55.312671
11226,229,464.31,2025-07-07 19:47:48.412418
1971,225,1818.69,2026-05-28 01:47:23.253912
13332,200,2500.06,2026-05-22 11:36:53.303525
6793,396,1238.76,2026-01-10 15:02:37.567851
6263,483,5870.61,2025-11-17 04:48:14.274517
9880,977,1034.25,2025-09-13 21:21:57.663280
9119,105,1857.12,2025-09-02 01:31:41.930065
12287,267,5480.82,2025-11-29 15:41:22.234676
4795,688,4583.01,2026-05-06 16:11:45.023376
1673,570,838.75,2026-03-04 21:05:14.736816
6732,296,1336.34,2025-07-16 18:24:48.973884
14878,886,1089.17,2026-04-04 15:15:07.452958
6259,886,3023.09,2026-01-04 05:56:00.439739
1632,415,2092.79,2026-01-03 18:27:06.769873
2433,576,285.32,2025-08-02 14:14:22.518416
3544,312,1297.27,2026-04-11 06:25:07.574721
7946,347,211.5,2025-10-02 12:58:33.987285
4697,710,2761.31,2025-10-27 21:35:18.338127
805,200,5097.85,2025-11-09 23:31:00.443577
7947,17,1157.25,2026-01-17 04:56:44.057805
7863,613,137.72,2025-08-12 09:32:25.434718
9356,200,813.17,2026-02-08 02:02:55.394439
4361,965,2499.11,2026-05-16 00:42:25.537040
4068,782,523.21,2026-03-07 14:11:07.472711
3823,1,2185.22,2025-12-14 20:28:01.889359
13614,457,958.69,2026-01-08 04:42:11.309848
2855,1,3274.92,2025-11-28 08:40:05.367985
12488,871,7949.92,2026-05-22 05:39:19.803356
5281,200,3192.2,2026-01-23 07:49:05.540530
7159,100,485.8,2026-01-28 18:22:21.057732
2999,760,3748.36,2025-11-27 23:26:06.979032
3456,726,406.63,2025-07-08 18:51:01.216944
12075,457,,2026-05-09 04:46:21.859940
11287,200,2723.79,2025-09-02 21:34:19.850234
8445,415,4429.36,2025-12-31 06:26:39.691898
10973,908,1338.82,2025-09-01 22:10:27.466856
9683,540,39.72,2025-07-28 02:26:13.136252
9751,595,1443.35,2025-11-25 01:03:24.820399
4737,567,722.07,2026-04-01 05:21:55.351611
9550,244,366.6,2025-08-14 14:58:33.167250
9314,806,2470.72,2025-11-08 04:35:03.388993
14942,577,661.39,2025-12-19 15:46:01.801395
1867,577,1357.16,2026-01-09 13:52:35.249020
7309,334,,2025-07-24 19:12:43.924315
13223,128,2666.17,2026-03-02 04:00:05.734120
241,229,771.34,2025-06-08 12:59:23.404514
1098,520,701.53,2026-03-15 16:13:45.787328
11658,415,105.98,2025-08-27 23:50:30.237023
13477,965,2948.32,2025-11-11 23:53:46.213257
14927,681,1381.38,2025-07-02 13:24:21.547477
4328,871,2951.31,2025-07-27 18:37:51.490720
2706,791,9286.68,2025-08-09 16:31:29.711326
14475,585,1699.5,2026-02-01 05:57:43.019107
7059,420,1493.48,2025-06-17 21:42:01.008798
13896,415,51.68,2026-01-09 20:26:46.718305
10819,936,1695.03,2025-09-27 03:10:50.323550
2287,24,1391.67,2025-10-12 23:06:57.473998
432,56,2289.41,2026-01-18 20:22:18.219046
3512,60,4248.66,2025-06-06 04:40:53.621657
7656,936,44.35,2025-10-07 15:41:38.335520
836,5,2097.72,2025-12-17 22:19:22.629213
8448,751,7945.67,2025-10-03 10:46:53.725189
7549,745,3378.58,2025-10-27 09:56:31.290564
13432,791,693.32,2025-07-05 15:48:56.264210
14813,886,1391.27,2026-01-18 07:24:14.811628
8857,98,2106.54,2025-12-31 04:56:58.086174
13833,928,211.17,2026-04-04 15:24:10.741101
2811,200,336.51,2025-07-25 08:44:25.954113
1732,936,6191.27,2025-07-10 06:33:19.354246
1459,965,2658.83,2025-12-24 20:12:40.478040
6730,56,3377.2,2026-04-04 22:21:02.639370
900,365,458.05,2025-12-15 09:26:26.996712
13780,333,5695.5,2026-04-05 06:38:35.818078
2595,381,836.74,2026-02-27 07:54:14.637096
10826,973,1247.23,2025-10-03 02:14:23.132007
10902,39,848.57,2026-05-18 01:10:02.231879
10802,802,5419.2,2025-08-28 02:41:45.320611
450,200,2356.97,2025-07-27 08:02:03.471412
10336,333,181.21,2025-07-13 05:13:39.918999
13161,563,3777.32,2026-03-25 09:55:51.075381
10821,388,733.57,2025-08-20 16:45:45.479457
10286,8,7281.2,2025-06-10 07:56:21.290226
4252,523,4167.67,2025-06-24 12:42:40.433033
1558,748,201.88,2025-08-30 10:56:47.572194
13921,932,4796.33,2025-12-21 18:10:07.565002
14778,415,2160.05,2025-06-19 18:04:10.914940
8942,849,2567.74,2026-04-30 00:50:54.207000
13094,839,,2025-09-11 11:05:43.421853
1372,222,1085.56,2025-05-30 22:12:00.078733
3854,200,424.18,2025-07-26 05:03:21.198370
6052,483,3972.34,2026-04-14 21:16:07.138133
11213,415,2680.75,2025-06-02 14:01:42.645610
11499,457,968.1,2025-06-29 04:52:32.468380
12304,550,228.0,2026-02-06 21:55:11.520329
10080,570,617.51,2025-09-26 17:09:05.845208
9365,200,4248.18,2026-02-28 14:40:53.663646
8405,59,1267.01,2025-10-17 06:15:25.135416
9757,415,3085.42,2025-07-17 21:59:14.699749
8266,577,1100.35,2026-04-18 17:07:35.934042
14500,577,2942.96,2026-04-02 10:30:52.092994
12781,169,2620.76,2026-02-26 20:10:40.236198
9580,200,414.16,2025-10-21 14:45:20.348883
7350,244,187.13,2026-01-27 05:17:50.810249
14760,287,2111.25,2025-08-27 15:33:35.248687
2402,397,5520.36,2025-07-12 15:54:07.565867
14704,200,2524.41,2025-07-23 22:01:14.349579
1835,200,431.58,2025-07-25 17:39:07.028479
1369,543,554.95,2025-07-28 00:39:14.788254
7282,543,1112.71,2025-11-04 02:38:51.960647
368,587,1454.85,2025-11-02 04:07:18.099426
11976,200,247.06,2025-10-10 06:58:49.435655
13702,98,1452.0,2026-01-12 10:48:59.926447
8807,200,73.45,2026-04-19 10:45:31.283820
8252,200,7748.98,2025-06-27 06:23:33.126077
10256,711,1178.25,2025-10-23 01:58:44.811868
9629,809,22.4,2025-09-23 08:03:30.641959
4748,481,2611.02,2026-05-04 20:40:48.484527
10838,743,858.32,2025-06-21 21:53:04.594085
8327,365,220.8,2025-09-26 15:38:26.724048
501,869,476.84,2026-04-11 15:20:20.674075
13359,577,306.79,2026-01-05 15:38:44.486871
13441,543,2112.54,2025-09-12 18:55:04.051535
13950,168,1021.42,2026-02-19 09:14:44.980994
1157,33,2019.29,2026-02-10 20:02:08.002208
8956,25,659.07,2025-08-20 20:08:26.489484
6538,267,1174.45,2025-07-28 01:20:20.765627
14650,807,5243.24,2025-09-22 10:23:53.939422
4261,975,556.37,2026-01-02 11:26:57.039119
4983,744,889.75,2025-10-16 13:47:26.485731
8768,297,71.98,2026-03-29 22:03:21.323098
2265,488,46.14,2025-10-19 23:41:37.269911
2634,740,946.68,2026-01-29 07:11:18.071707
12417,731,798.92,2025-09-03 08:47:55.165928
7394,479,1489.55,2026-02-20 14:36:44.256423
14421,419,1575.93,2026-02-28 20:27:13.369420
5834,229,1936.25,2025-09-16 01:43:06.658026
8552,479,3047.04,2026-05-17 21:26:44.997712
8408,365,1382.26,2026-05-07 15:05:11.285902
12083,68,2168.16,2025-08-30 05:37:44.193680
3820,147,5370.55,2025-07-18 19:49:59.804588
9357,39,1966.95,2025-10-04 17:26:22.066256
7215,483,3306.07,2025-11-22 17:05:13.958279
8305,568,206.56,2026-02-02 17:54:15.932658
6125,570,6532.22,2025-07-27 02:17:51.874992
7171,332,469.13,2026-04-28 19:26:20.294341
189,588,3185.17,2026-01-17 11:42:55.338120
8833,930,542.88,2026-02-26 05:07:21.070462
2828,17,1468.2,2025-08-21 10:34:22.953116
1012,593,4863.93,2025-06-07 17:22:59.235565
13302,415,5488.07,2026-02-16 05:53:14.166025
421,415,1151.27,2025-08-09 16:27:00.020708
8849,842,2451.13,2025-11-18 13:55:00.032867
768,711,715.14,2026-05-13 19:02:26.539198
6862,5,3762.73,2025-06-27 08:56:54.067768
7772,132,79.45,2026-04-21 05:45:49.497371
5247,730,2480.63,2025-08-01 06:30:05.842029
7755,56,2593.08,2026-02-05 00:30:59.620526
10922,928,1964.02,2025-10-04 13:16:47.383410
1536,415,6.74,2025-10-23 03:11:23.190643
13580,936,69.86,2026-03-13 03:24:43.954168
13806,200,484.98,2025-11-18 18:05:08.747124
2947,415,150.76,2025-09-01 12:11:22.231866
13798,386,164.18,2026-02-16 07:43:43.217220
3096,200,3809.01,2025-07-26 13:35:01.209541
6231,200,576.66,2025-09-15 15:44:38.008025
9232,170,,2025-12-21 14:01:30.910671
1395,505,2312.52,2025-11-15 04:33:36.179832
4908,761,156.31,2026-02-22 03:30:54.943802
9760,299,143.61,2025-07-18 00:30:27.775095
6607,752,268.11,2026-01-11 12:48:58.982683
1500,296,406.55,2025-08-01 04:22:25.609300
12528,711,759.07,2026-03-01 02:01:33.173839
10617,577,4481.1,2026-04-22 23:31:48.022068
10945,200,2164.49,2026-04-12 04:54:30.413277
1377,1,973.58,2025-10-01 10:53:58.194100
2586,415,1144.05,2025-08-07 18:46:50.306877
8371,365,273.3,2025-11-09 00:57:43.686691
14598,729,1128.88,2025-08-15 17:57:01.015538
8187,963,690.16,2025-10-11 20:08:45.693385
11049,886,1017.54,2026-05-05 11:43:35.867786
13389,483,42.92,2025-06-26 04:57:07.834106
9674,483,182.86,2026-04-17 19:57:41.879610
4431,443,1989.79,2025-06-16 05:27:31.859009
12968,888,3650.3,2025-07-28 22:50:39.494797
2710,901,814.41,2025-09-11 00:01:43.820230
9829,673,710.1,2025-09-10 20:52:36.978906
10985,543,1956.04,2026-03-06 23:33:42.291131
6939,577,653.26,2026-05-29 23:58:18.422218
9170,415,2446.77,2026-04-02 18:12:28.631172
14809,760,4108.83,2026-03-21 20:31:52.648508
8269,206,479.78,2026-02-04 05:45:36.266384
2465,464,3943.7,2025-06-13 05:52:11.586985
7592,1,746.8,2026-03-08 09:02:04.480128
11899,892,1290.84,2026-03-07 01:07:39.566607
12324,483,2052.78,2025-12-26 15:28:06.527315
6425,963,2941.78,2025-09-26 15:54:50.833800
9480,543,1611.55,2025-07-20 16:38:55.102150
10982,791,1108.29,2026-01-27 18:31:04.559406
13893,711,0.8,2026-03-09 15:00:00.453393
7818,299,2651.31,2025-11-28 12:34:29.122620
10889,200,422.91,2025-07-15 08:32:16.322179
10411,767,2376.87,2025-08-19 20:25:02.914218
820,588,117.04,2026-02-01 17:17:33.092700
4377,135,4281.29,2025-08-06 01:20:46.833897
707,365,4241.81,2026-04-20 02:16:18.534392
9648,415,1401.95,2025-06-01 22:35:04.164070
5811,905,1053.78,2026-01-20 13:07:43.184332
3758,954,314.5,2025-07-05 21:39:38.843756
11689,414,2290.64,2026-05-03 18:36:36.901902
1932,483,4880.98,2025-11-03 07:34:42.778747
4238,415,2244.81,2026-03-14 06:27:06.560238
14823,229,84.57,2025-11-28 22:01:34.297812
12952,751,2506.39,2026-05-22 07:04:37.566722
1449,278,428.96,2026-05-20 19:12:49.627568
12946,965,345.99,2025-06-18 20:55:07.632232
9519,369,595.56,2026-02-12 02:18:34.762511
1844,415,776.95,2025-10-09 14:51:42.569175
5810,67,1703.34,2025-08-28 01:26:42.390090
6999,793,4311.16,2026-05-07 16:33:00.330631
722,694,,2025-06-06 17:15:12.439419
8100,661,4501.23,2025-12-08 22:34:13.536757
14739,35,978.76,2025-08-02 23:34:18.808795
9042,483,1168.63,2026-05-06 05:54:43.400728
10524,415,1783.32,2025-07-25 12:10:51.030119
4066,441,523.68,2025-11-15 00:29:16.189773
2901,135,1776.42,2025-08-15 00:35:37.800045
7988,488,155.22,2025-12-28 05:42:17.881829
4655,5,216.39,2026-05-07 14:42:12.805892
11046,605,1619.37,2025-06-16 18:16:02.355256
14644,680,2355.19,2025-11-03 18:07:58.754891
13247,379,220.53,2025-12-21 16:43:01.438028
11321,423,5576.34,2025-12-07 11:54:30.584101
9064,534,710.73,2025-09-17 05:23:10.968290
9146,939,9037.32,2025-07-08 02:53:28.485804
3673,469,1068.97,2026-04-10 05:04:06.435693
5461,740,5342.45,2025-09-12 17:58:56.827604
11844,1000,1104.65,2025-11-28 01:10:27.312444
6184,229,2217.98,2026-03-17 07:45:46.411559
5801,200,557.72,2026-05-28 01:32:51.039651
1754,200,5854.58,2026-04-05 12:01:52.619403
12764,9,2101.34,2025-07-22 08:52:27.283853
7541,200,1292.69,2026-05-07 03:05:11.488378
9520,200,979.91,2025-12-04 10:21:28.405269
13073,740,4100.05,2026-04-19 22:58:43.464078
14074,483,5064.76,2025-11-22 07:35:43.013613
13187,200,548.21,2025-11-01 07:17:08.901072
10792,938,127.74,2025-08-28 13:49:02.087168
10978,752,4034.0,2026-02-23 16:21:40.234726
10506,168,965.03,2025-09-08 06:55:04.771316
6524,240,588.84,2025-07-24 11:27:12.620975
2978,131,136.66,2026-03-18 10:58:32.120060
4799,221,1139.9,2026-05-29 02:21:38.943914
10486,293,646.27,2025-10-10 20:40:36.984155
741,609,3149.9,2025-10-22 17:54:02.604571
14497,986,5608.99,2026-05-18 13:54:32.238856
9909,605,986.5,2025-12-30 05:56:39.484885
6909,310,1628.72,2025-10-31 17:20:27.028161
11502,579,658.88,2025-06-22 20:12:48.564466
10481,618,2871.77,2025-12-17 23:35:03.500949
4638,587,5829.83,2025-11-17 09:48:47.197268
13683,47,1726.98,2025-08-31 21:09:58.479840
9992,963,2291.89,2026-05-21 15:53:25.293653
6166,483,1930.51,2026-05-27 11:40:00.759517
6288,415,3159.05,2026-02-02 10:40:31.184110
8959,240,550.86,2025-09-18 09:58:04.287678
4074,347,135.0,2026-04-29 18:56:37.583624
11803,396,5666.56,2025-10-10 10:42:03.662978
